48d561	shared_handler_48d561	1	AIDebug.initialize_external; AIDebugMarker.start; AIDebug_orchestrator.initialize_external; AILib.ShowCharacterHeadingAndFacing; AILib.ShowHeadingAndFacing; AchievementPart2Ctrl.command_level_completed; AnimationCtrl.DebugAnimTrans; AnimationCtrl.PreCharacterTransferToAnimationControl; AnimationCtrl.PreCharacterTransferToRagdollControl; AnimationCtrl.command_absolute_animation_looped; AnimationCtrl.command_animation_event_received; AnimationCtrl.command_character_transfer_to_ragdoll_control_callback (+465 more)
596db6	AIDebugMarker__FilterExposedProperties	1	AIDebugMarker.FilterExposedProperties
596dea	AIDebugMarker__StateActive	1	AIDebugMarker.StateActive
596ee8	AIDebug_orchestrator_instance__FilterExposedProperties	1	AIDebug_orchestrator_instance.FilterExposedProperties
596f1c	shared__WriteToLog	1	AIDebug_orchestrator.WriteToLog; AIDebug_orchestrator_instance.WriteToLog
59703a	AIDebug_orchestrator_instance__SetAmbient	0	AIDebug_orchestrator_instance.SetAmbient
597097	AIDebug__command_game_event	0	AIDebug.command_game_event
5970c9	AIDebug__WriteToLog	1	AIDebug.WriteToLog
5971e4	shared__command_get_time_between_attacks	1	AiDef.command_get_time_between_attacks; EnemyDef.command_get_time_between_attacks; PartnerDef.command_get_time_between_attacks; UnderbossDef.command_get_time_between_attacks
597214	shared__command_get_idle_speed	0	AiDef.command_get_idle_speed; EnemyDef.command_get_idle_speed; PartnerDef.command_get_idle_speed; UnderbossDef.command_get_idle_speed
59722c	shared__command_get_walk_speed	0	AiDef.command_get_walk_speed; EnemyDef.command_get_walk_speed; PartnerDef.command_get_walk_speed; UnderbossDef.command_get_walk_speed
597244	shared__command_get_full_speed	0	AiDef.command_get_full_speed; EnemyDef.command_get_full_speed; PartnerDef.command_get_full_speed; UnderbossDef.command_get_full_speed
59725b	shared__command_get_max_melee_distance	0	AiDef.command_get_max_melee_distance; EnemyDef.command_get_max_melee_distance; PartnerDef.command_get_max_melee_distance; UnderbossDef.command_get_max_melee_distance
597273	shared__command_get_damage_modifier	1	AiDef.command_get_damage_modifier; PartnerDef.command_get_damage_modifier
5972ad	AiDef__initialize_local	0	AiDef.initialize_local
5972c2	shared__GetHealthProperties	1	AiDef.GetHealthProperties; EnemyDef.GetHealthProperties; PartnerDef.GetHealthProperties; UnderbossDef.GetHealthProperties
597474	shared__JustifyTimeBetweenAtt	1	AiDef.JustifyTimeBetweenAtt; EnemyDef.JustifyTimeBetweenAtt; PartnerDef.JustifyTimeBetweenAtt; UnderbossDef.JustifyTimeBetweenAtt
5974a3	AILib__CharacterRootToAiType	0	AILib.CharacterRootToAiType
5974f0	AILib__CreateRootBehavior	1	AILib.CreateRootBehavior
59757f	AILib__GetIndentation	1	AILib.GetIndentation
5975ed	AILib__TruthToStr	1	AILib.TruthToStr
597620	AILib__SymmetricHalfBell	1	AILib.SymmetricHalfBell
597696	AILib__DeriveBaseAgentBaseType	1	AILib.DeriveBaseAgentBaseType
59777e	AILib__StopMove	1	AILib.StopMove
5977b2	AILib__UnRegisterAiDef	1	AILib.UnRegisterAiDef
597804	AiSheetChanger__StateActive	1	AiSheetChanger.StateActive
597865	AiSheetChanger__deinitalize	1	AiSheetChanger.deinitalize
59788a	AmbienceGroup__StateActive	1	AmbienceGroup.StateActive
5978da	shared__SetPairedBlendWeight	1	AnimationBlend.SetPairedBlendWeight; AnimationBlendWM.SetPairedBlendWeight
5979ff	AnimationClassWM__nequal	1	AnimationClassWM.nequal
597a45	shared__None	1	AnimationClass.None; AnimationClassWM.None
597a9c	shared__TestTransitionIntegrity	1	AnimationClass.TestTransitionIntegrity; AnimationClassWM.TestTransitionIntegrity
597c0d	AchievementCtrl__StateActive	1	AchievementCtrl.StateActive
597d80	AchievementPart2Ctrl___root	1	AchievementPart2Ctrl._root
597ded	AchievementPart2Ctrl__StateActive	1	AchievementPart2Ctrl.StateActive
597f60	AchievementPart2Ctrl__clearThrowees	1	AchievementPart2Ctrl.clearThrowees
59807d	shared__GetEngineID	0	AchievementCtrl.GetEngineID; AchievementPart2Ctrl.GetEngineID
5980c2	AIDebug_orchestrator_instance__initialize_external	1	AIDebug_orchestrator_instance.initialize_external
598105	shared__command_set_type	1	AiDef.command_set_type; EnemyDef.command_set_type; PartnerDef.command_set_type; UnderbossDef.command_set_type
598171	shared__JustifyRunSpeeds	1	AiDef.JustifyRunSpeeds; EnemyDef.JustifyRunSpeeds; PartnerDef.JustifyRunSpeeds; UnderbossDef.JustifyRunSpeeds
5983e7	AILib__GetDef	0	AILib.GetDef
598414	AILib__FlatDist	1	AILib.FlatDist
5984a9	AILib__IsReachablePosition	0	AILib.IsReachablePosition
598856	AILib__StopForcedState	0	AILib.StopForcedState
598886	AILib__ShouldAcquireNewTarget	0	AILib.ShouldAcquireNewTarget
5988c5	AILib__RegisterAiDef	1	AILib.RegisterAiDef
598969	AIWorld___root	0	AIWorld._root
598a5a	AmbienceGroup__initialize_local	0	AmbienceGroup.initialize_local
598a69	shared___root	0	AnimationBlend._root; AnimationBlendWM._root
598b21	shared__AddToClosestState	1	AnimationBlend.AddToClosestState; AnimationBlendWM.AddToClosestState
598b8e	AnimationBranchTransitionWM__FindClosestRelevantParent	1	AnimationBranchTransitionWM.FindClosestRelevantParent
598bfb	AnimationClassWM__vequal	1	AnimationClassWM.vequal
598cae	shared__ListDisabledStates	1	AnimationClass.ListDisabledStates; AnimationClassWM.ListDisabledStates
598d27	AchievementCtrl__command_get_achievement_timer	0	AchievementCtrl.command_get_achievement_timer
598d39	AchievementCtrl__command_set_achievement_earned	1	AchievementCtrl.command_set_achievement_earned
598f3d	AchievementCtrl__command_is_achievement_earned	1	AchievementCtrl.command_is_achievement_earned
59904a	shared__command_show_achievement_ui	1	AchievementCtrl.command_show_achievement_ui; AchievementPart2Ctrl.command_show_achievement_ui
5990f0	shared_handler_5990f0	0	AchievementCtrl.command_signed_in_player_received_damage; AttackEnemy.command_break_off_attack; GameStateCtrl.command_reset_checkpoints
5990fd	AchievementCtrl__command_enemy_killed_by_signed_in_player	1	AchievementCtrl.command_enemy_killed_by_signed_in_player
599206	AchievementCtrl__command_finishing_move_by_signed_in_player	1	AchievementCtrl.command_finishing_move_by_signed_in_player
599241	AchievementCtrl__command_counter_attack_by_signed_in_player	1	AchievementCtrl.command_counter_attack_by_signed_in_player
59927c	AchievementCtrl__command_dodge_or_block_by_signed_in_player	1	AchievementCtrl.command_dodge_or_block_by_signed_in_player
5992b7	AchievementCtrl__command_signed_in_player_has_knocked_over_an_enemy_by_throwing	1	AchievementCtrl.command_signed_in_player_has_knocked_over_an_enemy_by_throwing
5992f2	AchievementCtrl__command_game_completed	1	AchievementCtrl.command_game_completed
5993cf	AchievementCtrl__command_level_completed	1	AchievementCtrl.command_level_completed
599433	AchievementCtrl__command_game_event	1	AchievementCtrl.command_game_event
599560	AchievementCtrl__command_ability_unlocked	1	AchievementCtrl.command_ability_unlocked
59971a	AchievementCtrl__initialize_local	1	AchievementCtrl.initialize_local
599a5a	AchievementCtrl__initialize_external	1	AchievementCtrl.initialize_external
599b4a	AchievementCtrl__deinitialize	1	AchievementCtrl.deinitialize
599c05	AchievementCtrl__commmand_debug_unlock	1	AchievementCtrl.commmand_debug_unlock
599c28	AchievementPart2Ctrl__command_get_achievement_timer	0	AchievementPart2Ctrl.command_get_achievement_timer
599c3a	AchievementPart2Ctrl__command_set_achievement_earned	1	AchievementPart2Ctrl.command_set_achievement_earned
599e50	AchievementPart2Ctrl__command_is_achievement_earned	1	AchievementPart2Ctrl.command_is_achievement_earned
599f5d	AchievementPart2Ctrl__command_player_received_damage	0	AchievementPart2Ctrl.command_player_received_damage
599fd3	AchievementPart2Ctrl__command_enemy_killed_by_signed_in_player	1	AchievementPart2Ctrl.command_enemy_killed_by_signed_in_player
59a211	AchievementPart2Ctrl__command_counter_attack_by_signed_in_player	1	AchievementPart2Ctrl.command_counter_attack_by_signed_in_player
59a23d	AchievementPart2Ctrl__command_damage_by_signed_in_player	1	AchievementPart2Ctrl.command_damage_by_signed_in_player
59a2fb	AchievementPart2Ctrl__command_enemies_electrified	1	AchievementPart2Ctrl.command_enemies_electrified
59a480	AchievementPart2Ctrl__command_rage_started	0	AchievementPart2Ctrl.command_rage_started
59a49e	AchievementPart2Ctrl__command_rage_ended	1	AchievementPart2Ctrl.command_rage_ended
59a4e3	AchievementPart2Ctrl__command_combo_by_signed_in_player	1	AchievementPart2Ctrl.command_combo_by_signed_in_player
59a795	AchievementPart2Ctrl__command_combo_string_ended	1	AchievementPart2Ctrl.command_combo_string_ended
59a7c0	AchievementPart2Ctrl__command_game_completed	1	AchievementPart2Ctrl.command_game_completed
59a883	AchievementPart2Ctrl__command_enemy_thrown	1	AchievementPart2Ctrl.command_enemy_thrown
59a942	AchievementPart2Ctrl__command_stomp_by_signed_in_player	0	AchievementPart2Ctrl.command_stomp_by_signed_in_player
59a957	AchievementPart2Ctrl__command_game_event	1	AchievementPart2Ctrl.command_game_event
59a9ff	AchievementPart2Ctrl__initialize_local	1	AchievementPart2Ctrl.initialize_local
59ae08	AchievementPart2Ctrl__initialize_external	1	AchievementPart2Ctrl.initialize_external
59ae96	AchievementPart2Ctrl__deinitialize	1	AchievementPart2Ctrl.deinitialize
59aef6	AchievementPart2Ctrl__commmand_debug_unlock	1	AchievementPart2Ctrl.commmand_debug_unlock
59af19	AIDebug_orchestrator_instance__initialize_local	1	AIDebug_orchestrator_instance.initialize_local
59b114	AIDebug_orchestrator_instance__UpdateState	1	AIDebug_orchestrator_instance.UpdateState
59bb24	AIDebug__StateActive	1	AIDebug.StateActive
59bf7c	AiDef__FilterExposedProperties	1	AiDef.FilterExposedProperties
59bff1	AILib__BellFactor	1	AILib.BellFactor
59c080	AILib__SetGoodDodgeDir	1	AILib.SetGoodDodgeDir
59c402	AILib__MayAttack	1	AILib.MayAttack
59c57f	AILib__LocateNewBreadCrumbPosition	1	AILib.LocateNewBreadCrumbPosition
59c652	AILib__DoBreadCrumbNavigation	1	AILib.DoBreadCrumbNavigation
59c77b	AILib__IsPosBehind	1	AILib.IsPosBehind
59ca06	AILib__CheckForcedState	1	AILib.CheckForcedState
59ce06	AILib__AttackPathClear	0	AILib.AttackPathClear
59d172	AILib__PathClear	1	AILib.PathClear
59d1ad	AILib__FindClosestTargetWithTacticalOptions	0	AILib.FindClosestTargetWithTacticalOptions
59d593	shared_handler_59d593	1	AILib.RecursivePushBackWithScript; AILib.RecursivePushBackWithScriptNoWarning
59d5db	AILib__PrivateRecursivePushBackWithScript	1	AILib.PrivateRecursivePushBackWithScript
59d6ba	shared_handler_59d6ba	1	AILib.RecursivePushBackOfType; AILib.RecursivePushBackOfTypeNoWarning
59d702	AILib__PrivateRecursivePushBackOfType	1	AILib.PrivateRecursivePushBackOfType
59d7e1	AiSheetChanger__initialize_local	1	AiSheetChanger.initialize_local
59d825	AiSheetChanger__initialize_external	0	AiSheetChanger.initialize_external
59d994	AIWorld__command_is_trace_line_between_characters_crossing_ai_mesh	1	AIWorld.command_is_trace_line_between_characters_crossing_ai_mesh
59db68	AIWorld__command_is_trace_line_between_characters_crossing_ai_mesh_using_breadcrumb	1	AIWorld.command_is_trace_line_between_characters_crossing_ai_mesh_using_breadcrumb
59dc31	AIWorld__command_check_setup	0	AIWorld.command_check_setup
59dc6a	AIWorld__command_check_static_path_nodes	1	AIWorld.command_check_static_path_nodes
59df36	AIWorld__command_check_static_path_registration	1	AIWorld.command_check_static_path_registration
59e030	AIWorld__command_register_static_path	1	AIWorld.command_register_static_path
59e1a7	AIWorld__StartPathGeneration	1	AIWorld.StartPathGeneration
59e3f9	AIWorld__EndPathGeneration	0	AIWorld.EndPathGeneration
59e4b2	AIWorld__initialize_local	0	AIWorld.initialize_local
59e4da	AIWorld__deinitialize	0	AIWorld.deinitialize
59e5d3	shared__initialize_local	1	AnimationBlend.initialize_local; AnimationBlendWM.initialize_local
59e5f9	shared__command_add_event	1	AnimationBlend.command_add_event; AnimationBlendWM.command_add_event
59e64e	shared__command_add_animslot	1	AnimationBlend.command_add_animslot; AnimationBlendWM.command_add_animslot
59e6a3	shared__command_get_blend_parameters	1	AnimationBlend.command_get_blend_parameters; AnimationBlendWM.command_get_blend_parameters
59e905	shared__command_evaluate_blends	1	AnimationBlend.command_evaluate_blends; AnimationBlendWM.command_evaluate_blends
59ee13	shared__FilterExposedProperties	1	AnimationBlend.FilterExposedProperties; AnimationBlendWM.FilterExposedProperties
59f8b0	shared__None	1	AnimationBlend.None; AnimationBlendWM.None
59f9d3	AnimationBranchTransitionWM__initialize_local	1	AnimationBranchTransitionWM.initialize_local
59fa00	AnimationClassWM__command_get_reference_character	1	AnimationClassWM.command_get_reference_character
59fb02	AnimationClassWM__command_get_reference_chardef	1	AnimationClassWM.command_get_reference_chardef
59fb3b	AnimationClassWM__initialize_local	1	AnimationClassWM.initialize_local
59fbd5	AnimationClassWM__command_add_Marked_state_group	1	AnimationClassWM.command_add_Marked_state_group
59fc5c	AnimationClassWM__button_auto_foot_steps	1	AnimationClassWM.button_auto_foot_steps
59fcc1	AnimationClassWM__StopModeUpdate	1	AnimationClassWM.StopModeUpdate
59fde8	AnimationClassWM__command_1m_debug	1	AnimationClassWM.command_1m_debug
59fe12	AnimationClassWM__FindCharacterDef	1	AnimationClassWM.FindCharacterDef
59feb2	AnimationClassWM__FindCharacterDefFromAnimationClass	1	AnimationClassWM.FindCharacterDefFromAnimationClass
59ffa9	AnimationClassWM__FindLevelSceneCtrl	1	AnimationClassWM.FindLevelSceneCtrl
5a0036	AnimationClassWM__FindAutoFootStepStates	1	AnimationClassWM.FindAutoFootStepStates
5a00d4	AnimationClassWM__Debug1mAnimation	1	AnimationClassWM.Debug1mAnimation
5a0349	AnimationClass__initialize_local	1	AnimationClass.initialize_local
5a036f	shared__deinitialize	1	AnimationClass.deinitialize; AnimationClassWM.deinitialize
5a03a8	shared__command_add_state	1	AnimationClass.command_add_state; AnimationClassWM.command_add_state
5a0504	shared__command_get_state_entity	0	AnimationClass.command_get_state_entity; AnimationClassWM.command_get_state_entity
5a054a	shared__button_trantision_integrity	1	AnimationClass.button_trantision_integrity; AnimationClassWM.button_trantision_integrity
5a057d	shared__button_disabled_test	1	AnimationClass.button_disabled_test; AnimationClassWM.button_disabled_test
5a05ad	shared__command_test_trantision_integrity	1	AnimationClass.command_test_trantision_integrity; AnimationClassWM.command_test_trantision_integrity
5a05e4	shared__command_list_disabled_states	1	AnimationClass.command_list_disabled_states; AnimationClassWM.command_list_disabled_states
5a0618	shared__FilterExposedProperties	1	AnimationClass.FilterExposedProperties; AnimationClassWM.FilterExposedProperties
5a06fa	shared__TestIntegrityRecursive	1	AnimationClass.TestIntegrityRecursive; AnimationClassWM.TestIntegrityRecursive
5a07e7	shared__ListDisabledStatesRecursive	1	AnimationClass.ListDisabledStatesRecursive; AnimationClassWM.ListDisabledStatesRecursive
5a0998	AILib__IsAFacingB	1	AILib.IsAFacingB
5a0bad	AIDebug_orchestrator__UpdateState	1	AIDebug_orchestrator.UpdateState
5aa13e	shared__FormatInterval	1	AnimationCriteria.FormatInterval; AnimationCriteriaWM.FormatInterval
5aa33d	AnimationCtrlWM__AllowOverlayTransitions	1	AnimationCtrlWM.AllowOverlayTransitions
5aa394	shared__ATan2	1	AnimationCtrlWM.ATan2; CharacterVisual.ATan2
5aa48e	shared__GetNameFromCharacter	1	AnimationCtrl.GetNameFromCharacter; AnimationCtrlWM.GetNameFromCharacter
5aa4c0	shared__ClearOneFrameEvents	1	AnimationCtrl.ClearOneFrameEvents; AnimationCtrlWM.ClearOneFrameEvents
5aa514	AnimationDataWM__GetAnimationValueDisplayMin	0	AnimationDataWM.GetAnimationValueDisplayMin
5aa54e	AnimationDataWM__GetAnimationValueDisplayMax	0	AnimationDataWM.GetAnimationValueDisplayMax
5aa588	AnimationDataWM__GetAnimationValueInternalMin	0	AnimationDataWM.GetAnimationValueInternalMin
5aa5c2	AnimationDataWM__GetAnimationValueInternalMax	0	AnimationDataWM.GetAnimationValueInternalMax
5aa5fc	shared__None	1	AnimationDataWM.None; anon_0x5e23cb.None
5aa630	shared_handler_5aa630	0	anon_0x5e23cb.GetAnimationValueDisplayMin; anon_0x5e23cb.GetAnimationValueInternalMin
5aa639	shared_handler_5aa639	1	AnimationLib.AnimationEnginePropertyExposed; GameEventLib.EnginePropertyExposed; ProjectLib.EnginePropertyExposed
5aa701	AnimationLib__SetAnimationValue	1	AnimationLib.SetAnimationValue
5aa743	AnimationLib__SetAnimationForceAnim	1	AnimationLib.SetAnimationForceAnim
5aa791	AnimationLib__SetAnimationForceAnimState	1	AnimationLib.SetAnimationForceAnimState
5aa7b4	AnimationLib__SetAnimationEnum	1	AnimationLib.SetAnimationEnum
5aa7f7	AnimationLib__IsAnimationActionPending	1	AnimationLib.IsAnimationActionPending
5aa83f	AnimationLib__FireAnimationAction	1	AnimationLib.FireAnimationAction
5aa86b	AnimationLib__UnfireAnimationAction	1	AnimationLib.UnfireAnimationAction
5aa90b	AnimationLog__GetAnimName	1	AnimationLog.GetAnimName
5aab31	shared__ConvertScriptName	1	AnimationPanelWM.ConvertScriptName; AnimationStopmodeWM.ConvertScriptName
5aac15	AnimationPanelWM__StripAnimName	1	AnimationPanelWM.StripAnimName
5aace4	AnimationPanel__TestAnimSlotScript	1	AnimationPanel.TestAnimSlotScript
5aad2d	AnimationPanel__ConvertScriptName	1	AnimationPanel.ConvertScriptName
5aaeb1	shared___root	0	AnimationCriteria._root; AnimationCriteriaWM._root
5aaf49	shared__FindClosestRelevantParent	1	AnimationCriteria.FindClosestRelevantParent; AnimationCriteriaWM.FindClosestRelevantParent
5ab055	AnimationCtrlWM___root	1	AnimationCtrlWM._root
5ab23f	AnimationCtrlWM__IsImportantActionPending	1	AnimationCtrlWM.IsImportantActionPending
5ab2ac	AnimationCtrlWM__IsShownOrClose	1	AnimationCtrlWM.IsShownOrClose
5ab837	AnimationCtrlWM__GetGameSpecificSpeedFactor	1	AnimationCtrlWM.GetGameSpecificSpeedFactor
5ab917	AnimationCtrlWM__TimeStamp	1	AnimationCtrlWM.TimeStamp
5abb04	AnimationCtrl___root	0	AnimationCtrl._root
5abbf5	AnimationCtrl__TimeStamp	1	AnimationCtrl.TimeStamp
5abdfa	shared__GetAnimationStateEntity	0	AnimationCtrl.GetAnimationStateEntity; AnimationCtrlWM.GetAnimationStateEntity
5abe69	shared__CopyTmpListToControlActionList	1	AnimationCtrl.CopyTmpListToControlActionList; AnimationCtrlWM.CopyTmpListToControlActionList
5abf81	shared__ClearAnimationPosEvents	0	AnimationCtrl.ClearAnimationPosEvents; AnimationCtrlWM.ClearAnimationPosEvents
5abfb8	shared__CalculateVelocity	1	AnimationCtrl.CalculateVelocity; AnimationCtrlWM.CalculateVelocity
5ac1aa	shared__TransitionPlayPos	1	AnimationCtrl.TransitionPlayPos; AnimationCtrlWM.TransitionPlayPos
5ac387	shared__SynchronizePages	1	AnimationCtrl.SynchronizePages; AnimationCtrlWM.SynchronizePages
5ac4ef	shared__SendAnimationEvent	1	AnimationCtrl.SendAnimationEvent; AnimationCtrlWM.SendAnimationEvent
5ac5f7	shared__SendAbsoluteAnimationLooped	1	AnimationCtrl.SendAbsoluteAnimationLooped; AnimationCtrlWM.SendAbsoluteAnimationLooped
5ac683	shared__SendEndAnimationState	1	AnimationCtrl.SendEndAnimationState; AnimationCtrlWM.SendEndAnimationState
5ac70f	shared__SendStartAnimationState	1	AnimationCtrl.SendStartAnimationState; AnimationCtrlWM.SendStartAnimationState
5ac79b	shared__SendGotoPhysAbsoluteMode	1	AnimationCtrl.SendGotoPhysAbsoluteMode; AnimationCtrlWM.SendGotoPhysAbsoluteMode
5ac82e	shared__SendGotoPhysNormalMode	0	AnimationCtrl.SendGotoPhysNormalMode; AnimationCtrlWM.SendGotoPhysNormalMode
5ac8a6	shared__DeleteOneOldPage	1	AnimationCtrl.DeleteOneOldPage; AnimationCtrlWM.DeleteOneOldPage
5acbd8	shared__FindAnimSlots	1	AnimationCtrl.FindAnimSlots; AnimationCtrlWM.FindAnimSlots
5acd3c	shared__MuscleOrientationAnim	0	AnimationCtrl.MuscleOrientationAnim; AnimationCtrlWM.MuscleOrientationAnim
5ad022	AnimationCtrl__CharacterTransferToRagdollControl	1	AnimationCtrl.CharacterTransferToRagdollControl
5ad0e8	AnimationCtrl__CharacterTransferToAnimationControl	0	AnimationCtrl.CharacterTransferToAnimationControl
5ad192	shared__AnnotateSkeleton	1	AnimationCtrl.AnnotateSkeleton; AnimationCtrlWM.AnnotateSkeleton
5ad2e6	shared__LoadEnum	1	AnimationDataWM.LoadEnum; anon_0x5e23cb.LoadEnum
5ad38f	shared__LoadValue	1	AnimationDataWM.LoadValue; anon_0x5e23cb.LoadValue
5ad43c	shared__UpdateControls	1	AnimationDataWM.UpdateControls; anon_0x5e23cb.UpdateControls
5adefc	shared__HasChanged	1	AnimationDataWM.HasChanged; anon_0x5e23cb.HasChanged
5ae008	shared__CheckValue	1	AnimationDataWM.CheckValue; anon_0x5e23cb.CheckValue
5ae07b	shared__CheckEnum	1	AnimationDataWM.CheckEnum; anon_0x5e23cb.CheckEnum
5ae0ee	AnimationEvent__FindClosestRelevantParent	1	AnimationEvent.FindClosestRelevantParent
5ae137	AnimationLib__FindAncestor	1	AnimationLib.FindAncestor
5ae18f	AnimationLib__GetAnimationValue	1	AnimationLib.GetAnimationValue
5ae1c5	AnimationLib__GetHeldAnimationValue	1	AnimationLib.GetHeldAnimationValue
5ae25d	AnimationLib__GetAnimationEnum	1	AnimationLib.GetAnimationEnum
5ae294	AnimationLib__GetAnimationPlayPos	1	AnimationLib.GetAnimationPlayPos
5ae2e1	AnimationLib__SetAnimationPlayPos	1	AnimationLib.SetAnimationPlayPos
5ae32a	AnimationLog___root	0	AnimationLog._root
5ae3d0	AnimationPanelWM___root	1	AnimationPanelWM._root
5ae51f	shared__TestAnimSlotScript	1	AnimationPanelWM.TestAnimSlotScript; AnimationStopmodeWM.TestAnimSlotScript
5ae651	AnimationPanelWM__DeleteMicroPage	0	AnimationPanelWM.DeleteMicroPage
5ae677	AnimationPanelWM__FireEvent	1	AnimationPanelWM.FireEvent
5ae900	AnimationPanelWM__DeletePreviewCharacter	0	AnimationPanelWM.DeletePreviewCharacter
5ae936	AnimationPanel___root	0	AnimationPanel._root
5aea74	shared__command_add_criteria	1	AnimationCriteria.command_add_criteria; AnimationCriteriaWM.command_add_criteria
5aead6	shared__FilterExposedProperties	1	AnimationCriteria.FilterExposedProperties; AnimationCriteriaWM.FilterExposedProperties
5af5ec	shared__None	1	AnimationCriteria.None; AnimationCriteriaWM.None
5af630	AnimationCtrlWM__command_collision_callback	1	AnimationCtrlWM.command_collision_callback
5af6d9	AnimationCtrlWM__command_goto_slave_mode_state	1	AnimationCtrlWM.command_goto_slave_mode_state
5af72e	AnimationCtrlWM__command_is_shown_or_close	1	AnimationCtrlWM.command_is_shown_or_close
5af75c	AnimationCtrlWM__command_character_transfer_to_ragdoll_control_callback	1	AnimationCtrlWM.command_character_transfer_to_ragdoll_control_callback
5af7df	AnimationCtrlWM__command_character_transfer_to_animation_control_callback	1	AnimationCtrlWM.command_character_transfer_to_animation_control_callback
5af862	AnimationCtrlWM__command_is_in_slave_mode	0	AnimationCtrlWM.command_is_in_slave_mode
5af879	AnimationCtrlWM__command_get_slave_pos_offset	1	AnimationCtrlWM.command_get_slave_pos_offset
5afa6e	AnimationCtrlWM__command_get_delta_movement_at_time	1	AnimationCtrlWM.command_get_delta_movement_at_time
5afc74	AnimationCtrlWM__command_get_delta_movement_at_delta_time	1	AnimationCtrlWM.command_get_delta_movement_at_delta_time
5afeba	AnimationCtrlWM__command_get_delta_rotation_at_playpos	0	AnimationCtrlWM.command_get_delta_rotation_at_playpos
5b0698	AnimationCtrlWM__command_get_slave_pos_at_time	1	AnimationCtrlWM.command_get_slave_pos_at_time
5b082a	AnimationCtrlWM__command_get_interact_initial_pos	1	AnimationCtrlWM.command_get_interact_initial_pos
5b08ef	AnimationCtrlWM__command_get_interact_pos	1	AnimationCtrlWM.command_get_interact_pos
5b09f8	AnimationCtrlWM__command_get_interact_orient	1	AnimationCtrlWM.command_get_interact_orient
5b0b02	AnimationCtrlWM__command_get_interact_initial_orient	1	AnimationCtrlWM.command_get_interact_initial_orient
5b0bc8	AnimationCtrlWM__command_get_main_state_main_blendsource	0	AnimationCtrlWM.command_get_main_state_main_blendsource
5b0c20	AnimationCtrlWM__command_get_main_state_timeplayed	0	AnimationCtrlWM.command_get_main_state_timeplayed
5b0c65	AnimationCtrlWM__command_get_main_state_playpos	0	AnimationCtrlWM.command_get_main_state_playpos
5b0caa	AnimationCtrlWM__command_get_main_blendsource_time	1	AnimationCtrlWM.command_get_main_blendsource_time
5b0ddf	shared_handler_5b0ddf	0	AnimationCtrl.command_get_absolute_orient; AnimationCtrlWM.command_get_absolute_orient; AnimationCtrlWM.command_get_slave_alignment
5b0df3	AnimationCtrlWM__command_get_character_root	1	AnimationCtrlWM.command_get_character_root
5b0e17	shared_handler_5b0e17	0	AnimationCtrlWM.command_get_character_node; TriggerCharacter.commmand_get_interact_pivot
5b0e29	AnimationCtrlWM__command_is_velocity_defined	0	AnimationCtrlWM.command_is_velocity_defined
5b0f07	AnimationCtrlWM__command_get_ragdoll_bone_from_enum	1	AnimationCtrlWM.command_get_ragdoll_bone_from_enum
5b0f34	AnimationCtrlWM__command_clear_all_events_and_actions	1	AnimationCtrlWM.command_clear_all_events_and_actions
5b0f88	AnimationCtrlWM__command_get_list_of_top_level_anims	1	AnimationCtrlWM.command_get_list_of_top_level_anims
5b1181	AnimationCtrlWM__command_terminate	1	AnimationCtrlWM.command_terminate
5b16c6	AnimationCtrlWM__PreCharacterTransferToRagdollControl	0	AnimationCtrlWM.PreCharacterTransferToRagdollControl
5b16ed	AnimationCtrlWM__CharacterTransferToRagdollControl	0	AnimationCtrlWM.CharacterTransferToRagdollControl
5b2619	AnimationCtrlWM__PreCharacterTransferToAnimationControl	1	AnimationCtrlWM.PreCharacterTransferToAnimationControl
5b26a1	AnimationCtrlWM__CharacterTransferToAnimationControl	1	AnimationCtrlWM.CharacterTransferToAnimationControl
5b2729	AnimationCtrlWM__PostUpdate	0	AnimationCtrlWM.PostUpdate
5b2750	AnimationCtrlWM__InitLocal	1	AnimationCtrlWM.InitLocal
5b2871	AnimationCtrlWM__InitExternal	1	AnimationCtrlWM.InitExternal
5b290c	shared__initialize_local	0	AnimationCtrl.initialize_local; AnimationCtrlWM.initialize_local
5b2930	shared__initialize_external	1	AnimationCtrl.initialize_external; AnimationCtrlWM.initialize_external
5b2b01	shared__command_add_animation_message_listener	1	AnimationCtrl.command_add_animation_message_listener; AnimationCtrlWM.command_add_animation_message_listener
5b2b5c	shared__command_remove_animation_message_listener	1	AnimationCtrl.command_remove_animation_message_listener; AnimationCtrlWM.command_remove_animation_message_listener
5b2bce	shared__command_fire_action	1	AnimationCtrl.command_fire_action; AnimationCtrlWM.command_fire_action
5b2c5b	shared__command_unfire_action	1	AnimationCtrl.command_unfire_action; AnimationCtrlWM.command_unfire_action
5b2cd3	shared__command_is_absolute	0	AnimationCtrl.command_is_absolute; AnimationCtrlWM.command_is_absolute
5b2d5c	AnimationCtrl__command_is_velocity_defined	0	AnimationCtrl.command_is_velocity_defined
5b2de5	shared__command_is_angular_velocity_defined	0	AnimationCtrl.command_is_angular_velocity_defined; AnimationCtrlWM.command_is_angular_velocity_defined
5b2e6e	shared__command_get_animation_state_id	0	AnimationCtrl.command_get_animation_state_id; AnimationCtrlWM.command_get_animation_state_id
5b2ee3	shared__command_get_animation_state_entity	1	AnimationCtrl.command_get_animation_state_entity; AnimationCtrlWM.command_get_animation_state_entity
5b2f11	shared__command_get_override_animation_state_entity	0	AnimationCtrl.command_get_override_animation_state_entity; AnimationCtrlWM.command_get_override_animation_state_entity
5b2f90	shared__command_get_override_state_id	0	AnimationCtrl.command_get_override_state_id; AnimationCtrlWM.command_get_override_state_id
5b3015	shared__command_get_velocity	1	AnimationCtrl.command_get_velocity; AnimationCtrlWM.command_get_velocity
5b3079	shared__command_get_angular_velocity	1	AnimationCtrl.command_get_angular_velocity; AnimationCtrlWM.command_get_angular_velocity
5b30b9	shared__command_get_ragdoll_bone	1	AnimationCtrl.command_get_ragdoll_bone; AnimationCtrlWM.command_get_ragdoll_bone
5b3130	shared__command_force_overlay_anim_if_none_playing	1	AnimationCtrl.command_force_overlay_anim_if_none_playing; AnimationCtrlWM.command_force_overlay_anim_if_none_playing
5b31ef	shared__command_force_anim_always	1	AnimationCtrl.command_force_anim_always; AnimationCtrlWM.command_force_anim_always
5b3259	shared__command_force_animstate_always	1	AnimationCtrl.command_force_animstate_always; AnimationCtrlWM.command_force_animstate_always
5b32a2	shared__command_goto_slave_mode	1	AnimationCtrl.command_goto_slave_mode; AnimationCtrlWM.command_goto_slave_mode
5b3310	shared__command_leave_slave_mode	0	AnimationCtrl.command_leave_slave_mode; AnimationCtrlWM.command_leave_slave_mode
5b331d	shared__command_goto_state	1	AnimationCtrl.command_goto_state; AnimationCtrlWM.command_goto_state
5b33d4	shared__command_model_changed	1	AnimationCtrl.command_model_changed; AnimationCtrlWM.command_model_changed
5b3c9a	shared__command_get_main_state_weight	0	AnimationCtrl.command_get_main_state_weight; AnimationCtrlWM.command_get_main_state_weight
5b3cf0	AnimationCtrl__command_character_transfer_to_animation_control_callback	1	AnimationCtrl.command_character_transfer_to_animation_control_callback
5b3d18	shared__command_behavior_delay_time_callback	0	AnimationCtrl.command_behavior_delay_time_callback; AnimationCtrlWM.command_behavior_delay_time_callback
5b3d3c	shared__button_set_as_visualization	1	AnimationCtrl.button_set_as_visualization; AnimationCtrlWM.button_set_as_visualization
5b3d69	shared__FilterExposedProperties	1	AnimationCtrl.FilterExposedProperties; AnimationCtrlWM.FilterExposedProperties
5b3e4b	shared__fill_in_animation_lists	1	AnimationCtrl.fill_in_animation_lists; AnimationCtrlWM.fill_in_animation_lists
5b3fce	shared__command_fill_in_override_animation_list	1	AnimationCtrl.command_fill_in_override_animation_list; AnimationCtrlWM.command_fill_in_override_animation_list
5b417b	shared__StateMain	1	AnimationCtrl.StateMain; AnimationCtrlWM.StateMain
5b4613	shared__Update	1	AnimationCtrl.Update; AnimationCtrlWM.Update
5b4933	shared__ForceToState	1	AnimationCtrl.ForceToState; AnimationCtrlWM.ForceToState
5b4a31	shared__TransitToState	1	AnimationCtrl.TransitToState; AnimationCtrlWM.TransitToState
5b4bd6	shared__UpdatePageBlendsFaster	1	AnimationCtrl.UpdatePageBlendsFaster; AnimationCtrlWM.UpdatePageBlendsFaster
5b4ef7	shared__SetAllSlotBlends	1	AnimationCtrl.SetAllSlotBlends; AnimationCtrlWM.SetAllSlotBlends
5b51f3	shared__CheckPlayPosEvents	1	AnimationCtrl.CheckPlayPosEvents; AnimationCtrlWM.CheckPlayPosEvents
5b56a9	shared__UpdatePagePlayPos	0	AnimationCtrl.UpdatePagePlayPos; AnimationCtrlWM.UpdatePagePlayPos
5b7788	shared__SetupNewPage	0	AnimationCtrl.SetupNewPage; AnimationCtrlWM.SetupNewPage
5b9c8f	shared__CharacterRagdollAnimTransferControl	1	AnimationCtrl.CharacterRagdollAnimTransferControl; AnimationCtrlWM.CharacterRagdollAnimTransferControl
5b9e4c	shared__DeleteOldPages	1	AnimationCtrl.DeleteOldPages; AnimationCtrlWM.DeleteOldPages
5ba03b	shared__MuscleOrientationRagdoll	0	AnimationCtrl.MuscleOrientationRagdoll; AnimationCtrlWM.MuscleOrientationRagdoll
5ba407	AnimationCtrl__InitLocal	1	AnimationCtrl.InitLocal
5ba598	AnimationCtrl__InitExternal	1	AnimationCtrl.InitExternal
5ba662	shared__DebugSkeletonAnim	0	AnimationCtrl.DebugSkeletonAnim; AnimationCtrlWM.DebugSkeletonAnim
5ba89f	AnimationDataWM__command_clear_all_events_and_actions	1	AnimationDataWM.command_clear_all_events_and_actions
5ba8dd	AnimationDataWM__command_terminate	1	AnimationDataWM.command_terminate
5ba95f	shared__button_reset	1	AnimationDataWM.button_reset; anon_0x5e23cb.button_reset
5ba999	shared__initialize_local	1	AnimationDataWM.initialize_local; anon_0x5e23cb.initialize_local
5baa9f	shared__debug_initialize	0	AnimationDataWM.debug_initialize; anon_0x5e23cb.debug_initialize
5baad5	shared__FilterExposedProperties	1	AnimationDataWM.FilterExposedProperties; anon_0x5e23cb.FilterExposedProperties
5bb737	shared__command_debug_update	0	AnimationDataWM.command_debug_update; anon_0x5e23cb.command_debug_update
5bd18a	shared__InitDebugger	1	AnimationDataWM.InitDebugger; anon_0x5e23cb.InitDebugger
5bdc5d	shared__CheckValues	1	AnimationDataWM.CheckValues; anon_0x5e23cb.CheckValues
5bde28	shared__CheckEnums	1	AnimationDataWM.CheckEnums; anon_0x5e23cb.CheckEnums
5be005	shared__UpdateSpecificValue	1	AnimationDataWM.UpdateSpecificValue; anon_0x5e23cb.UpdateSpecificValue
5be7fc	shared__UpdateSpecificEnum	1	AnimationDataWM.UpdateSpecificEnum; anon_0x5e23cb.UpdateSpecificEnum
5bf06c	shared__GetUnusedEnumString	1	AnimationDataWM.GetUnusedEnumString; anon_0x5e23cb.GetUnusedEnumString
5bf4e2	shared__GetUnusedValueString	1	AnimationDataWM.GetUnusedValueString; anon_0x5e23cb.GetUnusedValueString
5bf99a	shared__UpdateValue	1	AnimationDataWM.UpdateValue; anon_0x5e23cb.UpdateValue
5c075c	shared__UpdateEnum	1	AnimationDataWM.UpdateEnum; anon_0x5e23cb.UpdateEnum
5c15ea	shared__SetSliderInterval	1	AnimationDataWM.SetSliderInterval; anon_0x5e23cb.SetSliderInterval
5c1689	AnimationEvent__command_play_event_sound	1	AnimationEvent.command_play_event_sound
5c16bf	AnimationEvent__command_play_event_sound_entity	1	AnimationEvent.command_play_event_sound_entity
5c16ef	AnimationEvent__command_play_miss_sound	1	AnimationEvent.command_play_miss_sound
5c1725	AnimationEvent__command_play_event_speak	1	AnimationEvent.command_play_event_speak
5c1755	shared_handler_5c1755	0	AnimationEvent.command_get_camera_event_type; AnimationEvent.command_get_sound_position
5c1767	AnimationEvent__FilterExposedProperties	1	AnimationEvent.FilterExposedProperties
5c4522	AnimationEvent__FilterExposedProperties	1	AnimationEvent.FilterExposedProperties
5c4ae4	AnimationEvent__None	1	AnimationEvent.None
5c4b51	AnimationGamepivotDebug__active	0	AnimationGamepivotDebug.active
5c5781	AnimationLib__AnimationCriteriaMet	1	AnimationLib.AnimationCriteriaMet
5c5ea4	AnimationLib__TransitionMet	1	AnimationLib.TransitionMet
5c6002	AnimationLib__StateGroupCriteriaMet	1	AnimationLib.StateGroupCriteriaMet
5c6140	AnimationLib__GetValidStateGroupTransition	1	AnimationLib.GetValidStateGroupTransition
5c647c	AnimationLib__StateCriteriaMet	1	AnimationLib.StateCriteriaMet
5c653b	AnimationLog__command_log_animation	1	AnimationLog.command_log_animation
5c67af	AnimationLog__initialize_local	0	AnimationLog.initialize_local
5c67e2	AnimationPanelWM__button_create_branch_transition	1	AnimationPanelWM.button_create_branch_transition
5c685a	AnimationPanelWM__FilterExposedProperties	1	AnimationPanelWM.FilterExposedProperties
5c6a02	AnimationPanelWM__NewMicroPage	1	AnimationPanelWM.NewMicroPage
5c6ccf	AnimationPanelWM__AddEvents	1	AnimationPanelWM.AddEvents
5c6e8e	AnimationPanelWM__FindAnimSlot	1	AnimationPanelWM.FindAnimSlot
5c6f1b	AnimationPanelWM__MicroPageStep	1	AnimationPanelWM.MicroPageStep
5c6fa1	AnimationPanelWM__AdvanceMicroPage	1	AnimationPanelWM.AdvanceMicroPage
5c7447	AnimationPanelWM__FireEvents	1	AnimationPanelWM.FireEvents
5c74e8	AnimationPanelWM__UpdateMicroPage	0	AnimationPanelWM.UpdateMicroPage
5c8d8d	shared__stopmode_begin	1	AnimationPanel.stopmode_begin; AnimationPanelWM.stopmode_begin
5c8df3	shared__command_activateme	1	AnimationPanel.command_activateme; AnimationPanelWM.command_activateme
5c8e3f	AnimationPanel__FilterExposedProperties	1	AnimationPanel.FilterExposedProperties
5c8fcf	shared__button_create_class	1	AnimationPanel.button_create_class; AnimationPanelWM.button_create_class
5c9218	shared__button_create_state	1	AnimationPanel.button_create_state; AnimationPanelWM.button_create_state
5c9484	shared__button_create_group	1	AnimationPanel.button_create_group; AnimationPanelWM.button_create_group
5c957e	shared__button_create_blend	1	AnimationPanel.button_create_blend; AnimationPanelWM.button_create_blend
5c96b8	shared__button_create_animslot	1	AnimationPanel.button_create_animslot; AnimationPanelWM.button_create_animslot
5c9766	shared__button_create_transition	1	AnimationPanel.button_create_transition; AnimationPanelWM.button_create_transition
5c98d5	shared__button_create_criteria	1	AnimationPanel.button_create_criteria; AnimationPanelWM.button_create_criteria
5c9abc	shared__button_create_event	1	AnimationPanel.button_create_event; AnimationPanelWM.button_create_event
5c9c2b	shared__button_create_behavior	1	AnimationPanel.button_create_behavior; AnimationPanelWM.button_create_behavior
5c9cd9	shared__button_create_timecurve	1	AnimationPanel.button_create_timecurve; AnimationPanelWM.button_create_timecurve
5c9dd6	shared__button_create_reverse	1	AnimationPanel.button_create_reverse; AnimationPanelWM.button_create_reverse
5c9e84	shared__button_create_animationctrl	1	AnimationPanel.button_create_animationctrl; AnimationPanelWM.button_create_animationctrl
5c9fd2	shared__button_dump_anims	1	AnimationPanel.button_dump_anims; AnimationPanelWM.button_dump_anims
5ca002	shared__button_save_fragment	0	AnimationPanel.button_save_fragment; AnimationPanelWM.button_save_fragment
5ca01e	shared__button_show_debug_info	0	AnimationPanel.button_show_debug_info; AnimationPanelWM.button_show_debug_info
5ca03c	shared__button_select_bad_transition	1	AnimationPanel.button_select_bad_transition; AnimationPanelWM.button_select_bad_transition
5ca0c4	shared__button_list_disabled_states	1	AnimationPanel.button_list_disabled_states; AnimationPanelWM.button_list_disabled_states
5ca152	shared__CreateNodeHere	1	AnimationPanel.CreateNodeHere; AnimationPanelWM.CreateNodeHere; AnimationStopmodeWM.CreateNodeHere
5ca209	shared__DumpAnims	1	AnimationPanel.DumpAnims; AnimationPanelWM.DumpAnims
5ca2ad	shared__DumpAnim	1	AnimationPanel.DumpAnim; AnimationPanelWM.DumpAnim
5ca657	AnimationPlayPosReverse__command_get_playpos	0	AnimationPlayPosReverse.command_get_playpos
5ca663	AnimationPlayPosReverse__initialize_external	1	AnimationPlayPosReverse.initialize_external
5ca6c7	AnimationPlayPosSequencer__command_get_playpos	0	AnimationPlayPosSequencer.command_get_playpos
5ca6ea	AnimationPlayPosSequencer__initialize_external	1	AnimationPlayPosSequencer.initialize_external
5ca76e	AnimationPlayPosSequencer__FilterExposedProperties	1	AnimationPlayPosSequencer.FilterExposedProperties
5ca876	AnimationPlayPosSequencer__Initialize	1	AnimationPlayPosSequencer.Initialize
5ca9f5	AnimationPlayPosSequencer__SetAnimSlotDurations	1	AnimationPlayPosSequencer.SetAnimSlotDurations
5caad0	AnimationPlayPosSequencer__SetAnimSlotSpeedfactors	1	AnimationPlayPosSequencer.SetAnimSlotSpeedfactors
5cab6b	AnimationCtrl__PostUpdate	0	AnimationCtrl.PostUpdate
5cbbc2	shared__EvaluateTransitions	1	AnimationCtrl.EvaluateTransitions; AnimationCtrlWM.EvaluateTransitions
5cc5d3	shared__DebugSkeletonsInit	0	AnimationCtrl.DebugSkeletonsInit; AnimationCtrlWM.DebugSkeletonsInit
5ccb06	shared__DebugSkeletonRagdoll	0	AnimationCtrl.DebugSkeletonRagdoll; AnimationCtrlWM.DebugSkeletonRagdoll
5ccf3b	AnimationPanelWM__StopModeUpdate	0	AnimationPanelWM.StopModeUpdate
5cf98a	AnimationPanelWM__NewPreviewCharacter	1	AnimationPanelWM.NewPreviewCharacter
5d02d9	AnimationPanelWM__UpdatePreviewCharacter	0	AnimationPanelWM.UpdatePreviewCharacter
5d2a59	AnimationPanelWM__NewBackground	1	AnimationPanelWM.NewBackground
5ebe9b	AnimationStateWM__GetAnimationTypeFromEnumValue	0	AnimationStateWM.GetAnimationTypeFromEnumValue
5ebeb0	AnimationStateWM__GetAnimationTypeFromAction	0	AnimationStateWM.GetAnimationTypeFromAction
5ebf4c	AnimationStateWM__PushChildren	1	AnimationStateWM.PushChildren
5ebf82	shared__FindHere	1	AnimationPanel.FindHere; AnimationPanelWM.FindHere; AnimationStopmodeWM.FindHere
5ebff3	AnimationVisualisationMouseInput__Reset	1	AnimationVisualisationMouseInput.Reset
5ec06f	AnimationVisualisationMouseInput__None	0	AnimationVisualisationMouseInput.None
5ec090	AnimationVisualizationItem__command_start_pending_delaytimer	0	AnimationVisualizationItem.command_start_pending_delaytimer
5ec0a9	AnimationVisualizationItem__StripAnimSlotName	1	AnimationVisualizationItem.StripAnimSlotName
5ec249	AttackEnemy__TerminateSubState	0	AttackEnemy.TerminateSubState
5ec27b	AttackEnemy__IsAttacking	1	AttackEnemy.IsAttacking
5ec2ca	AttackEnemy__StepBack	1	AttackEnemy.StepBack
5ec33d	AttackKillTargetPartner__LocateNewKillTarget	1	AttackKillTargetPartner.LocateNewKillTarget
5ec4b5	AnimationSlotWM___root	0	AnimationSlotWM._root
5ec54d	AnimationSlot___root	0	AnimationSlot._root
5ec5e5	shared__AddToTopBlend	1	AnimationSlot.AddToTopBlend; AnimationSlotWM.AddToTopBlend
5ec682	AnimationStateGroup__AddToParentGroup	1	AnimationStateGroup.AddToParentGroup
5ec721	AnimationStateWM___root	1	AnimationStateWM._root
5ec812	AnimationStateWM__IsFootStep	1	AnimationStateWM.IsFootStep
5ec942	AnimationStateWM__FindFragment	1	AnimationStateWM.FindFragment
5ec98a	AnimationStateWM__CalcValues	1	AnimationStateWM.CalcValues
5ece99	AnimationStateWM__AutoCalcDamagePose	1	AnimationStateWM.AutoCalcDamagePose
5ecf22	AnimationStateWM__RemapEventOrder	1	AnimationStateWM.RemapEventOrder
5ed30d	AnimationState___root	1	AnimationState._root
5ed37a	shared__AddToClass	1	AnimationState.AddToClass; AnimationStateWM.AddToClass
5ed464	AnimationStopmodeWM___root	0	AnimationStopmodeWM._root
5ed5a2	shared__BubbleSort	1	AnimationTransition.BubbleSort; AnimationTransitionWM.BubbleSort
5ed6dc	shared__AddToClosestState	1	AnimationTransition.AddToClosestState; AnimationTransitionWM.AddToClosestState
5ed75a	shared__GetDisplayItemForState	1	AnimationVisualisationCtrl.GetDisplayItemForState; AnimationVisualisationCtrlWM.GetDisplayItemForState
5ed8be	shared__UpdateStatus	1	AnimationVisualisationCtrl.UpdateStatus; AnimationVisualisationCtrlWM.UpdateStatus
5edadf	shared__ClearResetAll	1	AnimationVisualisationCtrl.ClearResetAll; AnimationVisualisationCtrlWM.ClearResetAll
5ede40	shared__GetEmptyDefaultItemFragment	1	AnimationVisualisationCtrl.GetEmptyDefaultItemFragment; AnimationVisualisationCtrlWM.GetEmptyDefaultItemFragment
5edee4	shared__HandleMouseClick	1	AnimationVisualisationCtrl.HandleMouseClick; AnimationVisualisationCtrlWM.HandleMouseClick
5ee055	shared__ShowAll	1	AnimationVisualisationCtrl.ShowAll; AnimationVisualisationCtrlWM.ShowAll
5ee212	shared__PositionCurrent	1	AnimationVisualisationCtrl.PositionCurrent; AnimationVisualisationCtrlWM.PositionCurrent
5ee2a2	shared__None	1	AnimationVisualisationCtrl.None; AnimationVisualisationCtrlWM.None
5ee37b	AnimationVisualizationItem__command_set_infotext	1	AnimationVisualizationItem.command_set_infotext
5ee45c	AnimationVisualizationItem__ClearAllDisplayInfoText	0	AnimationVisualizationItem.ClearAllDisplayInfoText
5ee4bd	AnimationVisualizationItem__SetSingleCriteriaText	1	AnimationVisualizationItem.SetSingleCriteriaText
5ee8e8	AnimationVisualizationItem__SetPositions	1	AnimationVisualizationItem.SetPositions
5ee9fe	AnimationVisualizationItem__DisableAll	1	AnimationVisualizationItem.DisableAll
5eeacb	AnimationVisualizationItem__EnableAll	1	AnimationVisualizationItem.EnableAll
5eeba0	AnimationVisualizationItem__SetToDefaultPositions	1	AnimationVisualizationItem.SetToDefaultPositions
5eee3a	shared__TryAddComboToList	1	AttackEnemy.TryAddComboToList; CombatHelpPartner.TryAddComboToList; CrowdControlPartner.TryAddComboToList
5eeee7	shared___root	0	AttackKillTargetPartner._root; CombatHelpPartner._root; CrowdControlPartner._root
5eef8b	shared__button_panel	0	AnimationSlotWM.button_panel; AnimationStateWM.button_panel; AnimationTransitionWM.button_panel
5eefb5	AnimationSlotWM__initialize_local	1	AnimationSlotWM.initialize_local
5ef03d	AnimationSlotWM__FilterExposedProperties	1	AnimationSlotWM.FilterExposedProperties
5ef13d	shared__initialize_local	1	AnimationCriteria.initialize_local; AnimationCriteriaWM.initialize_local; AnimationSlot.initialize_local
5ef163	shared__debug_get_movement	1	AnimationSlot.debug_get_movement; AnimationSlotWM.debug_get_movement
5ef30a	shared__debug_get_velocity	1	AnimationSlot.debug_get_velocity; AnimationSlotWM.debug_get_velocity
5ef42a	AnimationSlot__FilterExposedProperties	0	AnimationSlot.FilterExposedProperties
5f05d4	shared__None	0	AnimationSlot.None; AnimationSlotWM.None
5f060f	AnimationStateGroupWM__AddToParentGroup	1	AnimationStateGroupWM.AddToParentGroup
5f06c6	shared__initialize_local	1	AnimationStateGroup.initialize_local; AnimationStateGroupWM.initialize_local
5f06ec	shared_handler_5f06ec	1	AnimationStateGroup.command_add_group_to_group; AnimationStateGroup.command_add_state_to_group; AnimationStateGroupWM.command_add_group_to_group; AnimationStateGroupWM.command_add_state_to_group
5f0741	shared__command_add_transition	1	AnimationStateGroup.command_add_transition; AnimationStateGroupWM.command_add_transition
5f076f	shared__command_get_valid_state	1	AnimationStateGroup.command_get_valid_state; AnimationStateGroupWM.command_get_valid_state
5f09c0	AnimationStateWM__command_add_branch_transition	1	AnimationStateWM.command_add_branch_transition
5f0b41	AnimationStateWM__command_get_event_index	1	AnimationStateWM.command_get_event_index
5f0cb3	AnimationStateWM__command_get_event_playpos	1	AnimationStateWM.command_get_event_playpos
5f0e35	AnimationStateWM__command_debug_determine_animation_type	1	AnimationStateWM.command_debug_determine_animation_type
5f0e63	AnimationStateWM__initialize_external	1	AnimationStateWM.initialize_external
5f10b6	AnimationStateWM__FilterExposedProperties	1	AnimationStateWM.FilterExposedProperties
5f18d0	AnimationStateWM__button_footstep_analyze	1	AnimationStateWM.button_footstep_analyze
5f199e	AnimationStateWM__command_footstep_analyze	1	AnimationStateWM.command_footstep_analyze
5f19da	AnimationStateWM__button_impact_analyze	0	AnimationStateWM.button_impact_analyze
5f277a	AnimationStateWM__DetermineAnimationType	1	AnimationStateWM.DetermineAnimationType
5f29cc	AnimationStateWM__AnalyzeFootsteps	0	AnimationStateWM.AnalyzeFootsteps
5f5554	AnimationStateWM__FindDescendant	1	AnimationStateWM.FindDescendant
5f5600	AnimationStateWM__ClearFootStepEvents	1	AnimationStateWM.ClearFootStepEvents
5f569b	AnimationStateWM__TrackSpeed	0	AnimationStateWM.TrackSpeed
5f63d9	AnimationStateWM__ImpactAnalysis	0	AnimationStateWM.ImpactAnalysis
5f6fbf	AnimationStateWM__FindAnimSlot	1	AnimationStateWM.FindAnimSlot
5f7100	AnimationStateWM__FindMapper	1	AnimationStateWM.FindMapper
5f7216	AnimationStateWM__FindEvent	1	AnimationStateWM.FindEvent
5f741b	AnimationStateWM__InvMap	1	AnimationStateWM.InvMap
5f755e	AnimationStateWM__None	1	AnimationStateWM.None
5f7604	shared__initialize_local	1	AnimationState.initialize_local; AnimationStateWM.initialize_local
5f762a	AnimationState__initialize_external	1	AnimationState.initialize_external
5f7711	shared__command_add_transition	1	AnimationState.command_add_transition; AnimationStateWM.command_add_transition
5f773f	shared__command_add_layer	1	AnimationState.command_add_layer; AnimationStateWM.command_add_layer
5f77ec	shared__command_add_behavior	1	AnimationState.command_add_behavior; AnimationStateWM.command_add_behavior
5f781a	shared__command_Group_criteria_met	1	AnimationState.command_Group_criteria_met; AnimationStateWM.command_Group_criteria_met
5f7873	shared__command_get_valid_transition	1	AnimationState.command_get_valid_transition; AnimationStateWM.command_get_valid_transition
5f7b8e	shared__command_get_valid_fallback_transition	1	AnimationState.command_get_valid_fallback_transition; AnimationStateWM.command_get_valid_fallback_transition
5f7c4e	shared__command_get_fallback_state	0	AnimationState.command_get_fallback_state; AnimationStateWM.command_get_fallback_state
5f7c86	AnimationState__FilterExposedProperties	0	AnimationState.FilterExposedProperties
5f81d4	shared__command_visualize	1	AnimationState.command_visualize; AnimationStateWM.command_visualize
5f8215	shared__command_stop_visualization	0	AnimationState.command_stop_visualization; AnimationStateWM.command_stop_visualization
5f8231	shared__button_visualize	1	AnimationState.button_visualize; AnimationStateWM.button_visualize
5f825f	shared__button_stop_visualize	0	AnimationState.button_stop_visualize; AnimationStateWM.button_stop_visualize
5f8272	shared__None	1	AnimationState.None; AnimationStateWM.None
5f82a6	AnimationStopmodeWM__stopmode_begin	1	AnimationStopmodeWM.stopmode_begin
5f82fe	shared_handler_5f82fe	1	AnimationStopmodeWM.command_activateme; TriggerStopmodeWM.command_activate_me
5f8323	shared__FilterExposedProperties	1	AnimationStopmodeWM.FilterExposedProperties; TriggerStopmodeWM.FilterExposedProperties
5f83ff	AnimationStopmodeWM__button_create_class	1	AnimationStopmodeWM.button_create_class
5f8648	AnimationStopmodeWM__button_create_state	1	AnimationStopmodeWM.button_create_state
5f88b4	AnimationStopmodeWM__button_create_group	1	AnimationStopmodeWM.button_create_group
5f89ae	AnimationStopmodeWM__button_create_blend	1	AnimationStopmodeWM.button_create_blend
5f8ae8	AnimationStopmodeWM__button_create_animslot	1	AnimationStopmodeWM.button_create_animslot
5f8b96	AnimationStopmodeWM__button_create_transition	1	AnimationStopmodeWM.button_create_transition
5f8d05	AnimationStopmodeWM__button_create_criteria	1	AnimationStopmodeWM.button_create_criteria
5f8eec	AnimationStopmodeWM__button_create_event	1	AnimationStopmodeWM.button_create_event
5f905b	AnimationStopmodeWM__button_create_behavior	1	AnimationStopmodeWM.button_create_behavior
5f9109	AnimationStopmodeWM__button_create_timecurve	1	AnimationStopmodeWM.button_create_timecurve
5f9206	AnimationStopmodeWM__button_create_reverse	1	AnimationStopmodeWM.button_create_reverse
5f92b4	AnimationStopmodeWM__button_create_animationctrl	1	AnimationStopmodeWM.button_create_animationctrl
5f9402	AnimationStopmodeWM__button_dump_anims	1	AnimationStopmodeWM.button_dump_anims
5f9432	AnimationStopmodeWM__DumpAnims	1	AnimationStopmodeWM.DumpAnims
5f94d6	AnimationStopmodeWM__DumpAnim	1	AnimationStopmodeWM.DumpAnim
5f9880	AnimationTestbedSpeederFollower__initialize_local	1	AnimationTestbedSpeederFollower.initialize_local
5f99be	AnimationTransitionWM__FilterExposedProperties	1	AnimationTransitionWM.FilterExposedProperties
5f9abe	shared__command_add_event	1	AnimationState.command_add_event; AnimationStateWM.command_add_event; AnimationTransition.command_add_event; AnimationTransitionWM.command_add_event
5f9b13	shared__initialize_external	1	AnimationTransition.initialize_external; AnimationTransitionWM.initialize_external
5f9c49	shared__command_add_criteria	1	AnimationSlot.command_add_criteria; AnimationSlotWM.command_add_criteria; AnimationStateGroup.command_add_criteria; AnimationStateGroupWM.command_add_criteria; AnimationTransition.command_add_criteria; AnimationTransitionWM.command_add_criteria
5f9c9e	AnimationTransition__FilterExposedProperties	1	AnimationTransition.FilterExposedProperties
5fa582	shared__UpdateSuperSync	1	AnimationTransition.UpdateSuperSync; AnimationTransitionWM.UpdateSuperSync
5fa96c	shared__None	1	AnimationTransition.None; AnimationTransitionWM.None
5fa9b5	shared_handler_5fa9b5	1	AnimationVisualisationCtrl.command_stopmode_init; AnimationVisualisationCtrl.initialize_local; AnimationVisualisationCtrlWM.command_stopmode_init; AnimationVisualisationCtrlWM.initialize_local
5faa10	shared__command_set_active_animation_ctrl_soft	0	AnimationVisualisationCtrl.command_set_active_animation_ctrl_soft; AnimationVisualisationCtrlWM.command_set_active_animation_ctrl_soft
5faa28	shared_handler_5faa28	0	AnimationVisualisationCtrl.command_get_active_AnimationCtrl; AnimationVisualisationCtrlWM.command_get_active_AnimationCtrl; CharacterHeadCtrl.command_get_head_character
5faa3a	shared__command_save_fragment	1	AnimationVisualisationCtrl.command_save_fragment; AnimationVisualisationCtrlWM.command_save_fragment
5fab54	shared__command_show_animation_debug	1	AnimationVisualisationCtrl.command_show_animation_debug; AnimationVisualisationCtrlWM.command_show_animation_debug
5fabac	shared__command_goto_inactive	0	AnimationVisualisationCtrl.command_goto_inactive; AnimationVisualisationCtrlWM.command_goto_inactive
5fabd7	shared__command_stop_visualization	1	AnimationVisualisationCtrl.command_stop_visualization; AnimationVisualisationCtrlWM.command_stop_visualization
5fac61	shared__command_visualize_override_animstates	1	AnimationVisualisationCtrl.command_visualize_override_animstates; AnimationVisualisationCtrlWM.command_visualize_override_animstates
5fadec	shared__command_start_visualization_AnimationState	1	AnimationVisualisationCtrl.command_start_visualization_AnimationState; AnimationVisualisationCtrlWM.command_start_visualization_AnimationState
5faff4	shared__command_update_all_layouts	1	AnimationVisualisationCtrl.command_update_all_layouts; AnimationVisualisationCtrlWM.command_update_all_layouts
5fb041	shared__command_update_Layout	0	AnimationVisualisationCtrl.command_update_Layout; AnimationVisualisationCtrlWM.command_update_Layout
5fb05f	shared__command_on_mouse_click	1	AnimationVisualisationCtrl.command_on_mouse_click; AnimationVisualisationCtrlWM.command_on_mouse_click
5fb095	shared__command_update_in_focus	1	AnimationVisualisationCtrl.command_update_in_focus; AnimationVisualisationCtrlWM.command_update_in_focus
5fb15e	shared__command_update_status	1	AnimationVisualisationCtrl.command_update_status; AnimationVisualisationCtrlWM.command_update_status
5fb194	shared__command_start_pending_delaytimer	1	AnimationVisualisationCtrl.command_start_pending_delaytimer; AnimationVisualisationCtrlWM.command_start_pending_delaytimer
5fb1cb	shared__AnalyzeDataStructureAnimationState	1	AnimationVisualisationCtrl.AnalyzeDataStructureAnimationState; AnimationVisualisationCtrlWM.AnalyzeDataStructureAnimationState
5fb321	shared__SetupOverrideAnimationLayers	1	AnimationVisualisationCtrl.SetupOverrideAnimationLayers; AnimationVisualisationCtrlWM.SetupOverrideAnimationLayers
5fb44a	shared__SetAnimlayerStates	1	AnimationVisualisationCtrl.SetAnimlayerStates; AnimationVisualisationCtrlWM.SetAnimlayerStates
5fb6b4	shared__SetTransitionStates	1	AnimationVisualisationCtrl.SetTransitionStates; AnimationVisualisationCtrlWM.SetTransitionStates
5fbaa1	shared__PostitonAll	1	AnimationVisualisationCtrl.PostitonAll; AnimationVisualisationCtrlWM.PostitonAll
5fbd29	AnimationVisualisationMouseInput__command_init	0	AnimationVisualisationMouseInput.command_init
5fbd83	AnimationVisualisationMouseInput__OnMouseClicked	1	AnimationVisualisationMouseInput.OnMouseClicked
5fbdaa	AnimationVisualisationMouseInput__OnMouseClick	1	AnimationVisualisationMouseInput.OnMouseClick
5fbf2f	AnimationVisualisationMouseInput__command_set_mouse_action	1	AnimationVisualisationMouseInput.command_set_mouse_action
5fbf64	AnimationVisualisationMouseInput__command_set_mouse_action2	1	AnimationVisualisationMouseInput.command_set_mouse_action2
5fc04a	AnimationVisualizationItem__command_init_self	1	AnimationVisualizationItem.command_init_self
5fc097	AnimationVisualizationItem__command_set_highlighted	0	AnimationVisualizationItem.command_set_highlighted
5fc0ce	AnimationVisualizationItem__command_set_layout	0	AnimationVisualizationItem.command_set_layout
5fc108	AnimationVisualizationItem__command_set_position	1	AnimationVisualizationItem.command_set_position
5fc14b	AnimationVisualizationItem__command_waiting_for_delete	0	AnimationVisualizationItem.command_waiting_for_delete
5fc176	AnimationVisualizationItem__UpdateLayout	0	AnimationVisualizationItem.UpdateLayout
5fcdd0	AnimationVisualizationItem__SetAnimLayerInfoText	1	AnimationVisualizationItem.SetAnimLayerInfoText
5fd082	AnimationVisualizationItem__SetAnimationStateInfoText	0	AnimationVisualizationItem.SetAnimationStateInfoText
5fe67d	AnimationVisualizationItem__FillCriteriaList	0	AnimationVisualizationItem.FillCriteriaList
5fea3d	AnimationVisualizationItem__SetTransitionInfoText	1	AnimationVisualizationItem.SetTransitionInfoText
5fed3c	AnimationVisualizationItem__None	1	AnimationVisualizationItem.None
5fefb8	AttackEnemy__command_dont_move_while_animation_runs	1	AttackEnemy.command_dont_move_while_animation_runs
5fefde	AttackEnemy__command_may_move	0	AttackEnemy.command_may_move
5ff00b	AttackEnemy__command_init	1	AttackEnemy.command_init
5ff11f	AttackEnemy__command_fill_debug_view	1	AttackEnemy.command_fill_debug_view
5ff3d6	AttackEnemy__StateActive	1	AttackEnemy.StateActive
600246	AttackEnemy__command_may_attack	1	AttackEnemy.command_may_attack
60066c	AttackEnemy__command_taunt	1	AttackEnemy.command_taunt
6006ee	AttackEnemy__command_force_step_back	0	AttackEnemy.command_force_step_back
600730	AttackEnemy__FindUsableCombo	1	AttackEnemy.FindUsableCombo
601088	AttackKillTargetPartner__command_attack_animation_stated	0	AttackKillTargetPartner.command_attack_animation_stated
6010f7	AttackKillTargetPartner__command_ai_def_changed	0	AttackKillTargetPartner.command_ai_def_changed
601105	shared__command_got_focus	0	AttackEnemy.command_got_focus; AttackKillTargetPartner.command_got_focus; BehaviorWaypointMove.command_got_focus; CrowdControlPartner.command_got_focus; ReturnToCombatZone.command_got_focus; UseBehavior.command_got_focus
601130	AttackKillTargetPartner__command_fill_debug_view	1	AttackKillTargetPartner.command_fill_debug_view
601498	AttackKillTargetPartner__command_init	1	AttackKillTargetPartner.command_init
6014e2	AttackKillTargetPartner__StateActive	0	AttackKillTargetPartner.StateActive
60322a	shared__command_lost_focus	0	AttackEnemy.command_lost_focus; AttackKillTargetPartner.command_lost_focus; BehaviorWaypointMove.command_lost_focus; CrowdControlPartner.command_lost_focus; ReturnToCombatZone.command_lost_focus; UseBehavior.command_lost_focus
60323e	AnimationTestbedSpeederFollower__StateMain	0	AnimationTestbedSpeederFollower.StateMain
603dda	AnimationVisualisationMouseInput__StateClick	1	AnimationVisualisationMouseInput.StateClick
614c00	anon_0x614c44__start	0	anon_0x614c44.start
614c9c	autocam3__start	0	autocam3.start
614d38	autocam__start	0	autocam.start
614dd4	shared__LookupMusclePowerScale	0	BehaviorAnimation.LookupMusclePowerScale; BehaviorAnimationWM.LookupMusclePowerScale
614f01	BehaviorIdle__StateActive	1	BehaviorIdle.StateActive
614fae	behaviortempleate__command_init	1	behaviortempleate.command_init
614fdb	behaviortempleate__command_clear	0	behaviortempleate.command_clear
614ffa	BehaviorTutorial__Evaluate	1	BehaviorTutorial.Evaluate
6150ab	BehaviorTutorial__SetState	1	BehaviorTutorial.SetState
615149	shared__AddToClosestState	1	BehaviorAnimation.AddToClosestState; BehaviorAnimationWM.AddToClosestState
6151b6	BehaviorHandler___root	1	BehaviorHandler._root
615279	BehaviorHandler__StateBrainLessAutoTarget	1	BehaviorHandler.StateBrainLessAutoTarget
615451	BehaviorHandler__BuildBehaviorMessageList	1	BehaviorHandler.BuildBehaviorMessageList
6154ca	shared___root	0	AttackEnemy._root; BehaviorTutorial._root
61556e	BehaviorAnimationWM__command_clone_behavior	1	BehaviorAnimationWM.command_clone_behavior
6155e6	BehaviorAnimationWM__FilterExposedProperties	1	BehaviorAnimationWM.FilterExposedProperties
6157f4	BehaviorAnimationWM__LocalUpdatePoseStructElement	1	BehaviorAnimationWM.LocalUpdatePoseStructElement
615825	BehaviorAnimationWM__LocalPowersUpdated	1	BehaviorAnimationWM.LocalPowersUpdated
615b2e	BehaviorAnimation__command_clone_behavior	0	BehaviorAnimation.command_clone_behavior
615c2b	shared__command_activate	0	BehaviorAnimation.command_activate; BehaviorAnimationWM.command_activate
615c64	BehaviorAnimation__FilterExposedProperties	1	BehaviorAnimation.FilterExposedProperties
615ed3	shared__StateActive	1	BehaviorAnimation.StateActive; BehaviorAnimationWM.StateActive
61622f	shared__None	1	BehaviorAnimation.None; BehaviorAnimationWM.None
6162c2	BehaviorAttack__StateActive	1	BehaviorAttack.StateActive
6164d2	BehaviorAttack__command_init	1	BehaviorAttack.command_init
61650f	BehaviorAttack__command_fill_debug_view	1	BehaviorAttack.command_fill_debug_view
6165c6	BehaviorAttack__CharacterFaceTarget	1	BehaviorAttack.CharacterFaceTarget
6166df	BehaviorBrainlessAutotarget__command_set_attacker	0	BehaviorBrainlessAutotarget.command_set_attacker
6166fe	BehaviorBrainlessAutotarget__command_init	1	BehaviorBrainlessAutotarget.command_init
61672b	BehaviorBrainlessAutotarget__command_fill_debug_view	1	BehaviorBrainlessAutotarget.command_fill_debug_view
616946	BehaviorBrainlessAutotarget__StateActive	1	BehaviorBrainlessAutotarget.StateActive
616a60	shared_handler_616a60	0	BehaviorBrainlessAutotarget.command_lost_focus; CombatHelpPartner.command_lost_focus; TriggerCharacter.command_terminate; Underboss.command_lost_focus
616a74	BehaviorBrainlessAutotarget__command_is_behavior_running	1	BehaviorBrainlessAutotarget.command_is_behavior_running
616b83	BehaviorBrainlessAutotarget__CharacterFaceTarget	1	BehaviorBrainlessAutotarget.CharacterFaceTarget
616cd5	BehaviorChase__command_check_preconditions	1	BehaviorChase.command_check_preconditions
616d59	BehaviorChase__command_clear	0	BehaviorChase.command_clear
616d78	BehaviorChase__command_init	1	BehaviorChase.command_init
616da5	BehaviorChase__command_fill_debug_view	1	BehaviorChase.command_fill_debug_view
617146	BehaviorChase__StateActive	1	BehaviorChase.StateActive
617afe	BehaviorEnforceSameHeight__command_check_preconditions	1	BehaviorEnforceSameHeight.command_check_preconditions
617c24	BehaviorEnforceSameHeight__command_init	1	BehaviorEnforceSameHeight.command_init
617c51	BehaviorEnforceSameHeight__command_clear	0	BehaviorEnforceSameHeight.command_clear
617c70	BehaviorEnforceSameHeight__StateActive	1	BehaviorEnforceSameHeight.StateActive
618084	BehaviorHandler__command_set_ai_parameter_sheet	1	BehaviorHandler.command_set_ai_parameter_sheet
6181b0	BehaviorHandler__command_reset_ai_prameter_sheet	1	BehaviorHandler.command_reset_ai_prameter_sheet
6182b3	BehaviorHandler__command_init	1	BehaviorHandler.command_init
6184f1	BehaviorHandler__command_add_root_behavior	1	BehaviorHandler.command_add_root_behavior
6185b8	BehaviorHandler__command_set_root_behavior	0	BehaviorHandler.command_set_root_behavior
61862a	BehaviorHandler__command_activate_current_root_behavior	0	BehaviorHandler.command_activate_current_root_behavior
618648	BehaviorHandler__command_deactivate_current_root_behavior	0	BehaviorHandler.command_deactivate_current_root_behavior
618666	BehaviorHandler__command_delay	0	BehaviorHandler.command_delay
618684	BehaviorHandler__command_clear	1	BehaviorHandler.command_clear
618788	BehaviorHandler__command_character_placeholding_out	1	BehaviorHandler.command_character_placeholding_out
6187ae	BehaviorHandler__command_switch_to_leader_def	1	BehaviorHandler.command_switch_to_leader_def
618801	BehaviorHandler__command_switch_to_base_def	1	BehaviorHandler.command_switch_to_base_def
618854	BehaviorHandler__command_is_facing_speak_target	1	BehaviorHandler.command_is_facing_speak_target
618aac	BehaviorHandler__command_when_attacked	1	BehaviorHandler.command_when_attacked
618b35	BehaviorHandler__command_react_to_attack	1	BehaviorHandler.command_react_to_attack
618b8b	BehaviorHandler__command_set_twilight_combat_params	1	BehaviorHandler.command_set_twilight_combat_params
618bca	BehaviorHandler__command_hit_by	1	BehaviorHandler.command_hit_by
618bf6	BehaviorHandler__command_force_update	0	BehaviorHandler.command_force_update
618c14	BehaviorHandler__command_set_follow_pivot	1	BehaviorHandler.command_set_follow_pivot
618c57	BehaviorHandler__command_goto_position	1	BehaviorHandler.command_goto_position
618c97	BehaviorHandler__command_set_forced_state	1	BehaviorHandler.command_set_forced_state
618cd0	BehaviorHandler__command_get_forced_state	1	BehaviorHandler.command_get_forced_state
618d05	BehaviorHandler__command_has_forced_state	1	BehaviorHandler.command_has_forced_state
618d3a	BehaviorHandler__command_use	1	BehaviorHandler.command_use
618d66	BehaviorHandler__command_stop_forced_state	0	BehaviorHandler.command_stop_forced_state
618d84	BehaviorHandler__command_force_step_back	0	BehaviorHandler.command_force_step_back
618da2	BehaviorHandler__command_is_attack_successful	1	BehaviorHandler.command_is_attack_successful
618de3	BehaviorHandler__command_attacker_failed_combo	1	BehaviorHandler.command_attacker_failed_combo
618e0f	BehaviorHandler__command_attacker_finished_combo	1	BehaviorHandler.command_attacker_finished_combo
618e3b	BehaviorHandler__command_fill_debug_view	1	BehaviorHandler.command_fill_debug_view
618ead	BehaviorHandler__command_clear_react_history	0	BehaviorHandler.command_clear_react_history
618ecb	BehaviorHandler__command_leaving_combat_zone	0	BehaviorHandler.command_leaving_combat_zone
618ee9	BehaviorHandler__command_entering_combat_zone	0	BehaviorHandler.command_entering_combat_zone
618f07	BehaviorHandler__command_dont_move_while_animation_runs	1	BehaviorHandler.command_dont_move_while_animation_runs
618f33	BehaviorHandler__command_set_pause	1	BehaviorHandler.command_set_pause
618fef	BehaviorHandler__command_get_run_speed	1	BehaviorHandler.command_get_run_speed
619086	BehaviorHandler__command_get_idle_speed	1	BehaviorHandler.command_get_idle_speed
6190ad	BehaviorHandler__command_get_full_speed	1	BehaviorHandler.command_get_full_speed
6190d4	BehaviorHandler__command_get_walk_speed	1	BehaviorHandler.command_get_walk_speed
6190fb	BehaviorHandler__deinitialize	1	BehaviorHandler.deinitialize
619142	BehaviorHandler__command_new_enemy_group_spotted	1	BehaviorHandler.command_new_enemy_group_spotted
61916e	BehaviorHandler__button_command_set_debug_target	0	BehaviorHandler.button_command_set_debug_target
619191	BehaviorHandler__command_terminate_brainless_autotarget	0	BehaviorHandler.command_terminate_brainless_autotarget
6191a5	BehaviorHandler__GetForcedStateStruct	1	BehaviorHandler.GetForcedStateStruct
6192d4	BehaviorIdle__command_init	1	BehaviorIdle.command_init
619301	BehaviorIdle__command_fill_debug_view	1	BehaviorIdle.command_fill_debug_view
61951c	BehaviorMovementTest__StateActive	1	BehaviorMovementTest.StateActive
61970a	BehaviorMovementTest__StateWalkingOrRunnning	1	BehaviorMovementTest.StateWalkingOrRunnning
619e5e	BehaviorMovementTest__command_fill_debug_view	1	BehaviorMovementTest.command_fill_debug_view
61a0f9	BehaviorMovementTest__command_next_move	0	BehaviorMovementTest.command_next_move
61a124	BehaviorMovementTest__StateFlick	1	BehaviorMovementTest.StateFlick
61a3c4	shared_handler_61a3c4	0	BehaviorMovementTest.command_next_move; TriggerCharacter.command_terminate
61a3d8	BehaviorMovementTest__command_fill_debug_view	1	BehaviorMovementTest.command_fill_debug_view
61a75c	BehaviorMovementTest__command_init	1	BehaviorMovementTest.command_init
61a789	BehaviorMovementTest__command_fill_debug_view	1	BehaviorMovementTest.command_fill_debug_view
61a840	BehaviorMovementTest__DrawTrail	1	BehaviorMovementTest.DrawTrail
61a968	BehaviorStepBack__command_react_to_attack	0	BehaviorStepBack.command_react_to_attack
61a97b	BehaviorStepBack__command_check_preconditions	0	BehaviorStepBack.command_check_preconditions
61a9a7	BehaviorStepBack__command_init	1	BehaviorStepBack.command_init
61a9f1	BehaviorStepBack__command_clear	0	BehaviorStepBack.command_clear
61aa10	BehaviorStepBack__command_fill_debug_view	1	BehaviorStepBack.command_fill_debug_view
61abb3	BehaviorStepBack__StateActive	1	BehaviorStepBack.StateActive
61b147	BehaviorTutorial__command_get_forced_state_struct	1	BehaviorTutorial.command_get_forced_state_struct
61b177	BehaviorTutorial__command_set_forced_state_struct	1	BehaviorTutorial.command_set_forced_state_struct
61b1b7	BehaviorTutorial__command_set_forced_state	1	BehaviorTutorial.command_set_forced_state
61b238	BehaviorTutorial__command_stop_forced_state	1	BehaviorTutorial.command_stop_forced_state
61b2a2	BehaviorTutorial__command_init	1	BehaviorTutorial.command_init
61b363	BehaviorTutorial__command_clear	0	BehaviorTutorial.command_clear
61b382	shared__command_got_focus	0	Behavior.command_got_focus; BehaviorTutorial.command_got_focus
61b3ad	BehaviorTutorial__command_fill_debug_view	1	BehaviorTutorial.command_fill_debug_view
61b54e	BehaviorTutorial__StateActive	1	BehaviorTutorial.StateActive
61bba2	shared__command_lost_focus	0	Behavior.command_lost_focus; BehaviorTutorial.command_lost_focus; twilightladybackflipbehavior.command_lost_focus
625234	BehaviorWaypointMove__ResetStopInfo	0	BehaviorWaypointMove.ResetStopInfo
625253	Behavior__command_init	1	Behavior.command_init
6252b6	shared__command_clear	0	AttackEnemy.command_clear; AttackKillTargetPartner.command_clear; Behavior.command_clear; BehaviorAttack.command_clear; BehaviorBrainlessAutotarget.command_clear; BehaviorIdle.command_clear; BehaviorMovementTest.command_clear; BehaviorWaypointMove.command_clear; ChaseEnemy.command_clear; CircleTargetEnemy02.command_clear; CombatHelpPartner.command_clear; CombatPartner.command_clear (+12 more)
6252cc	shared__command_check_preconditions	0	AttackEnemy.command_check_preconditions; AttackKillTargetPartner.command_check_preconditions; Behavior.command_check_preconditions; BehaviorAttack.command_check_preconditions; BehaviorBrainlessAutotarget.command_check_preconditions; BehaviorIdle.command_check_preconditions; BehaviorMovementTest.command_check_preconditions; ChaseEnemy.command_check_preconditions; CombatHelpPartner.command_check_preconditions; Enemy.command_check_preconditions; LeaderEnemy.command_check_preconditions; Partner.command_check_preconditions (+7 more)
6252e3	shared__PrepAttack	1	AttackEnemy.PrepAttack; AttackKillTargetPartner.PrepAttack; Behavior.PrepAttack; BehaviorAttack.PrepAttack; BehaviorBrainlessAutotarget.PrepAttack; BehaviorChase.PrepAttack; BehaviorEnforceSameHeight.PrepAttack; BehaviorIdle.PrepAttack; BehaviorMovementTest.PrepAttack; BehaviorStepBack.PrepAttack; BehaviorTutorial.PrepAttack; BehaviorWaypointMove.PrepAttack (+22 more)
625380	shared__TargetLock	1	AttackEnemy.TargetLock; AttackKillTargetPartner.TargetLock; Behavior.TargetLock; BehaviorAttack.TargetLock; BehaviorBrainlessAutotarget.TargetLock; BehaviorChase.TargetLock; BehaviorEnforceSameHeight.TargetLock; BehaviorIdle.TargetLock; BehaviorMovementTest.TargetLock; BehaviorStepBack.TargetLock; BehaviorTutorial.TargetLock; BehaviorWaypointMove.TargetLock (+22 more)
625400	shared__StopMovementAndResetAiBrain	1	AttackEnemy.StopMovementAndResetAiBrain; AttackKillTargetPartner.StopMovementAndResetAiBrain; Behavior.StopMovementAndResetAiBrain; BehaviorAttack.StopMovementAndResetAiBrain; BehaviorBrainlessAutotarget.StopMovementAndResetAiBrain; BehaviorChase.StopMovementAndResetAiBrain; BehaviorEnforceSameHeight.StopMovementAndResetAiBrain; BehaviorIdle.StopMovementAndResetAiBrain; BehaviorMovementTest.StopMovementAndResetAiBrain; BehaviorStepBack.StopMovementAndResetAiBrain; BehaviorTutorial.StopMovementAndResetAiBrain; BehaviorWaypointMove.StopMovementAndResetAiBrain (+22 more)
625449	BossHUD__command_game_event	0	BossHUD.command_game_event
625465	BossHUD__initialize_external	1	BossHUD.initialize_external
6254b2	BossHUD__StateInactive	1	BossHUD.StateInactive
6254e5	BuildSelector__Update	1	BuildSelector.Update
6257e7	shared__command_register__as_game_event_scene_listener	1	CameraBase.command_register__as_game_event_scene_listener; CameraCharacterSetPos.command_register__as_game_event_scene_listener; CameraCinematic.command_register__as_game_event_scene_listener; CameraCinematicToCharacter.command_register__as_game_event_scene_listener; CameraCombatSpecialCuts.command_register__as_game_event_scene_listener; CameraPlayerVsPlayer.command_register__as_game_event_scene_listener; CharacterCamera.command_register__as_game_event_scene_listener
62584c	shared__command_game_event	0	CameraBase.command_game_event; CameraCharacterSetPos.command_game_event; CameraCinematic.command_game_event; CameraCinematicToCharacter.command_game_event
625869	CameraCharacterCombatManipulator__command_deinit	0	CameraCharacterCombatManipulator.command_deinit
62587c	CameraCharacterSetPos__ClampAngleToMinMax	1	CameraCharacterSetPos.ClampAngleToMinMax
6258f1	CameraCharacterSetPos__GetSpeedFactor	1	CameraCharacterSetPos.GetSpeedFactor
62593a	CameraCharacterSetPos__AngleDiffHeading	1	CameraCharacterSetPos.AngleDiffHeading
62599a	CameraCharacterTransition__UpdateValues	1	CameraCharacterTransition.UpdateValues
625a68	CameraCharacterTransition__DoConvolutionTransistion	1	CameraCharacterTransition.DoConvolutionTransistion
625ad5	CameraCharacterTransition__DoConvolutionTransistionClip	0	CameraCharacterTransition.DoConvolutionTransistionClip
625adf	shared__command_deactivate	0	CameraCinematic.command_deactivate; CameraCinematicToCharacter.command_deactivate
625aec	CameraCombatSpecialCuts__StateCombatCut	1	CameraCombatSpecialCuts.StateCombatCut
625ba5	CameraLib__SetCamera	1	CameraLib.SetCamera
625c46	BossHUD__initialize_local	1	BossHUD.initialize_local
625c7b	BossHUD__StateActive	1	BossHUD.StateActive
6262f6	shared__command_get_camera_data	1	CameraBase.command_get_camera_data; CameraCharacterSetPos.command_get_camera_data; CameraCinematic.command_get_camera_data; CameraCinematicToCharacter.command_get_camera_data; CameraCombatSpecialCuts.command_get_camera_data; CameraPlayerVsPlayer.command_get_camera_data; CharacterCamera.command_get_camera_data
626326	CameraCharacterCombatManipulator__StateActive	1	CameraCharacterCombatManipulator.StateActive
626385	CameraCharacterSetPos__StateActive	1	CameraCharacterSetPos.StateActive
626439	CameraCharacterSetPos__AngleDiffHeadingQuaternion	1	CameraCharacterSetPos.AngleDiffHeadingQuaternion
62674a	CameraCharacterTransition__CalcTransValAngle	1	CameraCharacterTransition.CalcTransValAngle
6267cf	CameraCharacterTransition__CalcTransValPos	1	CameraCharacterTransition.CalcTransValPos
62681c	CameraCinematicToCharacter__initialize_local	1	CameraCinematicToCharacter.initialize_local
626849	CameraCinematic__initialize_local	1	CameraCinematic.initialize_local
626876	CameraCinematic__StateCutToTarget	0	CameraCinematic.StateCutToTarget
6268fe	CameraCinematic__StateAtPos	0	CameraCinematic.StateAtPos
62695d	CameraCombatSpecialCuts__Reset	1	CameraCombatSpecialCuts.Reset
6269bc	CameraCombatSpecialCuts__DoContinue	0	CameraCombatSpecialCuts.DoContinue
626a15	CameraCombatSpecialCuts__UpdateWorldOrient	0	CameraCombatSpecialCuts.UpdateWorldOrient
626d3d	CameraCombatSpecialCuts__ApplyModifiers	1	CameraCombatSpecialCuts.ApplyModifiers
6271d4	CameraCombatSpecialCuts__CastRay	1	CameraCombatSpecialCuts.CastRay
627301	CameraCombatSpecialCuts__CastCapsule	1	CameraCombatSpecialCuts.CastCapsule
627456	CameraCombatSpecialCuts__GetStartOrient	1	CameraCombatSpecialCuts.GetStartOrient
6274ef	CameraCombatSpecialCuts__GetStartPos	1	CameraCombatSpecialCuts.GetStartPos
627582	CameraCombatSpecialCuts__GetStartFov	1	CameraCombatSpecialCuts.GetStartFov
627674	CameraCombatSpecialCuts__GetStartLookAtHeight	0	CameraCombatSpecialCuts.GetStartLookAtHeight
6276a8	CameraCombatSpecialCuts__GetStartTimeMultiplier	0	CameraCombatSpecialCuts.GetStartTimeMultiplier
6276db	CameraCombatSpecialCuts__GetTargetOrient	1	CameraCombatSpecialCuts.GetTargetOrient
62776f	CameraCombatSpecialCuts__GetTargetPos	1	CameraCombatSpecialCuts.GetTargetPos
6277fd	CameraCombatSpecialCuts__GetTargetFov	1	CameraCombatSpecialCuts.GetTargetFov
6278c0	CameraCombatSpecialCuts__GetTargetTimeMultiplier	0	CameraCombatSpecialCuts.GetTargetTimeMultiplier
6278e9	CameraCombatSpecialCuts__GetTargetLookAtHeight	0	CameraCombatSpecialCuts.GetTargetLookAtHeight
627913	CameraCtrl___root	0	CameraCtrl._root
627980	CameraCtrl__UpdateActiveCameras	0	CameraCtrl.UpdateActiveCameras
627a54	CameraCtrl__CameraEvaluator	0	CameraCtrl.CameraEvaluator
627c9a	CameraDataCollector___root	1	CameraDataCollector._root
627d49	CameraDataCollector__AngleNormalEnemyDir	1	CameraDataCollector.AngleNormalEnemyDir
627f83	CameraLib__ToPitch	1	CameraLib.ToPitch
6280b2	CameraLib__CopyViewportSettings	1	CameraLib.CopyViewportSettings
62810e	CameraLib__SetViewportFullscreen	1	CameraLib.SetViewportFullscreen
628165	CameraLib__SetViewportUpper	1	CameraLib.SetViewportUpper
6281cc	CameraLib__SetViewportLower	1	CameraLib.SetViewportLower
628232	CameraLib__SetViewportLeft	1	CameraLib.SetViewportLeft
628299	CameraLib__SetViewportRight	1	CameraLib.SetViewportRight
6282ff	CameraLib__ScreenToResolution	1	CameraLib.ScreenToResolution
628381	CameraLib__IsCameraActive	0	CameraLib.IsCameraActive
6283c0	CameraLib__GetCamera	1	CameraLib.GetCamera
62843c	CameraLib__RestoreDefaultCamera	1	CameraLib.RestoreDefaultCamera
62851b	BehaviorWaypointMove__command_check_preconditions	0	BehaviorWaypointMove.command_check_preconditions
628532	BehaviorWaypointMove__command_clear_last_quantine	1	BehaviorWaypointMove.command_clear_last_quantine
628584	BehaviorWaypointMove__command_pause_force_state	0	BehaviorWaypointMove.command_pause_force_state
628594	BehaviorWaypointMove__command_init	1	BehaviorWaypointMove.command_init
6285c1	BehaviorWaypointMove__command_fill_debug_view	1	BehaviorWaypointMove.command_fill_debug_view
6289b4	BehaviorWaypointMove__StateActive	1	BehaviorWaypointMove.StateActive
629b68	BehaviorWaypointMove__StateUseTrigger	0	BehaviorWaypointMove.StateUseTrigger
62ae5c	BehaviorWaypointMove__remove_from_quantine	1	BehaviorWaypointMove.remove_from_quantine
62aef5	BehaviorWaypointMove__StateForceMove	1	BehaviorWaypointMove.StateForceMove
62b114	shared__command_prep_attack	1	AttackEnemy.command_prep_attack; AttackKillTargetPartner.command_prep_attack; Behavior.command_prep_attack; BehaviorAttack.command_prep_attack; BehaviorBrainlessAutotarget.command_prep_attack; BehaviorChase.command_prep_attack; BehaviorEnforceSameHeight.command_prep_attack; BehaviorIdle.command_prep_attack; BehaviorMovementTest.command_prep_attack; BehaviorStepBack.command_prep_attack; BehaviorTutorial.command_prep_attack; BehaviorWaypointMove.command_prep_attack (+22 more)
62b142	shared__command_prep_combo	1	AttackEnemy.command_prep_combo; AttackKillTargetPartner.command_prep_combo; Behavior.command_prep_combo; BehaviorAttack.command_prep_combo; BehaviorBrainlessAutotarget.command_prep_combo; BehaviorChase.command_prep_combo; BehaviorEnforceSameHeight.command_prep_combo; BehaviorIdle.command_prep_combo; BehaviorMovementTest.command_prep_combo; BehaviorStepBack.command_prep_combo; BehaviorTutorial.command_prep_combo; BehaviorWaypointMove.command_prep_combo (+22 more)
62b170	shared__PrepComboAttack	1	AttackEnemy.PrepComboAttack; AttackKillTargetPartner.PrepComboAttack; Behavior.PrepComboAttack; BehaviorAttack.PrepComboAttack; BehaviorBrainlessAutotarget.PrepComboAttack; BehaviorChase.PrepComboAttack; BehaviorEnforceSameHeight.PrepComboAttack; BehaviorIdle.PrepComboAttack; BehaviorMovementTest.PrepComboAttack; BehaviorStepBack.PrepComboAttack; BehaviorTutorial.PrepComboAttack; BehaviorWaypointMove.PrepComboAttack (+22 more)
62b211	shared__command_lock_target	1	AttackEnemy.command_lock_target; AttackKillTargetPartner.command_lock_target; Behavior.command_lock_target; BehaviorAttack.command_lock_target; BehaviorBrainlessAutotarget.command_lock_target; BehaviorChase.command_lock_target; BehaviorEnforceSameHeight.command_lock_target; BehaviorIdle.command_lock_target; BehaviorMovementTest.command_lock_target; BehaviorStepBack.command_lock_target; BehaviorTutorial.command_lock_target; BehaviorWaypointMove.command_lock_target (+22 more)
62b24e	shared__command_force_lock_target	1	AttackEnemy.command_force_lock_target; AttackKillTargetPartner.command_force_lock_target; Behavior.command_force_lock_target; BehaviorAttack.command_force_lock_target; BehaviorBrainlessAutotarget.command_force_lock_target; BehaviorChase.command_force_lock_target; BehaviorEnforceSameHeight.command_force_lock_target; BehaviorIdle.command_force_lock_target; BehaviorMovementTest.command_force_lock_target; BehaviorStepBack.command_force_lock_target; BehaviorTutorial.command_force_lock_target; BehaviorWaypointMove.command_force_lock_target (+22 more)
62b28e	BossHUD__command_activate	0	BossHUD.command_activate
62b30a	BossHUD__command_deactivate	1	BossHUD.command_deactivate
62b35c	shared_handler_62b35c	0	BuildSelector.FilterExposedProperties; BuildSelector.initialize_external; BuildSelector.stopmode_begin; GameModeSelector.FilterExposedProperties; GameModeSelector.initialize_external; GameModeSelector.stopmode_begin
62b37c	CameraCharacterCombatManipulator__command_init	0	CameraCharacterCombatManipulator.command_init
62b3c8	CameraCharacterCombatManipulator__command_update	1	CameraCharacterCombatManipulator.command_update
62bc2a	CameraCharacterCombatManipulator__CharacterInCornerCheck	1	CameraCharacterCombatManipulator.CharacterInCornerCheck
62bf96	CameraCharacterCombatManipulator__CastRayHitStruct	1	CameraCharacterCombatManipulator.CastRayHitStruct
62c114	CameraCharacterSetPos__initialize_local	1	CameraCharacterSetPos.initialize_local
62c13e	CameraCharacterSetPos__command_activate	1	CameraCharacterSetPos.command_activate
62c44c	CameraCharacterSetPos__command_reactivate	1	CameraCharacterSetPos.command_reactivate
62c73d	CameraCharacterSetPos__command_deactivate	0	CameraCharacterSetPos.command_deactivate
62c751	CameraCharacterSetPos__command_update_camera	0	CameraCharacterSetPos.command_update_camera
62ddf4	CameraCharacterSetPos__MoveTowardX	1	CameraCharacterSetPos.MoveTowardX
62e1fe	CameraCharacterSetPos__MoveAwayX	1	CameraCharacterSetPos.MoveAwayX
62e60b	shared_handler_62e60b	1	CameraCharacterSetPos.MoveAwayY; CameraCharacterSetPos.MoveAwayZ
62e717	shared_handler_62e717	1	CameraCharacterSetPos.MoveTowardY; CameraCharacterSetPos.MoveTowardZ
62e81d	CameraCharacterSetPos__TestForEscapeCameras	1	CameraCharacterSetPos.TestForEscapeCameras
62ea99	CameraCharacterSetPos__AngleDiffPitchQuaternion	1	CameraCharacterSetPos.AngleDiffPitchQuaternion
62edaa	CameraCharacterSetPos__AngleDiffPitch	1	CameraCharacterSetPos.AngleDiffPitch
62edf0	CameraCharacterTransition__command_initialize_transition	1	CameraCharacterTransition.command_initialize_transition
62ee31	CameraCharacterTransition__command_update_transition_values	1	CameraCharacterTransition.command_update_transition_values
62ee5f	CameraCharacterTransition__command_update	1	CameraCharacterTransition.command_update
62f298	CameraCharacterTransition__FilterExposedProperties	1	CameraCharacterTransition.FilterExposedProperties
62fa3d	CameraCinematicToCharacter__command_move_to_player	0	CameraCinematicToCharacter.command_move_to_player
62faa2	CameraCinematicToCharacter__StateMoveToPos	1	CameraCinematicToCharacter.StateMoveToPos
62fccc	CameraCinematicToCharacter__command_update_camera	0	CameraCinematicToCharacter.command_update_camera
630a23	CameraCinematic__command_move_to_target	1	CameraCinematic.command_move_to_target
630ab1	CameraCinematic__command_cut_to_target	1	CameraCinematic.command_cut_to_target
630b29	CameraCinematic__command_update_camera	0	CameraCinematic.command_update_camera
631181	CameraCinematic__StateMoveToPos	1	CameraCinematic.StateMoveToPos
631387	CameraCinematic__command_update_camera	0	CameraCinematic.command_update_camera
631f81	CameraCinematic__command_update_camera	0	CameraCinematic.command_update_camera
6325c5	CameraCombatSpecialCuts__command_set_cut_data	1	CameraCombatSpecialCuts.command_set_cut_data
632a8a	CameraCombatSpecialCuts__command_return_to_character_camera	1	CameraCombatSpecialCuts.command_return_to_character_camera
632b30	CameraCombatSpecialCuts__command_game_event	1	CameraCombatSpecialCuts.command_game_event
632bdd	CameraCombatSpecialCuts__initialize_external	1	CameraCombatSpecialCuts.initialize_external
632c2d	CameraCombatSpecialCuts__button_debug	0	CameraCombatSpecialCuts.button_debug
632c3d	CameraCombatSpecialCuts__StateActive	1	CameraCombatSpecialCuts.StateActive
633011	CameraCombatSpecialCuts__command_update_camera	1	CameraCombatSpecialCuts.command_update_camera
63312e	CameraCombatSpecialCuts__StateTransition	1	CameraCombatSpecialCuts.StateTransition
6337aa	CameraCombatSpecialCuts__command_update_camera	0	CameraCombatSpecialCuts.command_update_camera
633ecf	CameraCombatSpecialCuts__StateCloseDown	0	CameraCombatSpecialCuts.StateCloseDown
633f28	CameraCombatSpecialCuts__UpdateWorldPos	1	CameraCombatSpecialCuts.UpdateWorldPos
634125	CameraCombatSpecialCuts__GetLookAtPosition	1	CameraCombatSpecialCuts.GetLookAtPosition
6341f7	CameraCombatSpecialCuts__SetValidStartPos	0	CameraCombatSpecialCuts.SetValidStartPos
634f62	CameraCombatSpecialCuts__HasValidTransition	1	CameraCombatSpecialCuts.HasValidTransition
635e28	CameraCtrl__command_register_camera	1	CameraCtrl.command_register_camera
635e77	CameraCtrl__command_register_modifier	1	CameraCtrl.command_register_modifier
635eb4	CameraCtrl__command_is_camera_active	1	CameraCtrl.command_is_camera_active
635f30	CameraCtrl__command_combat_begin	1	CameraCtrl.command_combat_begin
635f65	CameraCtrl__command_combat_end	0	CameraCtrl.command_combat_end
635f84	CameraCtrl__command_set_gfx_node	0	CameraCtrl.command_set_gfx_node
635f96	CameraCtrl__command_deactivate_set_pos_camera	0	CameraCtrl.command_deactivate_set_pos_camera
635fc2	CameraCtrl__command_activate_set_pos_camera	1	CameraCtrl.command_activate_set_pos_camera
636005	CameraCtrl__command_start_lookat	1	CameraCtrl.command_start_lookat
636059	CameraCtrl__command_start_damage_modifiers	1	CameraCtrl.command_start_damage_modifiers
63618d	CameraCtrl__command_start_recoil_modifiers	1	CameraCtrl.command_start_recoil_modifiers
6361ea	CameraCtrl__command_start_shake	1	CameraCtrl.command_start_shake
6362e6	CameraCtrl__command_do_fov_effect	1	CameraCtrl.command_do_fov_effect
636363	CameraCtrl__command_lookat_target_timed	1	CameraCtrl.command_lookat_target_timed
63639f	CameraCtrl__command_force_rotate	1	CameraCtrl.command_force_rotate
6363d4	CameraCtrl__command_player_teleported	1	CameraCtrl.command_player_teleported
63640a	CameraCtrl__command_character_cam_set_in_vector	1	CameraCtrl.command_character_cam_set_in_vector
63643f	CameraCtrl__command_stop_lookat	1	CameraCtrl.command_stop_lookat
6364af	CameraCtrl__command_set_combat_cut_data	1	CameraCtrl.command_set_combat_cut_data
6364f3	CameraCtrl__command_return_to_character_camera	1	CameraCtrl.command_return_to_character_camera
63652d	CameraCtrl__command_is_combat_special_cuts_active	1	CameraCtrl.command_is_combat_special_cuts_active
6365a6	CameraCtrl__command_set_player_vs_player_camera	0	CameraCtrl.command_set_player_vs_player_camera
6365d8	CameraCtrl__command_get_camera_data	1	CameraCtrl.command_get_camera_data
636608	CameraCtrl__initialize_local	1	CameraCtrl.initialize_local
636637	CameraCtrl__command_deactivate	1	CameraCtrl.command_deactivate
63669e	CameraDataCollector__initialize_external	1	CameraDataCollector.initialize_external
6366df	CameraDataCollector__command_set_character_root	0	CameraDataCollector.command_set_character_root
6366f1	CameraDataCollector__command_set_target_yaw	1	CameraDataCollector.command_set_target_yaw
6368d9	CameraDataCollector__command_get_custom_world_yaw	0	CameraDataCollector.command_get_custom_world_yaw
6368ea	CameraDataCollector__command_get_combat_on_attack_yaw	1	CameraDataCollector.command_get_combat_on_attack_yaw
636bd6	CameraDataCollector__command_get_combat_avoid_wall_yaw	0	CameraDataCollector.command_get_combat_avoid_wall_yaw
637574	CameraDataCollector__command_get_yaw_for_character_relative	1	CameraDataCollector.command_get_yaw_for_character_relative
637606	CameraDataCollector__command_yaw_for_move_inside_cone	1	CameraDataCollector.command_yaw_for_move_inside_cone
6378f6	CameraDataCollector__command_yaw_for_attack_and_character_relative	1	CameraDataCollector.command_yaw_for_attack_and_character_relative
637b5c	CameraLib__SetupCameraViewport	1	CameraLib.SetupCameraViewport
637c1a	CameraCharacterCombatManipulator__IsWithinAcceptableFieldOfViewCone	1	CameraCharacterCombatManipulator.IsWithinAcceptableFieldOfViewCone
637de0	CameraCtrl__command_activate	1	CameraCtrl.command_activate
637f66	CameraCtrl__StateActive	0	CameraCtrl.StateActive
6431d5	CameraModifierHealthEffect__SmoothFunc	1	CameraModifierHealthEffect.SmoothFunc
64322b	CameraPlayerVsPlayer__StateSecondary	1	CameraPlayerVsPlayer.StateSecondary
643298	CameraPlayerVsPlayer__StateInactive	0	CameraPlayerVsPlayer.StateInactive
6432ff	CameraPlayerVsPlayer__command_game_event	1	CameraPlayerVsPlayer.command_game_event
6435f9	CharacterCameraStateManager__DoReInitializeStateUpdate	1	CharacterCameraStateManager.DoReInitializeStateUpdate
643659	CharacterCameraStateManager__PickTransition	1	CharacterCameraStateManager.PickTransition
643706	CharacterCameraStateManager__FindDefaultCamera	0	CharacterCameraStateManager.FindDefaultCamera
64376d	CharacterCamera__command_combat_begin	1	CharacterCamera.command_combat_begin
6437ae	CharacterCamera__command_combat_end	0	CharacterCamera.command_combat_end
6437dc	CharacterCamera__command_should_change_state	0	CharacterCamera.command_should_change_state
6437f9	CharacterCamera__command_deactivate	1	CharacterCamera.command_deactivate
64387e	CharacterCamera__GetInvertedFactVer	1	CharacterCamera.GetInvertedFactVer
6438eb	CharacterCamera__GetInvertedFactHor	1	CharacterCamera.GetInvertedFactHor
643958	CharacterCamera__GetSign	0	CharacterCamera.GetSign
643975	CharacterComboAttack__command_register_attack	1	CharacterComboAttack.command_register_attack
6439aa	CharacterComboAttack__FilterExposedProperties	1	CharacterComboAttack.FilterExposedProperties
643a50	CameraModifierRecoil___root	1	CameraModifierRecoil._root
643b35	CameraModifierRecoil__CamRecoil	1	CameraModifierRecoil.CamRecoil
643cb0	CameraModifierSinusShake___root	1	CameraModifierSinusShake._root
643d95	CameraModifierSinusShake__SinusShake	1	CameraModifierSinusShake.SinusShake
643ec9	CameraPlayerVsPlayer__GetHorizontalFov	1	CameraPlayerVsPlayer.GetHorizontalFov
643f35	CameraTool__None	1	CameraTool.None
643fd6	shared___root	1	AnimationEvent._root; AnimationTransitionWM._root; AnimationVisualisationCtrl._root; AnimationVisualisationCtrlWM._root; CharacterAddonCtrl._root; CharacterCameraStateManager._root; FXLightningLightUpSky._root; GameArea._root; InputSetMode._root; PlayerTutorialTrigger._root; SpeakBuilder._root; TriggerActionGameMode._root (+2 more)
644043	CharacterAddonCtrl__active	1	CharacterAddonCtrl.active
644141	CharacterAIBrain___root	1	CharacterAIBrain._root
64434f	CharacterAIComboManager__RequestComboFromIndex	1	CharacterAIComboManager.RequestComboFromIndex
64444f	CharacterCameraAI__SimulateFallIn	1	CharacterCameraAI.SimulateFallIn
6447ff	CharacterCameraStateManager__SetToCameraCharacterStateStruct	1	CharacterCameraStateManager.SetToCameraCharacterStateStruct
644973	CharacterCameraStateManager__EndOverrideState	1	CharacterCameraStateManager.EndOverrideState
6449d4	CharacterCameraStateManager__RegisterCharacterCameraDBItem	1	CharacterCameraStateManager.RegisterCharacterCameraDBItem
644b18	CharacterCameraStateManager__SetDefaultUnCheckedVals	1	CharacterCameraStateManager.SetDefaultUnCheckedVals
644cc6	CharacterCamera__TestCollision	0	CharacterCamera.TestCollision
644f50	CharacterCamera__CastRay	1	CharacterCamera.CastRay
6450a8	CharacterCamera__SetCollisionData	0	CharacterCamera.SetCollisionData
6450e2	CharacterCamera__InitCatchUp	0	CharacterCamera.InitCatchUp
64511a	CharacterCamera__CatchUpTransition	1	CharacterCamera.CatchUpTransition
645177	CharacterCamera__EvalDistanceCatchUp	1	CharacterCamera.EvalDistanceCatchUp
64529a	CharacterCamera__HandleAcceleration	1	CharacterCamera.HandleAcceleration
645386	CharacterCamera__HandleDeceleration	1	CharacterCamera.HandleDeceleration
645492	CharacterCamera__GetUserInput	1	CharacterCamera.GetUserInput
645658	CharacterCamera__ClampHeadingSpeedWithinCone	1	CharacterCamera.ClampHeadingSpeedWithinCone
6457f3	CharacterCamera__ApplyModifiers	1	CharacterCamera.ApplyModifiers
645c80	CharacterCamera__GetLookDir	1	CharacterCamera.GetLookDir
645e00	CharacterCamera__GetActualOffSetX	1	CharacterCamera.GetActualOffSetX
645e88	CharacterComboAttack__initialize_local	1	CharacterComboAttack.initialize_local
645ee0	CameraModifierHealthEffect__initialize_local	1	CameraModifierHealthEffect.initialize_local
645f1f	CameraModifierHealthEffect__command_apply_smack	0	CameraModifierHealthEffect.command_apply_smack
645f4e	CameraModifierHealthEffect__command_get_effect	1	CameraModifierHealthEffect.command_get_effect
646298	CameraModifierRecoil__initialize_local	1	CameraModifierRecoil.initialize_local
6462c0	CameraModifierRecoil__command_force_allow_next	0	CameraModifierRecoil.command_force_allow_next
6462d2	CameraModifierRecoil__command_activate_modifier	1	CameraModifierRecoil.command_activate_modifier
6463bf	CameraModifierRecoil__command_get_tilt	1	CameraModifierRecoil.command_get_tilt
646439	CameraModifierRecoil__command_get_fov_factor	0	CameraModifierRecoil.command_get_fov_factor
64644b	CameraModifierRecoil__StateActive	1	CameraModifierRecoil.StateActive
64660b	CameraModifierSinusShake__initialize_local	1	CameraModifierSinusShake.initialize_local
646665	CameraModifierSinusShake__command_activate_modifier	1	CameraModifierSinusShake.command_activate_modifier
6466fd	CameraModifierSinusShake__command_get_shake	1	CameraModifierSinusShake.command_get_shake
6469c9	CameraModifierSinusShake__command_debug_add_shake_modifier	0	CameraModifierSinusShake.command_debug_add_shake_modifier
646bcc	CameraModifierSinusShake__StateActive	1	CameraModifierSinusShake.StateActive
646d2c	CameraPlayerVsPlayer__StatePrimary	1	CameraPlayerVsPlayer.StatePrimary
647244	CameraPlayerVsPlayer__command_deactivate_player_vs_player	0	CameraPlayerVsPlayer.command_deactivate_player_vs_player
64726f	CameraPlayerVsPlayer__command_update_camera	1	CameraPlayerVsPlayer.command_update_camera
64729a	CameraPlayerVsPlayer__command_deactivate_player_vs_player	0	CameraPlayerVsPlayer.command_deactivate_player_vs_player
6472c5	CameraPlayerVsPlayer__command_update_camera	1	CameraPlayerVsPlayer.command_update_camera
6473d2	CameraPlayerVsPlayer__command_activate_player_vs_player	0	CameraPlayerVsPlayer.command_activate_player_vs_player
64742d	CameraPlayerVsPlayer__initialize_external	1	CameraPlayerVsPlayer.initialize_external
64748c	CameraPlayerVsPlayer__UpdateCamera	0	CameraPlayerVsPlayer.UpdateCamera
647ec6	CameraTool__StateMain	0	CameraTool.StateMain
6487be	chainHookup__start	1	chainHookup.start
648837	shared_handler_648837	0	CharacterAddonCtrl.initialize_local; DelayedEmitterActivator.initialize_local; SessionLogCtrl.command_save; TriggerCounterScript.command_reset; TriggerCounterScript.initialize_external
648858	CharacterAddonCtrl__initialize_external	1	CharacterAddonCtrl.initialize_external
648de7	CharacterAddonCtrl__command_delete_physics	1	CharacterAddonCtrl.command_delete_physics
649026	CharacterAIBrain__command_is_pos_reachable	1	CharacterAIBrain.command_is_pos_reachable
64907c	CharacterAIBrain__IsPosReachableResult	1	CharacterAIBrain.IsPosReachableResult
6490bb	CharacterAIBrain__command_has_path	1	CharacterAIBrain.command_has_path
64915c	CharacterAIBrain__command_deactivate	0	CharacterAIBrain.command_deactivate
649179	CharacterAIBrain__command_activate	0	CharacterAIBrain.command_activate
6491d8	CharacterAIBrain__command_get_all_targets	1	CharacterAIBrain.command_get_all_targets
649389	CharacterAIBrain__command_get_all_targets_no_exception	1	CharacterAIBrain.command_get_all_targets_no_exception
6494f7	CharacterAIBrain__command_get_target_empty_ignore	1	CharacterAIBrain.command_get_target_empty_ignore
64956f	CharacterAIBrain__command_get_target	0	CharacterAIBrain.command_get_target
64a388	CharacterAIComboManager__command_perform_combo	1	CharacterAIComboManager.command_perform_combo
64a400	CharacterAIComboManager__StatePerformCombo	1	CharacterAIComboManager.StatePerformCombo
64a9c4	CharacterAIComboManager__command_get_forced_combo	0	CharacterAIComboManager.command_get_forced_combo
64a9de	CharacterAIComboManager__command_kill_combo	0	CharacterAIComboManager.command_kill_combo
64aa05	CharacterAIComboManager__command_combo_trimmed	1	CharacterAIComboManager.command_combo_trimmed
64abbf	CharacterCameraAI__command_update	1	CharacterCameraAI.command_update
64ad92	CharacterCameraDBItem__FilterExposedProperties	1	CharacterCameraDBItem.FilterExposedProperties
64b0ac	CharacterCameraStateManager__command_allow_fall_behind	0	CharacterCameraStateManager.command_allow_fall_behind
64b0c4	CharacterCameraStateManager__command_update	1	CharacterCameraStateManager.command_update
64b304	CharacterCameraStateManager__command_animation_event_received	1	CharacterCameraStateManager.command_animation_event_received
64b496	CharacterCameraStateManager__command_combat_begin	1	CharacterCameraStateManager.command_combat_begin
64b578	CharacterCameraStateManager__command_combat_end	1	CharacterCameraStateManager.command_combat_end
64b5a6	CharacterCameraStateManager__command_apply_transition_to_current_state	1	CharacterCameraStateManager.command_apply_transition_to_current_state
64b62e	CharacterCameraStateManager__command_get_transition	1	CharacterCameraStateManager.command_get_transition
64b670	CharacterCameraStateManager__command_reset_proper	0	CharacterCameraStateManager.command_reset_proper
64b6e5	CharacterCameraStateManager__command_reset_proper_more	1	CharacterCameraStateManager.command_reset_proper_more
64b715	CharacterCameraStateManager__command_initialize	1	CharacterCameraStateManager.command_initialize
64b822	CharacterCameraStateManager__command_reset	1	CharacterCameraStateManager.command_reset
64b84b	CharacterCameraStateManager__ForceStateChangeTo	1	CharacterCameraStateManager.ForceStateChangeTo
64b899	CharacterCameraStateManager__InitializeNewState	1	CharacterCameraStateManager.InitializeNewState
64ba81	CharacterCameraStateManager__PickSpecificTransition	1	CharacterCameraStateManager.PickSpecificTransition
64bb35	CharacterCameraStateManager__PickStateStickBased	1	CharacterCameraStateManager.PickStateStickBased
64bd4e	CharacterCameraStateManager__InitializeDBTable	1	CharacterCameraStateManager.InitializeDBTable
64bde9	CharacterCamera__command_game_event	1	CharacterCamera.command_game_event
64bead	CharacterCamera__initialize_local	1	CharacterCamera.initialize_local
64bfb0	CharacterCamera__initialize_external	1	CharacterCamera.initialize_external
64c052	CharacterCamera__command_activate	1	CharacterCamera.command_activate
64c1b4	CharacterCamera__BaseState	1	CharacterCamera.BaseState
64c330	CharacterCamera__StateActiveCombat	0	CharacterCamera.StateActiveCombat
64cee1	CharacterCamera__command_update_camera	0	CharacterCamera.command_update_camera
650d42	CharacterCamera__command_lookat_target_timed	0	CharacterCamera.command_lookat_target_timed
650d85	CharacterCamera__command_force_rotate	0	CharacterCamera.command_force_rotate
650dce	CharacterCamera__command_player_teleported	1	CharacterCamera.command_player_teleported
65124b	CharacterCamera__command_set_in_vector	0	CharacterCamera.command_set_in_vector
651632	CharacterCamera__StateActiveExploration	1	CharacterCamera.StateActiveExploration
651b3d	CharacterCamera__command_update_camera	0	CharacterCamera.command_update_camera
652ddd	CharacterCamera__command_set_in_vector	0	CharacterCamera.command_set_in_vector
65355d	CharacterCamera__command_player_teleported	1	CharacterCamera.command_player_teleported
653883	CharacterCamera__CapsuleCheck	1	CharacterCamera.CapsuleCheck
653b26	CharacterCamera__OffsetXCheck	0	CharacterCamera.OffsetXCheck
654196	CharacterCamera__LineCheckDistanceCalc	1	CharacterCamera.LineCheckDistanceCalc
65436e	CharacterCamera__LineChecks	0	CharacterCamera.LineChecks
654760	CharacterCamera__CheckForCollision	1	CharacterCamera.CheckForCollision
65487e	CharacterCamera__CapsuleCheckHitStruct	1	CharacterCamera.CapsuleCheckHitStruct
654a7a	CharacterCamera__CastRayHitStruct	1	CharacterCamera.CastRayHitStruct
654c5f	CharacterCamera__ReceiveButtonInputs	0	CharacterCamera.ReceiveButtonInputs
655602	CharacterCamera__HandleSpeed	1	CharacterCamera.HandleSpeed
6556d7	CharacterCamera__GetLookatWorldpos	0	CharacterCamera.GetLookatWorldpos
655b64	CharacterCamera__GetYOffSet	1	CharacterCamera.GetYOffSet
655d5e	CharacterCamera__GetHeadBonePos	1	CharacterCamera.GetHeadBonePos
655e27	CharacterCamera__InitializeCameraProperties	1	CharacterCamera.InitializeCameraProperties
6561b2	chainHookup__None	1	chainHookup.None
6563a0	CharacterAddonCtrl__command_update_addons	0	CharacterAddonCtrl.command_update_addons
6574cd	CharacterAddonCtrl__None	0	CharacterAddonCtrl.None
662552	CharacterComboString__MapCharacterComboItemToLogicalInputButton	0	CharacterComboString.MapCharacterComboItemToLogicalInputButton
6625c5	CharacterDebug__initialize_external	0	CharacterDebug.initialize_external
6625d7	CharacterDef__IsHeadCharacter	1	CharacterDef.IsHeadCharacter
662661	CharacterExpandVolume__command_deflate	0	CharacterExpandVolume.command_deflate
662671	shared_handler_662671	0	CharacterCameraAI.command_reset; CharacterExpandVolume.command_inflate
66267e	CharacterGroup__FireDeadActions	1	CharacterGroup.FireDeadActions
6626b1	CharacterGroup__SetPhysicsWorld	0	CharacterGroup.SetPhysicsWorld
6626e6	CharacterGroup__GetCharacter	1	CharacterGroup.GetCharacter
662728	CharacterHeadCtrl__command_set_character_model_id	0	CharacterHeadCtrl.command_set_character_model_id
66273d	CharacterHeadCtrl__command_terminate	1	CharacterHeadCtrl.command_terminate
66280e	characterlib__ComboItem2ShortText	1	characterlib.ComboItem2ShortText
662a22	characterlib__IsCharacterTheSignedInPlayer	0	characterlib.IsCharacterTheSignedInPlayer
662a4e	characterlib__SetRagdollBoneAngularVelocity	1	characterlib.SetRagdollBoneAngularVelocity
662a78	characterlib__ComboEnginePropertyExposed	1	characterlib.ComboEnginePropertyExposed
662b1a	characterlib__GetUniqueAttackId	0	characterlib.GetUniqueAttackId
662bbc	CharacterComboDatabase___root	1	CharacterComboDatabase._root
662cac	CharacterComboDatabase__IsComboUnlocked	1	CharacterComboDatabase.IsComboUnlocked
662d15	CharacterComboDatabase__SortComboList	1	CharacterComboDatabase.SortComboList
662f47	shared___root	1	AnimationPlayPosReverse._root; CharacterCameraDBItem._root; CharacterComboItem._root; DebugScriptShortcuts._root; ElectricArmor._root; FlameThrower._root; FxHighlightDef._root; GFXDecalEffectType._root; GFXParticleEffectType._root; MenuSoundInit._root; MusicGroupCtrl._root; MusicOneOffSlot._root (+12 more)
662fb2	CharacterComboString___root	0	CharacterComboString._root
6630c5	CharacterControl__CollisionContactAdded	1	CharacterControl.CollisionContactAdded
663129	CharacterControl__None	1	CharacterControl.None
6635d8	CharacterDebug__StateMain	1	CharacterDebug.StateMain
66395f	CharacterEffectDef___root	1	CharacterEffectDef._root
663a70	CharacterEnviromentClothCtrl__active	1	CharacterEnviromentClothCtrl.active
663b13	shared_handler_663b13	0	CharacterEnviromentClothCtrl.None; MusicTrigger.initialize_local
663b21	CharacterHeadCtrl__command_look_at_pivotnode	1	CharacterHeadCtrl.command_look_at_pivotnode
663b6a	CharacterHeadCtrl__command_look_at_pos	1	CharacterHeadCtrl.command_look_at_pos
663bb3	CharacterHeadCtrl__command_set_anims	1	CharacterHeadCtrl.command_set_anims
663e3a	CharacterHeadCtrl__StateInactive	1	CharacterHeadCtrl.StateInactive
663ea5	CharacterHeadCtrl__UpdateHeadBone	1	CharacterHeadCtrl.UpdateHeadBone
663f59	CharacterHeadCtrl__UpdateHeadAndChestDirections	1	CharacterHeadCtrl.UpdateHeadAndChestDirections
66457e	CharacterHeadCtrl__UpdateMinMaxHeading	1	CharacterHeadCtrl.UpdateMinMaxHeading
6646c3	CharacterHeadCtrl__ApplySteeringForce	1	CharacterHeadCtrl.ApplySteeringForce
6647d6	CharacterHeadCtrl__ToPitch	1	CharacterHeadCtrl.ToPitch
664a11	CharacterHeadCtrl__None	1	CharacterHeadCtrl.None
664b0f	characterlib__RemoveFromUpdateList	1	characterlib.RemoveFromUpdateList
664b8c	characterlib__CharacterIsUpdated	0	characterlib.CharacterIsUpdated
664bf2	characterlib__ResetUpdateList	0	characterlib.ResetUpdateList
664c4b	characterlib__AllCharactersUpdated	0	characterlib.AllCharactersUpdated
664c9d	characterlib__GetSignedInCharacterRoot	1	characterlib.GetSignedInCharacterRoot
664d43	characterlib__CompareComboItems	0	characterlib.CompareComboItems
664d6d	characterlib__RegisterPlayableCharacter	1	characterlib.RegisterPlayableCharacter
664dd8	characterlib__GetPlayableCharacter	0	characterlib.GetPlayableCharacter
664e1a	characterlib__GetRagdollMeanVelocity	1	characterlib.GetRagdollMeanVelocity
664f7d	characterlib__SetRagdollMeanVelocity	1	characterlib.SetRagdollMeanVelocity
664ff3	characterlib__SetRagdollMeanImpuls	1	characterlib.SetRagdollMeanImpuls
6650bf	characterlib__RotateAndScaleRagdollVelocity	0	characterlib.RotateAndScaleRagdollVelocity
6653a5	characterlib__ScaleRagdollBoneVelocities	1	characterlib.ScaleRagdollBoneVelocities
66548b	characterlib__GetCharacterRootFromCollisionActor	1	characterlib.GetCharacterRootFromCollisionActor
665581	characterlib__GetRagdollMass	1	characterlib.GetRagdollMass
6655ed	characterlib__DebugCharName	1	characterlib.DebugCharName
66568b	CharacterLodCtrl__DeleteCharacterIndex	1	CharacterLodCtrl.DeleteCharacterIndex
665725	shared___root	1	CameraCharacterSetPos._root; CharacterModelCollection._root; SpriteUVRotate._root
665792	CharacterComboDatabase__command_trim_combo_list	1	CharacterComboDatabase.command_trim_combo_list
665a52	CharacterComboDatabase__initialize_local	1	CharacterComboDatabase.initialize_local
665a76	CharacterComboDatabase__FilterExposedProperties	1	CharacterComboDatabase.FilterExposedProperties
665b58	CharacterComboDef__command_register_attack	1	CharacterComboDef.command_register_attack
665b8c	CharacterComboDef__command_get_combo_attack	1	CharacterComboDef.command_get_combo_attack
665c68	CharacterComboDef__initialize_local	1	CharacterComboDef.initialize_local
665c94	CharacterComboItem__FilterExposedProperties	1	CharacterComboItem.FilterExposedProperties
665e52	CharacterComboString__command_set_ability_state	0	CharacterComboString.command_set_ability_state
665e69	CharacterComboString__command_is_shown	0	CharacterComboString.command_is_shown
665e9f	shared_handler_665e9f	0	CharacterComboString.command_get_text_slot_index; SoundCtrl.command_get_deafult_group
665eb1	CharacterComboString__command_get_ability	0	CharacterComboString.command_get_ability
665ec3	CharacterComboString__initialize_local	1	CharacterComboString.initialize_local
666039	CharacterComboString__initialize_external	1	CharacterComboString.initialize_external
6661f7	CharacterComboString__FilterExposedProperties	1	CharacterComboString.FilterExposedProperties
666a4f	CharacterComboString__button_test_on_main_char	1	CharacterComboString.button_test_on_main_char
666ae3	CharacterComboString__debug_match_ability	0	CharacterComboString.debug_match_ability
666b09	CharacterControl__start	1	CharacterControl.start
666c4d	CharacterDebug__debug_print	1	CharacterDebug.debug_print
666c99	CharacterDef__command_get_combo_setup	1	CharacterDef.command_get_combo_setup
666cf1	CharacterDef__command_get_default_damage_modifier	0	CharacterDef.command_get_default_damage_modifier
666d03	CharacterDef__command_get_override_model	1	CharacterDef.command_get_override_model
666d6e	CharacterDef__command_get_head_model	1	CharacterDef.command_get_head_model
666db8	CharacterDef__initialize_local	1	CharacterDef.initialize_local
666e6f	CharacterDef__initialize_external	1	CharacterDef.initialize_external
666e9c	CharacterDef__deinitialize	1	CharacterDef.deinitialize
666f04	CharacterDef__playmode_end	1	CharacterDef.playmode_end
666f31	CharacterDef__stop_mode_initialize	1	CharacterDef.stop_mode_initialize
666f6f	CharacterDef__FilterExposedProperties	1	CharacterDef.FilterExposedProperties
667324	CharacterEffectDef__command_play_block_effect	1	CharacterEffectDef.command_play_block_effect
6673d0	CharacterEffectDef__command_play_damage_effect	1	CharacterEffectDef.command_play_damage_effect
66766c	CharacterEffectDef__initialize_local	1	CharacterEffectDef.initialize_local
667960	CharacterEffectDef__debug_fire_effect	1	CharacterEffectDef.debug_fire_effect
667a4a	CharacterEnviromentClothCtrl__initialize_external	1	CharacterEnviromentClothCtrl.initialize_external
667aca	CharacterEnviromentClothCtrl__command_update_environment_cloth	0	CharacterEnviromentClothCtrl.command_update_environment_cloth
668018	CharacterExpandVolume__start	1	CharacterExpandVolume.start
6680f4	CharacterExpandVolume__None	1	CharacterExpandVolume.None
668305	CharacterExpandVolume__DrawDebugVolume	1	CharacterExpandVolume.DrawDebugVolume
6683ba	CharacterGroup__command_create_zones	1	CharacterGroup.command_create_zones
66873d	CharacterGroup__command_leaving_zone	1	CharacterGroup.command_leaving_zone
6687c1	CharacterGroup__command_entering_zone	1	CharacterGroup.command_entering_zone
668845	CharacterGroup__command_add_character_to_group	1	CharacterGroup.command_add_character_to_group
6688d4	CharacterGroup__command_remove_character_from_group	1	CharacterGroup.command_remove_character_from_group
66897e	CharacterGroup__command_get_number_of_active_in_group	0	CharacterGroup.command_get_number_of_active_in_group
668a0e	CharacterGroup__initialize_local	1	CharacterGroup.initialize_local
668a99	CharacterGroup__initialize_external	1	CharacterGroup.initialize_external
668bb2	CharacterGroup__FilterExposedProperties	1	CharacterGroup.FilterExposedProperties
668ded	CharacterGroup__StateActive	1	CharacterGroup.StateActive
668fe4	CharacterGroup__SetHeightAboveGround	1	CharacterGroup.SetHeightAboveGround
66932f	CharacterGroup__RecursiveFindChildCharacters	1	CharacterGroup.RecursiveFindChildCharacters
6693ca	CharacterHeadCtrl__command_init	1	CharacterHeadCtrl.command_init
669446	CharacterHeadCtrl__initialize_local	0	CharacterHeadCtrl.initialize_local
669496	CharacterHeadCtrl__command_activate	1	CharacterHeadCtrl.command_activate
669c73	shared_handler_669c73	0	CharacterHeadCtrl.command_update_head_character; CharacterHeadCtrl.command_update_head_ctrl
669c94	CharacterHeadCtrl__StateActive	1	CharacterHeadCtrl.StateActive
669f14	CharacterHeadCtrl__command_deactivate	0	CharacterHeadCtrl.command_deactivate
669f45	CharacterHeadCtrl__command_update_head_ctrl	1	CharacterHeadCtrl.command_update_head_ctrl
66a2a5	CharacterHeadCtrl__HeadCharacterUpdate	1	CharacterHeadCtrl.HeadCharacterUpdate
66a5ae	CharacterHeadCtrl__UpdateHeading	0	CharacterHeadCtrl.UpdateHeading
66ab44	CharacterHeadCtrl__UpdatePitch	1	CharacterHeadCtrl.UpdatePitch
66afc4	characterlib__AddToUpdateList	1	characterlib.AddToUpdateList
66b02c	characterlib__IsCharacterTheSignedInPlayerOrSinglePlayer	1	characterlib.IsCharacterTheSignedInPlayerOrSinglePlayer
66b127	characterlib__GetGoodDodgeHeading	1	characterlib.GetGoodDodgeHeading
66b34d	characterlib__CompareComboStructLists	1	characterlib.CompareComboStructLists
66b43d	characterlib__SetRagdollAngularVelocity	0	characterlib.SetRagdollAngularVelocity
66b68a	CharacterLodCtrl__command_register_enemy_spawn	1	CharacterLodCtrl.command_register_enemy_spawn
66b6b8	CharacterLodCtrl__command_register_enemy	1	CharacterLodCtrl.command_register_enemy
66b7b8	CharacterLodCtrl__command_unregister_enemy	1	CharacterLodCtrl.command_unregister_enemy
66b7e6	CharacterLodCtrl__command_get_num_incoming	0	CharacterLodCtrl.command_get_num_incoming
66b80a	CharacterLodCtrl__command_delete	1	CharacterLodCtrl.command_delete
66b917	CharacterLodCtrl__command_game_event	1	CharacterLodCtrl.command_game_event
66ba62	CharacterLodCtrl__initialize_local	0	CharacterLodCtrl.initialize_local
66ba74	CharacterLodCtrl__initialize_external	1	CharacterLodCtrl.initialize_external
66bb68	CharacterLodCtrl__StateActive	0	CharacterLodCtrl.StateActive
66c3b5	CharacterLodCtrl__DeleteCharacter	1	CharacterLodCtrl.DeleteCharacter
66c415	CharacterLodCtrl__DoEnableCharacter	1	CharacterLodCtrl.DoEnableCharacter
66c4f7	CharacterLodCtrl__CharacterWithinDist	1	CharacterLodCtrl.CharacterWithinDist
66c614	CharacterLodCtrl__CharacterWithInFieldOfView	1	CharacterLodCtrl.CharacterWithInFieldOfView
66c824	CharacterLodCtrl__CharacterLineOfSight	1	CharacterLodCtrl.CharacterLineOfSight
66ca15	CharacterModelCollection__command_get_model	1	CharacterModelCollection.command_get_model
66cbdd	CharacterModelCollection__command_get_model_by_id	1	CharacterModelCollection.command_get_model_by_id
66ccad	CharacterModelCollection__command_decrease_model_ref	1	CharacterModelCollection.command_decrease_model_ref
66cd2a	CharacterModelCollection__initialize_local	1	CharacterModelCollection.initialize_local
66cd98	CharacterComboDatabase__command_get_longest_valid_combo	1	CharacterComboDatabase.command_get_longest_valid_combo
66d0ec	CharacterExpandVolume__updateJoint	1	CharacterExpandVolume.updateJoint
675c9f	CharacterRootLogic__ClearAttackData	1	CharacterRootLogic.ClearAttackData
675ce6	CharacterRootLogic__ComboManipulateDamage	1	CharacterRootLogic.ComboManipulateDamage
675d5a	CharacterRootLogic__GetEnemyFlagsFromTarget	1	CharacterRootLogic.GetEnemyFlagsFromTarget
675dff	CharacterRootLogic__StopTwilightLadyCamLock	1	CharacterRootLogic.StopTwilightLadyCamLock
675f4f	CharacterRootLogic__DualAnimBroken	1	CharacterRootLogic.DualAnimBroken
67611e	CharacterRoot__IsInteractive	1	CharacterRoot.IsInteractive
676172	CharacterRoot__UptateAnimationDataAnimPartner	1	CharacterRoot.UptateAnimationDataAnimPartner
67625b	CharacterRoot__DeleteCharacterRootFragment	1	CharacterRoot.DeleteCharacterRootFragment
6763e7	CharacterRoot__DisableSubSystems	1	CharacterRoot.DisableSubSystems
6764ce	CharacterRoot__DebugClearCharacter	1	CharacterRoot.DebugClearCharacter
6764ff	CharacterSoundDef__initialize_local	1	CharacterSoundDef.initialize_local
676574	CharacterSpecialDef__initialize_local	0	CharacterSpecialDef.initialize_local
6769f5	CharacterSweepAttack__GetRightSliceAngle	1	CharacterSweepAttack.GetRightSliceAngle
676a28	CharacterSweepAttack__GetCurrentDistance	0	CharacterSweepAttack.GetCurrentDistance
676bde	CharacterVisual__GetHeadingQuaternionFromNumber	1	CharacterVisual.GetHeadingQuaternionFromNumber
676c64	CollisionCapsuleNode___root	1	CollisionCapsuleNode._root
676da0	CollisionCapsuleNode__DccTest	0	CollisionCapsuleNode.DccTest
676db9	CollisionCapsuleNode__CleanUp_eDccJoint	1	CollisionCapsuleNode.CleanUp_eDccJoint
676fd0	CollisionCapsuleNode__IsMoving	1	CollisionCapsuleNode.IsMoving
6770ff	CharacterRagdollSetup__getRagdoll	1	CharacterRagdollSetup.getRagdoll
67715e	CharacterRootLogic___root	1	CharacterRootLogic._root
677567	CharacterRootLogic__IsInterruptAttack	0	CharacterRootLogic.IsInterruptAttack
6775e3	CharacterRootLogic__GiveImpulseToDynamicObjects	1	CharacterRootLogic.GiveImpulseToDynamicObjects
6778f4	CharacterRootLogic__TwilightLadyChangeTargetIfAttackingAI	1	CharacterRootLogic.TwilightLadyChangeTargetIfAttackingAI
677a8e	CharacterRootLogic__AddSpecialAttackToCombo	0	CharacterRootLogic.AddSpecialAttackToCombo
677b58	CharacterRootLogic__PlayAttackStartEffects	1	CharacterRootLogic.PlayAttackStartEffects
677be0	CharacterRootLogic__SetTextureSheetData	1	CharacterRootLogic.SetTextureSheetData
677c93	CharacterRootLogic__FinishOrStompEnemy	1	CharacterRootLogic.FinishOrStompEnemy
677dcc	CharacterRoot___root	1	CharacterRoot._root
677f3f	CharacterRoot__SetAggressive	1	CharacterRoot.SetAggressive
678021	CharacterRoot__initializeCloth	1	CharacterRoot.initializeCloth
6780e3	shared_handler_6780e3	1	CharacterRoot.blendClothBlendFactor; CharacterRoot.setClothPhysicsBlendFactor
678156	CharacterRoot__UpdateBodyAndHead	0	CharacterRoot.UpdateBodyAndHead
6781a3	CharacterRoot__IsInFrustrum	1	CharacterRoot.IsInFrustrum
678254	CharacterRoot__IsAIPartner	0	CharacterRoot.IsAIPartner
678288	CharacterRoot__UpdateHealth	1	CharacterRoot.UpdateHealth
67884e	CharacterRoot__InstantiateSubSystems	1	CharacterRoot.InstantiateSubSystems
67909b	CharacterRoot__DeleteCharacterVisualFragment	1	CharacterRoot.DeleteCharacterVisualFragment
67926c	CharacterRoot__CheckType	1	CharacterRoot.CheckType
679346	CharacterSimple__initialize_local	1	CharacterSimple.initialize_local
679525	CharacterSoundDef__command_play_attack_start_pos	1	CharacterSoundDef.command_play_attack_start_pos
6795dc	CharacterSpawner___root	0	CharacterSpawner._root
679694	CharacterSpawner__EraseBody	1	CharacterSpawner.EraseBody
679783	CharacterSpeakDefinitionUpdate__updateSpeakIDType	1	CharacterSpeakDefinitionUpdate.updateSpeakIDType
679a78	CharacterSpeakDefinitionUpdate__findAllSpeakDefs	1	CharacterSpeakDefinitionUpdate.findAllSpeakDefs
679c05	CharacterSweepAttack___root	1	CharacterSweepAttack._root
679caa	CharacterSweepAttack__CreatePotentialTargetList	1	CharacterSweepAttack.CreatePotentialTargetList
679dd8	CharacterVisual___root	1	CharacterVisual._root
679ee0	CharacterVisual__StateAnimationDriven	1	CharacterVisual.StateAnimationDriven
67a035	CharacterVisual__AddRagdollBoneVelocities	1	CharacterVisual.AddRagdollBoneVelocities
67a127	CharacterVisual__UpdateCameraCtrl	1	CharacterVisual.UpdateCameraCtrl
67a17e	CharacterVisual__iterationScan	1	CharacterVisual.iterationScan
67a2ba	CharacterVisual__DetermineRagdollCollisionSoundGroupIndex	1	CharacterVisual.DetermineRagdollCollisionSoundGroupIndex
67a31e	CharacterVisual__SetupBoneMap	1	CharacterVisual.SetupBoneMap
67aa93	CharacterVisual__GetRagdollBone	1	CharacterVisual.GetRagdollBone
67ab25	CharPhysics__None	1	CharPhysics.None
67ac22	CollisionCapsuleNode__command_dual_end	0	CollisionCapsuleNode.command_dual_end
67ac7d	CollisionCapsuleNode__debug_visualize_dcc	0	CollisionCapsuleNode.debug_visualize_dcc
67b342	CollisionCapsuleNode__command_break_joint	0	CollisionCapsuleNode.command_break_joint
67b363	CollisionCapsuleNode__command_just_teleported	0	CollisionCapsuleNode.command_just_teleported
67b37e	CollisionCapsuleNode__command_get_linear_velocity	1	CollisionCapsuleNode.command_get_linear_velocity
67b3f8	CollisionCapsuleNode__command_is_on_slope	1	CollisionCapsuleNode.command_is_on_slope
67b432	CollisionCapsuleNode__command_get_interpolated_worldposition	1	CollisionCapsuleNode.command_get_interpolated_worldposition
67b508	CollisionCapsuleNode__command_detect_wall	0	CollisionCapsuleNode.command_detect_wall
67bd0c	CollisionCapsuleNode__command_is_wall_colliding	0	CollisionCapsuleNode.command_is_wall_colliding
67bd21	CollisionCapsuleNode__command_get_wall_angle	0	CollisionCapsuleNode.command_get_wall_angle
67bd36	CollisionCapsuleNode__command_goto_animation_mode	0	CollisionCapsuleNode.command_goto_animation_mode
67c708	CollisionCapsuleNode__command_goto_grappling_hook	0	CollisionCapsuleNode.command_goto_grappling_hook
67c736	CollisionCapsuleNode__command_reset_collision	0	CollisionCapsuleNode.command_reset_collision
67c746	shared__command_set_collision_group	1	CharacterVisual.command_set_collision_group; CollisionCapsuleNode.command_set_collision_group
67c774	CollisionCapsuleNode__command_get_safe_collsion_group	0	CollisionCapsuleNode.command_get_safe_collsion_group
67c789	CollisionCapsuleNode__command_set_safe_collision_group	0	CollisionCapsuleNode.command_set_safe_collision_group
67c79e	CollisionCapsuleNode__command_get_prev_collsion_group	0	CollisionCapsuleNode.command_get_prev_collsion_group
67c7b3	CollisionCapsuleNode__command_is_moving	1	CollisionCapsuleNode.command_is_moving
67c7e4	CollisionCapsuleNode__CollisionResponse	1	CollisionCapsuleNode.CollisionResponse
67c845	CollisionCapsuleNode__CollisionContactAdded	1	CollisionCapsuleNode.CollisionContactAdded
67cbce	CollisionCapsuleNode__command_character_placeholding_out	0	CollisionCapsuleNode.command_character_placeholding_out
67cc00	CollisionCapsuleNode__command_activate_collision	1	CollisionCapsuleNode.command_activate_collision
67d18f	CollisionCapsuleNode__command_deactivate_collision	1	CollisionCapsuleNode.command_deactivate_collision
67d2a5	CollisionCapsuleNode__StateOnGround	1	CollisionCapsuleNode.StateOnGround
67d4a9	CollisionCapsuleNode__command_state_ragdoll	0	CollisionCapsuleNode.command_state_ragdoll
67d4d7	CollisionCapsuleNode__command_state_charge	0	CollisionCapsuleNode.command_state_charge
67d505	shared_handler_67d505	0	CollisionCapsuleNode.command_is_headctrl_allowed; CollisionCapsuleNode.command_is_use_allowed
67d52c	CollisionCapsuleNode__command_attempt_move	1	CollisionCapsuleNode.command_attempt_move
67d89e	CollisionCapsuleNode__StateCharge	0	CollisionCapsuleNode.StateCharge
67f332	CollisionCapsuleNode__command_state_free_fall	0	CollisionCapsuleNode.command_state_free_fall
67f35d	CollisionCapsuleNode__command_attempt_move	1	CollisionCapsuleNode.command_attempt_move
67f490	CollisionCapsuleNode__command_state_free_fall	0	CollisionCapsuleNode.command_state_free_fall
67f4bb	CollisionCapsuleNode__command_goto_grappling_hook	0	CollisionCapsuleNode.command_goto_grappling_hook
67f4e1	CollisionCapsuleNode__command_get_my_blend_time	0	CollisionCapsuleNode.command_get_my_blend_time
67f4fc	CollisionCapsuleNode__command_slave_stopped	0	CollisionCapsuleNode.command_slave_stopped
67f522	CollisionCapsuleNode__command_get_world_orient	0	CollisionCapsuleNode.command_get_world_orient
67f53d	CollisionCapsuleNode__command_state_ragdoll	0	CollisionCapsuleNode.command_state_ragdoll
67f56b	CollisionCapsuleNode__command_goto_phys_normal_mode	1	CollisionCapsuleNode.command_goto_phys_normal_mode
67f5d2	CollisionCapsuleNode__command_absolute_loop	1	CollisionCapsuleNode.command_absolute_loop
67f70c	CollisionCapsuleNode__command_get_blend_source	0	CollisionCapsuleNode.command_get_blend_source
67f727	CollisionCapsuleNode__command_attempt_move	1	CollisionCapsuleNode.command_attempt_move
67f7b0	CollisionCapsuleNode__command_absolute_update	0	CollisionCapsuleNode.command_absolute_update
68012e	CollisionCapsuleNode__StateRagdoll	1	CollisionCapsuleNode.StateRagdoll
6802cd	CollisionCapsuleNode__command_init_state_free_fall	0	CollisionCapsuleNode.command_init_state_free_fall
6802fb	shared_handler_6802fb	0	CollisionCapsuleNode.command_state_free_fall; CollisionCapsuleNode.command_state_on_ground
680326	CollisionCapsuleNode__StateInitFreeFall	1	CollisionCapsuleNode.StateInitFreeFall
680418	shared_handler_680418	0	CollisionCapsuleNode.command_state_free_fall; CollisionCapsuleNode.command_state_on_ground
680443	CollisionCapsuleNode__command_state_ragdoll	0	CollisionCapsuleNode.command_state_ragdoll
680471	CollisionCapsuleNode__DccAttemptMove	1	CollisionCapsuleNode.DccAttemptMove
680544	CollisionCapsuleNode__DccTeleportMode	1	CollisionCapsuleNode.DccTeleportMode
680654	CollisionCapsuleNode__DccUpdate	0	CollisionCapsuleNode.DccUpdate
681e7b	CollisionCapsuleNode__FeedBack	1	CollisionCapsuleNode.FeedBack
6823dc	CollisionCapsuleNode__RagdollFeedBack	1	CollisionCapsuleNode.RagdollFeedBack
6825ff	CollisionCapsuleNode__DynamicObjectFeedBack	0	CollisionCapsuleNode.DynamicObjectFeedBack
682b7c	CharacterRagdollSetup__command_setup_default_character	1	CharacterRagdollSetup.command_setup_default_character
682c60	CharacterRagdollSetup__CreateBoneInfo	1	CharacterRagdollSetup.CreateBoneInfo
683545	CharacterRagdollSetup__BoneMasses	0	CharacterRagdollSetup.BoneMasses
683c6b	CharacterRagdollSetup__BoneDampings	1	CharacterRagdollSetup.BoneDampings
683d12	CharacterRagdollSetup__JointLimits	0	CharacterRagdollSetup.JointLimits
6846e8	CharacterRagdollSetup__CreateJointInfo	1	CharacterRagdollSetup.CreateJointInfo
68647e	CharacterRootLogic__command_controllable	0	CharacterRootLogic.command_controllable
686495	CharacterRootLogic__command_attack_fast	1	CharacterRootLogic.command_attack_fast
686529	CharacterRootLogic__command_force_beckoning	1	CharacterRootLogic.command_force_beckoning
68655c	CharacterRootLogic__command_blocked	1	CharacterRootLogic.command_blocked
68658d	CharacterRootLogic__command_attack_slow	1	CharacterRootLogic.command_attack_slow
686619	CharacterRootLogic__command_attack_throw	1	CharacterRootLogic.command_attack_throw
68664c	CharacterRootLogic__command_counter_attack	1	CharacterRootLogic.command_counter_attack
6866f9	CharacterRootLogic__command_force_finishing_move	1	CharacterRootLogic.command_force_finishing_move
6867b7	CharacterRootLogic__command_force_counter_attack	1	CharacterRootLogic.command_force_counter_attack
686a17	CharacterRootLogic__command_dodge	1	CharacterRootLogic.command_dodge
686e56	CharacterRootLogic__command_block	1	CharacterRootLogic.command_block
687722	CharacterRootLogic__command_step	1	CharacterRootLogic.command_step
687789	CharacterRootLogic__command_attack_charge	1	CharacterRootLogic.command_attack_charge
6877e9	CharacterRootLogic__command_attack_step_around	1	CharacterRootLogic.command_attack_step_around
68785f	CharacterRootLogic__command_attack_electrify_armor	1	CharacterRootLogic.command_attack_electrify_armor
687892	CharacterRootLogic__command_attack_grenade	1	CharacterRootLogic.command_attack_grenade
6878c5	CharacterRootLogic__command_perform_combo	1	CharacterRootLogic.command_perform_combo
687914	CharacterRootLogic__command_perform_combo_is_running	1	CharacterRootLogic.command_perform_combo_is_running
68793b	CharacterRootLogic__command_kill_combo	1	CharacterRootLogic.command_kill_combo
6879ed	CharacterRootLogic__command_sweep_target_detected	1	CharacterRootLogic.command_sweep_target_detected
687a7f	shared_handler_687a7f	0	CharacterRootLogic.command_get_character_root; PlayerCtrl.command_get_player_id; SoundCtrl.command_get_voice_group
687a91	CharacterRootLogic__command_is_immune	1	CharacterRootLogic.command_is_immune
687bc5	CharacterRootLogic__command_do_special_state_handling	1	CharacterRootLogic.command_do_special_state_handling
68810a	CharacterRootLogic__command_update_combo_timing	1	CharacterRootLogic.command_update_combo_timing
6888f2	CharacterRootLogic__command_electrified_armor_hit	1	CharacterRootLogic.command_electrified_armor_hit
688938	CharacterRootLogic__command_set_ragdoll_modifier_direction	1	CharacterRootLogic.command_set_ragdoll_modifier_direction
688961	CharacterRootLogic__command_start_animation_state	0	CharacterRootLogic.command_start_animation_state
68a371	CharacterRootLogic__command_end_animation_state	1	CharacterRootLogic.command_end_animation_state
68a592	CharacterRootLogic__command_absolute_animation_looped	0	CharacterRootLogic.command_absolute_animation_looped
68a5b0	CharacterRootLogic__command_uber_rage	1	CharacterRootLogic.command_uber_rage
68a6a2	CharacterRootLogic__command_stop_uber_rage	1	CharacterRootLogic.command_stop_uber_rage
68a79f	CharacterRootLogic__command_goto_phys_absolute_mode	1	CharacterRootLogic.command_goto_phys_absolute_mode
68a821	CharacterRootLogic__command_goto_phys_normal_mode	0	CharacterRootLogic.command_goto_phys_normal_mode
68a83f	CharacterRootLogic__command_reset_physics_state	0	CharacterRootLogic.command_reset_physics_state
68a85d	CharacterRootLogic__command_clear_attacks	0	CharacterRootLogic.command_clear_attacks
68a881	CharacterRootLogic__command_clear_all	1	CharacterRootLogic.command_clear_all
68a903	CharacterRootLogic__command_clear_pending_attacks	1	CharacterRootLogic.command_clear_pending_attacks
68a96f	CharacterRootLogic__None	1	CharacterRootLogic.None
68ab2a	CharacterRootLogic__command_finalize_initialization	1	CharacterRootLogic.command_finalize_initialization
68ab87	CharacterRootLogic__deinitialize	1	CharacterRootLogic.deinitialize
68abab	CharacterRootLogic__StateCharacterRootLogic	1	CharacterRootLogic.StateCharacterRootLogic
68b02f	CharacterRootLogic__ExecuteSpecialAction	1	CharacterRootLogic.ExecuteSpecialAction
68b1ad	CharacterRootLogic__DoComboTimingTrim	1	CharacterRootLogic.DoComboTimingTrim
68b351	CharacterRootLogic__ExecuteAttack	1	CharacterRootLogic.ExecuteAttack
68b8a8	CharacterRootLogic__TestImpactOnDynamicObjects	0	CharacterRootLogic.TestImpactOnDynamicObjects
68bca8	CharacterRootLogic__AddAttackToCombo	1	CharacterRootLogic.AddAttackToCombo
68bf6f	CharacterRootLogic__InitializeNextAttack	0	CharacterRootLogic.InitializeNextAttack
68cec1	CharacterRootLogic__StartUpSpecialAction	1	CharacterRootLogic.StartUpSpecialAction
68d36a	CharacterRootLogic__TestForCounterAttack	0	CharacterRootLogic.TestForCounterAttack
68d870	CharacterRootLogic__FireAttackBasedOnAttackID	1	CharacterRootLogic.FireAttackBasedOnAttackID
68e49e	CharacterRootLogic__SetAngleToTarget	1	CharacterRootLogic.SetAngleToTarget
68e7aa	CharacterRoot__script_construct	1	CharacterRoot.script_construct
68e7ce	CharacterRoot__command_get_playable_type	0	CharacterRoot.command_get_playable_type
68e7e6	CharacterRoot__button_command_set_debug_target	0	CharacterRoot.button_command_set_debug_target
68e804	CharacterRoot__command_test	1	CharacterRoot.command_test
68e843	CharacterRoot__command_is_place_holder	0	CharacterRoot.command_is_place_holder
68e858	CharacterRoot__command_set_movement	1	CharacterRoot.command_set_movement
68ea67	CharacterRoot__command_set_facing	1	CharacterRoot.command_set_facing
68ead1	CharacterRoot__command_set_move_and_face_heading_to_actual_heading	1	CharacterRoot.command_set_move_and_face_heading_to_actual_heading
68ebc7	CharacterRoot__command_set_move_speed	0	CharacterRoot.command_set_move_speed
68ebdc	CharacterRoot__command_get_move_speed	0	CharacterRoot.command_get_move_speed
68ebf1	CharacterRoot__command_get_facing	0	CharacterRoot.command_get_facing
68ec06	CharacterRoot__command_get_heading	0	CharacterRoot.command_get_heading
68ec1b	CharacterRoot__command_force_stop_now	1	CharacterRoot.command_force_stop_now
68ec9a	CharacterRoot__command_set_lower_bound	0	CharacterRoot.command_set_lower_bound
68ecaf	CharacterRoot__command_set_world_orientation	1	CharacterRoot.command_set_world_orientation
68eee7	CharacterRoot__command_hack_set_moveheading_to_faceHeading	1	CharacterRoot.command_hack_set_moveheading_to_faceHeading
68ef1c	CharacterRoot__command_get_center_position	1	CharacterRoot.command_get_center_position
68ef88	CharacterRoot__command_get_pelvis_position	1	CharacterRoot.command_get_pelvis_position
68efe0	CharacterRoot__command_get_debug_name	1	CharacterRoot.command_get_debug_name
68f117	CharacterRoot__command_get_health_fraction	1	CharacterRoot.command_get_health_fraction
68f180	CharacterRoot__command_get_health	0	CharacterRoot.command_get_health
68f192	CharacterRoot__command_is_big	0	CharacterRoot.command_is_big
68f1e1	CharacterRoot__command_character_activate	1	CharacterRoot.command_character_activate
68f21d	CharacterRoot__command_character_deactivate	1	CharacterRoot.command_character_deactivate
68f322	CharacterRoot__command_get_lod_level	0	CharacterRoot.command_get_lod_level
68f337	CharacterRoot__command_revive	1	CharacterRoot.command_revive
68f38d	CharacterRoot__command_get_speak_voice	0	CharacterRoot.command_get_speak_voice
68f3a2	CharacterRoot__command_set_speak_voice	0	CharacterRoot.command_set_speak_voice
68f3b7	CharacterRoot__command_is_ragdoll	0	CharacterRoot.command_is_ragdoll
68f3de	CharacterRoot__command_is_in_hang_back_mode	0	CharacterRoot.command_is_in_hang_back_mode
68f3f3	CharacterRoot__command_is_pickup_allowed	0	CharacterRoot.command_is_pickup_allowed
68f46d	CharacterRoot__command_is_use_trigger_allowed	1	CharacterRoot.command_is_use_trigger_allowed
68f547	CharacterRoot__command_should_be_removed_from_use_trigger	1	CharacterRoot.command_should_be_removed_from_use_trigger
68f5b5	CharacterRoot__command_look_at_pivotnode	1	CharacterRoot.command_look_at_pivotnode
68f5f1	CharacterRoot__command_look_at_pos	1	CharacterRoot.command_look_at_pos
68f635	CharacterRoot__command_delay	0	CharacterRoot.command_delay
68f64d	CharacterRoot__command_may_be_attacked	1	CharacterRoot.command_may_be_attacked
68f6b8	CharacterRoot__command_teleport	1	CharacterRoot.command_teleport
68fb16	CharacterRoot__command_force_drop_weapon	1	CharacterRoot.command_force_drop_weapon
68fdcd	CharacterRoot__command_your_weapon_broke	0	CharacterRoot.command_your_weapon_broke
68fdec	CharacterRoot__command_attack_fast	0	CharacterRoot.command_attack_fast
68fe10	CharacterRoot__command_counter_attack	0	CharacterRoot.command_counter_attack
68fe34	CharacterRoot__command_delayed_counter_attack	0	CharacterRoot.command_delayed_counter_attack
68fe5b	CharacterRoot__command_force_beckoning	0	CharacterRoot.command_force_beckoning
68fe7f	CharacterRoot__command_attack_slow	0	CharacterRoot.command_attack_slow
68fea3	CharacterRoot__command_attack_throw	0	CharacterRoot.command_attack_throw
68fec7	CharacterRoot__command_is_throwing	0	CharacterRoot.command_is_throwing
68fee2	CharacterRoot__command_attack_step_around	0	CharacterRoot.command_attack_step_around
68ff06	CharacterRoot__command_is_stepping_around	0	CharacterRoot.command_is_stepping_around
68ff41	CharacterRoot__command_is_at_same_height	1	CharacterRoot.command_is_at_same_height
690025	CharacterRoot__command_is_on_slope	1	CharacterRoot.command_is_on_slope
69004c	CharacterRoot__command_you_killed_me	1	CharacterRoot.command_you_killed_me
6900ba	CharacterRoot__command_attack_bull_rush_ready	0	CharacterRoot.command_attack_bull_rush_ready
6900f0	CharacterRoot__command_attack_bull_rush	1	CharacterRoot.command_attack_bull_rush
690165	CharacterRoot__command_attack_uber_rage_ready	0	CharacterRoot.command_attack_uber_rage_ready
69018a	CharacterRoot__command_attack_uber_rage	1	CharacterRoot.command_attack_uber_rage
6901ce	CharacterRoot__command_attack_stun_grenade_ready	0	CharacterRoot.command_attack_stun_grenade_ready
690204	CharacterRoot__command_attack_stun_grenade	1	CharacterRoot.command_attack_stun_grenade
690248	CharacterRoot__command_attack_electrify_armor_ready	0	CharacterRoot.command_attack_electrify_armor_ready
69027e	CharacterRoot__command_attack_electrify_armor	1	CharacterRoot.command_attack_electrify_armor
6902c0	CharacterRoot__command_do_recoil	1	CharacterRoot.command_do_recoil
6903ea	CharacterRoot__command_hit_soon	1	CharacterRoot.command_hit_soon
69089c	CharacterRoot__command_dodge	0	CharacterRoot.command_dodge
6908e0	CharacterRoot__command_being_pushed_by	1	CharacterRoot.command_being_pushed_by
690baa	CharacterRoot__command_ignore_input_timed	1	CharacterRoot.command_ignore_input_timed
690bd3	CharacterRoot__command_is_dodging	0	CharacterRoot.command_is_dodging
690c0e	CharacterRoot__command_block_timed	1	CharacterRoot.command_block_timed
690c77	CharacterRoot__command_block	1	CharacterRoot.command_block
690cdd	CharacterRoot__command_is_blocking	0	CharacterRoot.command_is_blocking
690d18	CharacterRoot__command_force_block	1	CharacterRoot.command_force_block
690d81	CharacterRoot__command_force_dodge	1	CharacterRoot.command_force_dodge
690dea	CharacterRoot__command_force_counter_attack	0	CharacterRoot.command_force_counter_attack
690e19	CharacterRoot__command_step	1	CharacterRoot.command_step
691013	CharacterRoot__command_break_off_attack	1	CharacterRoot.command_break_off_attack
6910de	CharacterRoot__command_perform_combo	1	CharacterRoot.command_perform_combo
69110f	CharacterRoot__command_perform_combo_is_running	1	CharacterRoot.command_perform_combo_is_running
691139	CharacterRoot__command_add_rage	1	CharacterRoot.command_add_rage
69127c	CharacterRoot__command_add_electrify_power	1	CharacterRoot.command_add_electrify_power
6912ef	CharacterRoot__command_extent_rage_hangtime	1	CharacterRoot.command_extent_rage_hangtime
691325	CharacterRoot__command_set_push_back_data	1	CharacterRoot.command_set_push_back_data
691389	CharacterRoot__command_set_stun_time	1	CharacterRoot.command_set_stun_time
6914f2	CharacterRoot__command_give_ragdoll_damage_increment	1	CharacterRoot.command_give_ragdoll_damage_increment
691a03	CharacterRoot__command_electrified_armor_hit	1	CharacterRoot.command_electrified_armor_hit
691a4f	CharacterRoot__command_uberkill	0	CharacterRoot.command_uberkill
691a62	CharacterRoot__command_set_incoming_damage_factor	0	CharacterRoot.command_set_incoming_damage_factor
691a77	CharacterRoot__command_you_hit_me	1	CharacterRoot.command_you_hit_me
691b10	CharacterRoot__command_give_damage	0	CharacterRoot.command_give_damage
692c3f	CharacterRoot__command_give_block_damage	0	CharacterRoot.command_give_block_damage
6931a4	CharacterRoot__command_get_damage_modifier	1	CharacterRoot.command_get_damage_modifier
69321e	CharacterRoot__command_slave_stopped	0	CharacterRoot.command_slave_stopped
693236	CharacterRoot__command_set_aggressive	0	CharacterRoot.command_set_aggressive
693249	CharacterRoot__command_is_attacking	0	CharacterRoot.command_is_attacking
6932a3	CharacterRoot__command_is_in_attack_state	1	CharacterRoot.command_is_in_attack_state
693316	CharacterRoot__command_is_in_combat	1	CharacterRoot.command_is_in_combat
693348	CharacterRoot__command_is_stunned	0	CharacterRoot.command_is_stunned
69336d	CharacterRoot__command_is_stunned_or_prone	1	CharacterRoot.command_is_stunned_or_prone
6933b7	CharacterRoot__command_animation_is_immune_to_attacks	1	CharacterRoot.command_animation_is_immune_to_attacks
693591	CharacterRoot__command_is_interactive	1	CharacterRoot.command_is_interactive
6935c2	CharacterRoot__command_animation_repels_AI	1	CharacterRoot.command_animation_repels_AI
693628	CharacterRoot__command_is_dead	0	CharacterRoot.command_is_dead
69364a	CharacterRoot__command_is_ready_to_attack	1	CharacterRoot.command_is_ready_to_attack
6936be	CharacterRoot__command_is_on_knee	1	CharacterRoot.command_is_on_knee
6936ff	CharacterRoot__command_is_prone	1	CharacterRoot.command_is_prone
693773	CharacterRoot__command_follow_pivot	1	CharacterRoot.command_follow_pivot
6937d1	CharacterRoot__command_ragdoll_driven	1	CharacterRoot.command_ragdoll_driven
693871	CharacterRoot__command_animation_driven_set_transform	1	CharacterRoot.command_animation_driven_set_transform
693921	CharacterRoot__command_disable_physics	1	CharacterRoot.command_disable_physics
69394e	CharacterRoot__command_enable_physics	1	CharacterRoot.command_enable_physics
69397f	CharacterRoot__command_get_move_into_duration	0	CharacterRoot.command_get_move_into_duration
693994	CharacterRoot__command_get_move_into_angle	0	CharacterRoot.command_get_move_into_angle
6939a9	CharacterRoot__command_send_attack_dist_to_animation_ctrl	0	CharacterRoot.command_send_attack_dist_to_animation_ctrl
6939d9	CharacterRoot__command_update_animdata_partner_model	0	CharacterRoot.command_update_animdata_partner_model
693a09	CharacterRoot__command_leave_slave_mode	1	CharacterRoot.command_leave_slave_mode
693b2e	CharacterRoot__command_goto_slave_mode	1	CharacterRoot.command_goto_slave_mode
693d5f	CharacterRoot__command_request_me_as_dual_animation_partner	1	CharacterRoot.command_request_me_as_dual_animation_partner
693ebf	CharacterRoot__command_i_will_hit_you	1	CharacterRoot.command_i_will_hit_you
693fa1	CharacterRoot__command_i_will_dodge_you	1	CharacterRoot.command_i_will_dodge_you
694040	CharacterRoot__command_break_loop	1	CharacterRoot.command_break_loop
694073	CharacterRoot__command_override_play_pos	1	CharacterRoot.command_override_play_pos
69409b	CharacterRoot__command_set_animation_play_pos	1	CharacterRoot.command_set_animation_play_pos
6940eb	CharacterRoot__command_is_in_slave_mode	1	CharacterRoot.command_is_in_slave_mode
694120	CharacterRoot__command_ability_unlocked	1	CharacterRoot.command_ability_unlocked
694378	CharacterRoot__command_set_weapon	1	CharacterRoot.command_set_weapon
6945f1	CharacterRoot__command_force_movement_type	0	CharacterRoot.command_force_movement_type
694649	CharacterRoot__command_game_event	1	CharacterRoot.command_game_event
694719	CharacterRoot__initialize_local	1	CharacterRoot.initialize_local
69476d	CharacterRoot__deinitialize	1	CharacterRoot.deinitialize
69498f	CharacterRoot__command_delete	1	CharacterRoot.command_delete
694a60	CharacterRoot__command_debug_give_damage	1	CharacterRoot.command_debug_give_damage
694aa4	CharacterRoot__stopmode_begin	0	CharacterRoot.stopmode_begin
694ac8	CharacterRoot__StopModeUpdate	0	CharacterRoot.StopModeUpdate
694aec	CharacterRoot__FilterExposedProperties	1	CharacterRoot.FilterExposedProperties
694b9a	CharacterRoot__script_destruct	0	CharacterRoot.script_destruct
694bbe	CharacterRoot__StatePlaceholder	1	CharacterRoot.StatePlaceholder
694d78	CharacterRoot__command_set_lod_level	1	CharacterRoot.command_set_lod_level
694e04	CharacterRoot__command_set_lod_level	1	CharacterRoot.command_set_lod_level
694ed7	CharacterRoot__command_force_auto_align	0	CharacterRoot.command_force_auto_align
694f19	CharacterRoot__command_clear_teleport_data	0	CharacterRoot.command_clear_teleport_data
694f3b	CharacterRoot__command_revive	1	CharacterRoot.command_revive
69500e	CharacterRoot__command_set_lod_level	0	CharacterRoot.command_set_lod_level
695030	CharacterRoot__IsUseTriggerConditionsOK	1	CharacterRoot.IsUseTriggerConditionsOK
695259	CharacterRoot__CheckForDynamicObjects	0	CharacterRoot.CheckForDynamicObjects
695632	CharacterRoot__DecreaseHealth	0	CharacterRoot.DecreaseHealth
69620b	CharacterRoot__UpdateAnimationValues	1	CharacterRoot.UpdateAnimationValues
69640d	CharacterRoot__SendAttackDistToAnimationCtrl	0	CharacterRoot.SendAttackDistToAnimationCtrl
696d2d	CharacterRoot__SendBullRushDataToAnimationCtrl	1	CharacterRoot.SendBullRushDataToAnimationCtrl
696e73	CharacterRoot__DeleteSubSystems	1	CharacterRoot.DeleteSubSystems
696fac	CharacterRoot__EnableSubSystems	1	CharacterRoot.EnableSubSystems
69715b	CharacterRoot__SetLODLevel	1	CharacterRoot.SetLODLevel
6971e8	CharacterRoot__CalcImpactOffset	1	CharacterRoot.CalcImpactOffset
697404	CharacterRoot__DebugDrawCharacter	1	CharacterRoot.DebugDrawCharacter
6974b8	CharacterRoot__DebugDrawCharacterModel	1	CharacterRoot.DebugDrawCharacterModel
6977dd	CharacterRoot__FindCharacterDef	1	CharacterRoot.FindCharacterDef
697880	CharacterSpawner__command_character_deactivate	0	CharacterSpawner.command_character_deactivate
69788d	CharacterSpawner__command_character_activate	0	CharacterSpawner.command_character_activate
69789d	CharacterSpawner__command_activate_pause	1	CharacterSpawner.command_activate_pause
697939	CharacterSpawner__command_deactivate	1	CharacterSpawner.command_deactivate
697992	CharacterSpawner__command_remove_enemies	1	CharacterSpawner.command_remove_enemies
697a9e	CharacterSpawner__initialize_local	1	CharacterSpawner.initialize_local
697bd9	CharacterSpawner__initialize_external	0	CharacterSpawner.initialize_external
697c04	CharacterSpawner__FilterExposedProperties	1	CharacterSpawner.FilterExposedProperties
697ddc	CharacterSpawner__StateActive	1	CharacterSpawner.StateActive
698584	CharacterSpawner__None	1	CharacterSpawner.None
6985fe	CharacterSpawner__RecursiveFindChildCharacters	0	CharacterSpawner.RecursiveFindChildCharacters
6987b5	CharacterSpeakDefinitionUpdate__command_update_speak_definition	1	CharacterSpeakDefinitionUpdate.command_update_speak_definition
698800	CharacterSpeakDefinitionUpdate__command_clean_none_used_speak_definition	1	CharacterSpeakDefinitionUpdate.command_clean_none_used_speak_definition
69884e	CharacterSpeakDefinitionUpdate__command_get_all_speaks	1	CharacterSpeakDefinitionUpdate.command_get_all_speaks
6988a5	CharacterSpeakDefinitionUpdate__command_get_all_valid_speaks	1	CharacterSpeakDefinitionUpdate.command_get_all_valid_speaks
6988fc	CharacterSpeakDefinitionUpdate__FilterExposedProperties	0	CharacterSpeakDefinitionUpdate.FilterExposedProperties
69891d	CharacterSpeakDefinitionUpdate__debug_play	1	CharacterSpeakDefinitionUpdate.debug_play
698a43	CharacterSweepAttack__command_begin_sweep_attack	1	CharacterSweepAttack.command_begin_sweep_attack
698cf4	CharacterSweepAttack__None	1	CharacterSweepAttack.None
698d21	CharacterSweepAttack__StateWait	1	CharacterSweepAttack.StateWait
698fe1	CharacterSweepAttack__StateActivePlayPos	0	CharacterSweepAttack.StateActivePlayPos
69a57d	CharacterSweepAttack__DoEnemyCheckAgainstTravelLine	0	CharacterSweepAttack.DoEnemyCheckAgainstTravelLine
69aa79	CharacterSweepAttack__DrawSweepPoints	0	CharacterSweepAttack.DrawSweepPoints
69b22c	CharacterSweepAttack__GetOffset	1	CharacterSweepAttack.GetOffset
69b2be	CharacterSweepAttack__DetermindTravDir	1	CharacterSweepAttack.DetermindTravDir
69b3f0	CharacterSweepAttack__GetLeftSliceAngle	1	CharacterSweepAttack.GetLeftSliceAngle
69b441	CharacterVisual__command_teleport_begin	1	CharacterVisual.command_teleport_begin
69b4c3	CharacterVisual__command_teleport_end	1	CharacterVisual.command_teleport_end
69b54a	CharacterVisual__command_get_boneID	0	CharacterVisual.command_get_boneID
69b5d2	CharacterVisual__command_get_ground_position	0	CharacterVisual.command_get_ground_position
69b5ec	CharacterVisual__command_get_bone_worldpos_controlled	1	CharacterVisual.command_get_bone_worldpos_controlled
69b677	CharacterVisual__command_get_bone_worldpos	1	CharacterVisual.command_get_bone_worldpos
69b702	CharacterVisual__command_get_bone_modelpos	1	CharacterVisual.command_get_bone_modelpos
69b751	CharacterVisual__command_get_bone_modelorient	1	CharacterVisual.command_get_bone_modelorient
69b7a1	CharacterVisual__command_start_speak	1	CharacterVisual.command_start_speak
69b806	CharacterVisual__command_stop_speak	1	CharacterVisual.command_stop_speak
69b86b	CharacterVisual__command_set_add_on_ctrl	0	CharacterVisual.command_set_add_on_ctrl
69b87d	CharacterVisual__command_update_animation_fast	1	CharacterVisual.command_update_animation_fast
69b988	CharacterVisual__command_update_animation	1	CharacterVisual.command_update_animation
69c8e3	CharacterVisual__command_set_override_model	1	CharacterVisual.command_set_override_model
69cf1b	CharacterVisual__command_get_ragdoll_collsion_group	0	CharacterVisual.command_get_ragdoll_collsion_group
69cf30	CharacterVisual__command_set_ragdoll_collision_group	0	CharacterVisual.command_set_ragdoll_collision_group
69cf45	CharacterVisual__command_get_trigger_collition	0	CharacterVisual.command_get_trigger_collition
69cf5a	CharacterVisual__command_get_worldpos	1	CharacterVisual.command_get_worldpos
69cfb3	CharacterVisual__command_get_ragdoll_pelvis_position	1	CharacterVisual.command_get_ragdoll_pelvis_position
69cfec	CharacterVisual__command_get_ragdoll_pelvis_entity	0	CharacterVisual.command_get_ragdoll_pelvis_entity
69d001	shared_handler_69d001	0	AnimationCtrl.GetGameSpecificSpeedFactor; CharacterVisual.commmand_get_ragdoll_pelvis_height; SpriteBar.command_get_interpolated_value; anon_0x5e23cb.GetAnimationValueDisplayMax; anon_0x5e23cb.GetAnimationValueInternalMax
69d00a	CharacterVisual__ModelCollisionContactAdded	0	CharacterVisual.ModelCollisionContactAdded
69e204	CharacterVisual__command_determine_ragdoll_collision_sound_group_index	1	CharacterVisual.command_determine_ragdoll_collision_sound_group_index
69e246	CharacterVisual__command_terminate	1	CharacterVisual.command_terminate
69e2db	CharacterVisual__command_cleanup_lists	1	CharacterVisual.command_cleanup_lists
69e354	CharacterVisual__command_activate_model	1	CharacterVisual.command_activate_model
69e8bf	CharacterVisual__command_deactivate_model	1	CharacterVisual.command_deactivate_model
69e9a5	CharacterVisual__command_reset_collision_group	1	CharacterVisual.command_reset_collision_group
69eac6	CharacterVisual__command_activate_ragdoll	1	CharacterVisual.command_activate_ragdoll
69ebea	CharacterVisual__button_command_show_behaviorhandler	1	CharacterVisual.button_command_show_behaviorhandler
69ec14	shared_handler_69ec14	1	CameraPlayerVsPlayer.command_debug_start_fight; CharacterVisual.button_command_Final_battle
69ec4b	CharacterVisual__button_command_End_Final_battle	1	CharacterVisual.button_command_End_Final_battle
69ec82	CharacterVisual__command_state_ragdoll_driven	0	CharacterVisual.command_state_ragdoll_driven
69ecb0	CharacterVisual__command_get_local_vel	1	CharacterVisual.command_get_local_vel
69ece0	CharacterVisual__command_is_lod_allowed	1	CharacterVisual.command_is_lod_allowed
69ed29	shared_handler_69ed29	0	Behavior.command_get_follow_pivot; CharacterVisual.command_is_in_ragdoll_mode; LevelSceneCtrl.command_get_rage_model; Perception.command_get_target; Underboss.command_get_combat_behaviour
69ed3b	shared_handler_69ed3b	0	CharacterVisual.command_get_ragdoll_pelvis_position; CharacterVisual.command_get_worldpos
69ed55	CharacterVisual__command_get_angular_velocity	1	CharacterVisual.command_get_angular_velocity
69ed7c	CharacterVisual__StateRagdollDriven	1	CharacterVisual.StateRagdollDriven
69f924	CharacterVisual__command_init_expand_volume	1	CharacterVisual.command_init_expand_volume
69fc3a	CharacterVisual__commmand_get_ragdoll_pelvis_height	0	CharacterVisual.commmand_get_ragdoll_pelvis_height
69fc54	CharacterVisual__command_state_animation_driven	0	CharacterVisual.command_state_animation_driven
69fc7f	shared_handler_69fc7f	0	CharacterVisual.command_state_partial_ragdoll_driven; CharacterVisual.command_state_ragdoll_driven
69fcad	CharacterVisual__command_get_world_vel	1	CharacterVisual.command_get_world_vel
69fd17	CharacterVisual__command_get_ragdoll_bone_enum_type	1	CharacterVisual.command_get_ragdoll_bone_enum_type
69fd70	CharacterVisual__command_is_bone_valid	1	CharacterVisual.command_is_bone_valid
69fde4	CharacterVisual__command_pre_transfer_to_animation_control	1	CharacterVisual.command_pre_transfer_to_animation_control
69fea0	CharacterVisual__command_start_transfer_to_animation_control_done	1	CharacterVisual.command_start_transfer_to_animation_control_done
6a01a2	CharacterVisual__command_start_trasfer_to_ragdoll	0	CharacterVisual.command_start_trasfer_to_ragdoll
6a01bb	CharacterVisual__command_start_trasfer_to_ragdoll_done	0	CharacterVisual.command_start_trasfer_to_ragdoll_done
6a01d4	CharacterVisual__VerifyCharacterLocation	0	CharacterVisual.VerifyCharacterLocation
6a0a60	CharacterVisual__staticDynamicOverlap	0	CharacterVisual.staticDynamicOverlap
6a0de6	CharacterVisual__solveDynamicObject	0	CharacterVisual.solveDynamicObject
6a10cb	CharacterVisual__solveStaticObject	0	CharacterVisual.solveStaticObject
6a18d1	CharacterVisual__DetermineDamageReaction	1	CharacterVisual.DetermineDamageReaction
6a1b09	CharPhysics__start	0	CharPhysics.start
6a1b53	CharPhysics__stateMain	1	CharPhysics.stateMain
6a1e1d	CollisionCapsuleNode__StateAbsoluteAnimation	0	CollisionCapsuleNode.StateAbsoluteAnimation
6a24e1	CollisionCapsuleNode__command_set_world_start_pos_from_next_pos_and_orient	0	CollisionCapsuleNode.command_set_world_start_pos_from_next_pos_and_orient
6a2cd4	CollisionCapsuleNode__command_reset_world_start_pos	1	CollisionCapsuleNode.command_reset_world_start_pos
6a32ce	CollisionCapsuleNode__command_goto_animation_mode	0	CollisionCapsuleNode.command_goto_animation_mode
6a3d71	CollisionCapsuleNode__DccJoint	0	CollisionCapsuleNode.DccJoint
6a5070	CollisionCapsuleNode__ForceSetWorldPosOrient	1	CollisionCapsuleNode.ForceSetWorldPosOrient
6a525e	CharacterRootLogic__command_animation_event_received	0	CharacterRootLogic.command_animation_event_received
6ae57f	CharacterRootLogic__SetCloseCombatDamageToTarget	0	CharacterRootLogic.SetCloseCombatDamageToTarget
6af969	CharacterRoot__command_play_specific_anim	1	CharacterRoot.command_play_specific_anim
6b00e1	CharacterVisual__command_update_position	1	CharacterVisual.command_update_position
6b015d	CharacterVisual__UpdateAnimPoseAndCloth	0	CharacterVisual.UpdateAnimPoseAndCloth
6b09d9	CharacterVisual__command_start_transfer_to_animation_control	1	CharacterVisual.command_start_transfer_to_animation_control
6b0b7f	CollisionCapsuleNode__command_teleport	1	CollisionCapsuleNode.command_teleport
6b0c69	CollisionCapsuleNode__StateGrapplingHook	0	CollisionCapsuleNode.StateGrapplingHook
6b201d	CollisionCapsuleNode__command_update_world_data	1	CollisionCapsuleNode.command_update_world_data
6b2a29	CollisionCapsuleNode__DccSetWorldposAndOrient	1	CollisionCapsuleNode.DccSetWorldposAndOrient
6b2af5	CharacterRoot__command_set_world_position_and_orient	0	CharacterRoot.command_set_world_position_and_orient
6b3164	CharacterRoot__initialize_external	1	CharacterRoot.initialize_external
6b367a	CharacterRoot__StateActive	0	CharacterRoot.StateActive
6bb12a	CharacterRoot__StateDead	1	CharacterRoot.StateDead
6bc3e2	CharacterVisual__command_update_ragdoll	0	CharacterVisual.command_update_ragdoll
6d8ecf	ChaseEnemy__None	1	ChaseEnemy.None
6d8f8e	Cloth_Prototype__deinitialize	1	Cloth_Prototype.deinitialize
6d8fbe	Cloth_Prototype__MapHackWeight	1	Cloth_Prototype.MapHackWeight
6d9024	Cloth_Prototype__MapHackOverride	1	Cloth_Prototype.MapHackOverride
6d910d	CombatOrchestratorParameters__initialize_external	0	CombatOrchestratorParameters.initialize_external
6d9128	CombatOrchestratorParameters__command_trig	1	CombatOrchestratorParameters.command_trig
6d92a4	CombatOrchestrator__intmax	0	CombatOrchestrator.intmax
6d92b8	CombatPartner__SetBehavior	0	CombatPartner.SetBehavior
6d9301	CombatPartner__SetRepeat	0	CombatPartner.SetRepeat
6d932f	CombatPartner__PartnerInTrouble	1	CombatPartner.PartnerInTrouble
6d9423	ComboBuildupHud__MapComboToLogicButton	0	ComboBuildupHud.MapComboToLogicButton
6d9472	ComboButtonHud__command_is_dropping	0	ComboButtonHud.command_is_dropping
6d949a	ComboButtonHud__command_stop_dropping	0	ComboButtonHud.command_stop_dropping
6d94d2	ComboButtonHud__command_fade_out	0	ComboButtonHud.command_fade_out
6d9519	ComboButtonHud__DoRandomShaking	1	ComboButtonHud.DoRandomShaking
6d95f2	shared__SetPartnerInfo	1	CombatHelpPartner.SetPartnerInfo; CrowdControlPartner.SetPartnerInfo
6d96a0	shared___root	0	Behavior._root; BehaviorAttack._root; BehaviorBrainlessAutotarget._root; BehaviorChase._root; BehaviorIdle._root; BehaviorMovementTest._root; BehaviorStepBack._root; BehaviorWaypointMove._root; ChaseEnemy._root; CircleTargetEnemy02._root; FollowPartner._root; LeaderEnemy._root (+7 more)
6d9734	CloneSheet_Prototype__BlendOverrideSheets	1	CloneSheet_Prototype.BlendOverrideSheets
6d9994	CloneSheet_Prototype__UnassignOverrideSheets	1	CloneSheet_Prototype.UnassignOverrideSheets
6d9ab8	ClothWind_Prototype__GetAccel	1	ClothWind_Prototype.GetAccel
6d9b72	Cloth_Prototype__FaceNormal	1	Cloth_Prototype.FaceNormal
6d9d27	Cloth_Prototype__CalcVelocities	1	Cloth_Prototype.CalcVelocities
6d9e2b	Cloth_Prototype__GetAnimPose	1	Cloth_Prototype.GetAnimPose
6d9e62	Cloth_Prototype__DistancePointToPlane	1	Cloth_Prototype.DistancePointToPlane
6d9ed6	CollisionEffectCtrl___root	1	CollisionEffectCtrl._root
6d9fcc	CollisionEffectCtrl__searchForEffects	1	CollisionEffectCtrl.searchForEffects
6da0fb	CollisionEffectCtrl__DebugFind	1	CollisionEffectCtrl.DebugFind
6da156	CombatHelpPartner__IsMyPrimaryAttackersPacified	1	CombatHelpPartner.IsMyPrimaryAttackersPacified
6da320	CombatHelpPartner__LocateNewViableTarget	1	CombatHelpPartner.LocateNewViableTarget
6da451	CombatOrchestrator___root	0	CombatOrchestrator._root
6da821	CombatOrchestrator__FillOutDbInfo	1	CombatOrchestrator.FillOutDbInfo
6da85a	CombatOrchestrator__ShouldSwitchTarget	0	CombatOrchestrator.ShouldSwitchTarget
6da91d	CombatOrchestrator__IsValid_CharacterRoot	1	CombatOrchestrator.IsValid_CharacterRoot
6da967	CombatOrchestrator__IsValid_index	0	CombatOrchestrator.IsValid_index
6da9d0	CombatOrchestrator__IsDoingAnyActivity	1	CombatOrchestrator.IsDoingAnyActivity
6dab98	CombatPartner___root	0	CombatPartner._root
6dac3e	ComboBuildupHud___root	0	ComboBuildupHud._root
6dacab	ComboButtonHud__initialize_local	1	ComboButtonHud.initialize_local
6dad19	ComboButtonHud__command_fall_away	1	ComboButtonHud.command_fall_away
6dad8d	ComboButtonHud__Clear	1	ComboButtonHud.Clear
6daeaa	ComboButtonHud__DoPulsing	1	ComboButtonHud.DoPulsing
6db072	ComboButtonHud__DoMoving	1	ComboButtonHud.DoMoving
6db319	ComboButtonHud__DoDeath	1	ComboButtonHud.DoDeath
6db3b1	ComboButtonHud__DoFading	1	ComboButtonHud.DoFading
6db49e	ComboTextShaker__initialize_local	1	ComboTextShaker.initialize_local
6db518	ComboTextShaker__StateShowEvent	1	ComboTextShaker.StateShowEvent
6dbb5c	CrowdControlPartner__IsMyCrowdPacified	1	CrowdControlPartner.IsMyCrowdPacified
6dbc6b	ChaseEnemy__StateActive	1	ChaseEnemy.StateActive
6dc87f	ChaseEnemy__set_movement_info	1	ChaseEnemy.set_movement_info
6dc983	ChaseEnemy__command_fill_debug_view	1	ChaseEnemy.command_fill_debug_view
6dcd05	ChaseEnemy__command_init	1	ChaseEnemy.command_init
6dcda1	CircleTargetEnemy02__command_react_to_attack	0	CircleTargetEnemy02.command_react_to_attack
6dcdb4	CircleTargetEnemy02__command_check_preconditions	1	CircleTargetEnemy02.command_check_preconditions
6dcf4d	CircleTargetEnemy02__command_init	1	CircleTargetEnemy02.command_init
6dcf97	CircleTargetEnemy02__command_fill_debug_view	1	CircleTargetEnemy02.command_fill_debug_view
6dd04e	CircleTargetEnemy02__ActiveState	0	CircleTargetEnemy02.ActiveState
6ddbc2	CircleTargetEnemy02__SetMovementPosition	0	CircleTargetEnemy02.SetMovementPosition
6deb7e	CircleTargetEnemy02__ClampDirection	1	CircleTargetEnemy02.ClampDirection
6def82	CircleTargetEnemy02__GetAllies	0	CircleTargetEnemy02.GetAllies
6df2a0	CircleTargetEnemy02__IWhantToMove	1	CircleTargetEnemy02.IWhantToMove
6df656	CloneSheet_Prototype__StateMain	1	CloneSheet_Prototype.StateMain
6dfbf3	CloneSheet_Prototype__button_do_highlight	1	CloneSheet_Prototype.button_do_highlight
6dfc19	CloneSheet_Prototype__button_undo_highlight	1	CloneSheet_Prototype.button_undo_highlight
6dfc3b	CloneSheet_Prototype__command_highlight	1	CloneSheet_Prototype.command_highlight
6dfd42	CloneSheet_Prototype__command_unhighlight	1	CloneSheet_Prototype.command_unhighlight
6dfe31	CloneSheet_Prototype__command_kill_all_highlights	1	CloneSheet_Prototype.command_kill_all_highlights
6dff02	shared_handler_6dff02	0	CloneSheet_Prototype.deinitialize; CloneSheet_Prototype.playmode_end; FxHighlightCtrl.deinitialize; FxHighlightCtrl.playmode_end
6dff15	CloneSheet_Prototype__AssignOverrideSheets	1	CloneSheet_Prototype.AssignOverrideSheets
6e0199	ClothWind_Prototype__GetRainAccel	1	ClothWind_Prototype.GetRainAccel
6e023b	Cloth_Prototype__initialize_local	1	Cloth_Prototype.initialize_local
6e029d	Cloth_Prototype__ToWorldSpace	1	Cloth_Prototype.ToWorldSpace
6e037b	Cloth_Prototype__BlendPose	0	Cloth_Prototype.BlendPose
6e061b	Cloth_Prototype__GetNormals	0	Cloth_Prototype.GetNormals
6e0b8b	CollisionEffectCtrl__initialize_local	1	CollisionEffectCtrl.initialize_local
6e0d5b	CollisionEffectCtrl__command_get_sound_package_based_on_enum	0	CollisionEffectCtrl.command_get_sound_package_based_on_enum
6e0d9f	CollisionEffectCtrl__command_get_sound_package_based_on_model	1	CollisionEffectCtrl.command_get_sound_package_based_on_model
6e0f13	CollisionEffectCtrl__command_get_sound_in_package_based_on_enum	1	CollisionEffectCtrl.command_get_sound_in_package_based_on_enum
6e1003	CollisionEffectCtrl__command_get_sound_in_package_based_on_entity	1	CollisionEffectCtrl.command_get_sound_in_package_based_on_entity
6e10c9	CollisionEffectCtrl__command_get_particle_in_package_based_on_enum	1	CollisionEffectCtrl.command_get_particle_in_package_based_on_enum
6e11b9	CollisionEffectCtrl__debug_play	1	CollisionEffectCtrl.debug_play
6e132e	CombatHelpPartner__command_fill_debug_view	1	CombatHelpPartner.command_fill_debug_view
6e1773	CombatHelpPartner__command_init	1	CombatHelpPartner.command_init
6e17da	CombatHelpPartner__StateActive	1	CombatHelpPartner.StateActive
6e26f6	CombatHelpPartner__IssueAttack	1	CombatHelpPartner.IssueAttack
6e2974	CombatHelpPartner__FindUsableCombo	1	CombatHelpPartner.FindUsableCombo
6e2e73	CombatOrchestrator__command_set_parameters	1	CombatOrchestrator.command_set_parameters
6e2f1b	CombatOrchestrator__command_pause_attack	0	CombatOrchestrator.command_pause_attack
6e2f32	CombatOrchestrator__command_unpause_attack	0	CombatOrchestrator.command_unpause_attack
6e2f41	CombatOrchestrator__command_is_pausing	0	CombatOrchestrator.command_is_pausing
6e2f58	CombatOrchestrator__command_register_self	1	CombatOrchestrator.command_register_self
6e3181	CombatOrchestrator__command_unregister_self	1	CombatOrchestrator.command_unregister_self
6e3275	CombatOrchestrator__command_change_faction	1	CombatOrchestrator.command_change_faction
6e32e9	CombatOrchestrator__command_remove_is_attacking	1	CombatOrchestrator.command_remove_is_attacking
6e388e	CombatOrchestrator__command_release_attackers	1	CombatOrchestrator.command_release_attackers
6e3e83	CombatOrchestrator__command_acquire_target	1	CombatOrchestrator.command_acquire_target
6e3f26	CombatOrchestrator__command_choose_target	1	CombatOrchestrator.command_choose_target
6e4181	CombatOrchestrator__command_force_lock_target	1	CombatOrchestrator.command_force_lock_target
6e41c7	CombatOrchestrator__command_lock_target	1	CombatOrchestrator.command_lock_target
6e420a	CombatOrchestrator__command_get_target	1	CombatOrchestrator.command_get_target
6e430e	CombatOrchestrator__command_change_target	0	CombatOrchestrator.command_change_target
6e4afb	CombatOrchestrator__command_get_faction	1	CombatOrchestrator.command_get_faction
6e4bbe	CombatOrchestrator__command_get_attackers	1	CombatOrchestrator.command_get_attackers
6e4d7d	CombatOrchestrator__command_get_number_of_attackers	1	CombatOrchestrator.command_get_number_of_attackers
6e4e23	CombatOrchestrator__command_get_number_of_active_attackers	1	CombatOrchestrator.command_get_number_of_active_attackers
6e4f2a	CombatOrchestrator__command_get_number_of_current_attacks	1	CombatOrchestrator.command_get_number_of_current_attacks
6e4fd0	CombatOrchestrator__command_is_in_engagement_zone	1	CombatOrchestrator.command_is_in_engagement_zone
6e5275	CombatOrchestrator__command_is_in_melee_zone	1	CombatOrchestrator.command_is_in_melee_zone
6e5528	CombatOrchestrator__command_has_known_enemies	1	CombatOrchestrator.command_has_known_enemies
6e55fa	CombatOrchestrator__command_force_non_combat	1	CombatOrchestrator.command_force_non_combat
6e5682	CombatOrchestrator__command_is_in_combat	1	CombatOrchestrator.command_is_in_combat
6e57a5	CombatOrchestrator__command_register_leader	1	CombatOrchestrator.command_register_leader
6e5935	CombatOrchestrator__command_unregister_leader	1	CombatOrchestrator.command_unregister_leader
6e5ac5	CombatOrchestrator__command_leader_present	0	CombatOrchestrator.command_leader_present
6e5af3	CombatOrchestrator__command_has_requested_attack	1	CombatOrchestrator.command_has_requested_attack
6e5ca7	CombatOrchestrator__command_request_attack	1	CombatOrchestrator.command_request_attack
6e5f35	CombatOrchestrator__command_clear_attack_cooldown	1	CombatOrchestrator.command_clear_attack_cooldown
6e5fbf	CombatOrchestrator__command_remove_attack_request	1	CombatOrchestrator.command_remove_attack_request
6e620c	CombatOrchestrator__command_register_attack	1	CombatOrchestrator.command_register_attack
6e6423	CombatOrchestrator__command_get_attack_cool_down_timestamp	1	CombatOrchestrator.command_get_attack_cool_down_timestamp
6e6495	CombatOrchestrator__command_attack_animation_stated	1	CombatOrchestrator.command_attack_animation_stated
6e6cd9	CombatOrchestrator__command_character_in_repel_attacters_animation	0	CombatOrchestrator.command_character_in_repel_attacters_animation
6e730e	CombatOrchestrator__command_is_performing_a_combo	1	CombatOrchestrator.command_is_performing_a_combo
6e7474	CombatOrchestrator__command_register_combo	1	CombatOrchestrator.command_register_combo
6e7855	CombatOrchestrator__command_combo_chain_ended	1	CombatOrchestrator.command_combo_chain_ended
6e79a0	CombatOrchestrator__command_game_event	1	CombatOrchestrator.command_game_event
6e7ad5	CombatOrchestrator__initialize_local	1	CombatOrchestrator.initialize_local
6e7c21	CombatOrchestrator__command_fill_debug_view	1	CombatOrchestrator.command_fill_debug_view
6e820d	CombatOrchestrator__coammand_print_orchestrator	0	CombatOrchestrator.coammand_print_orchestrator
6e8231	CombatOrchestrator__StateActive	0	CombatOrchestrator.StateActive
6e9541	CombatOrchestrator__LockTarget	1	CombatOrchestrator.LockTarget
6e9c0b	CombatOrchestrator__ShouldSwitchTarget_entity	1	CombatOrchestrator.ShouldSwitchTarget_entity
6e9cf6	CombatOrchestrator__GetDistanceTo	1	CombatOrchestrator.GetDistanceTo
6e9e92	CombatOrchestrator__None	1	CombatOrchestrator.None
6ea091	CombatOrchestrator__AddCurrentAttack	1	CombatOrchestrator.AddCurrentAttack
6ea2c0	CombatOrchestrator__GetWaitingToAttackIndex	1	CombatOrchestrator.GetWaitingToAttackIndex
6ea497	CombatOrchestrator__GetCurrentAttackIndex	1	CombatOrchestrator.GetCurrentAttackIndex
6ea66e	CombatOrchestrator__TransferCombo	1	CombatOrchestrator.TransferCombo
6ea952	CombatOrchestrator__LogOrchestrator	1	CombatOrchestrator.LogOrchestrator
6eb194	CombatPartner__command_time_to_attack	0	CombatPartner.command_time_to_attack
6eb1c2	CombatPartner__command_issue_normal_attack	1	CombatPartner.command_issue_normal_attack
6eb44a	CombatPartner__command_attack_animation_stated	1	CombatPartner.command_attack_animation_stated
6eb48d	CombatPartner__command_check_preconditions	1	CombatPartner.command_check_preconditions
6eb665	CombatPartner__command_select_new_target	1	CombatPartner.command_select_new_target
6eb7c7	CombatPartner__command_may_attack_partners_target	1	CombatPartner.command_may_attack_partners_target
6eba79	CombatPartner__command_ai_def_changed	0	CombatPartner.command_ai_def_changed
6ebac7	CombatPartner__command_react_to_attack	1	CombatPartner.command_react_to_attack
6ebf49	CombatPartner__command_fill_debug_view	1	CombatPartner.command_fill_debug_view
6ec6e4	CombatPartner__command_init_partner_info	1	CombatPartner.command_init_partner_info
6ec770	CombatPartner__command_init	1	CombatPartner.command_init
6ec895	CombatPartner__StateActive	1	CombatPartner.StateActive
6ed5bd	CombatPartner__command_lost_focus	0	CombatPartner.command_lost_focus
6ed5d1	CombatPartner__BehaviorSwitch	1	CombatPartner.BehaviorSwitch
6ed892	ComboBuildupHud__initialize_local	0	ComboBuildupHud.initialize_local
6ed89f	shared__initialize_external	1	CombatOrchestrator.initialize_external; ComboBuildupHud.initialize_external; StreamBlockManager.initialize_external
6ed8cf	ComboBuildupHud__command_game_event	1	ComboBuildupHud.command_game_event
6ed9d5	ComboBuildupHud__command_visualize_combo_buildup	0	ComboBuildupHud.command_visualize_combo_buildup
6ee3e3	ComboBuildupHud__command_Get_last_frame_combo_size	0	ComboBuildupHud.command_Get_last_frame_combo_size
6ee407	ComboBuildupHud__command_fade_out_combo	1	ComboBuildupHud.command_fade_out_combo
6ee53a	ComboBuildupHud__command_visualize_failed_combo	1	ComboBuildupHud.command_visualize_failed_combo
6ee6ea	ComboBuildupHud__command_visualize_completed_combo	1	ComboBuildupHud.command_visualize_completed_combo
6ee8b8	ComboBuildupHud__command_sound_combo_finished_soon	1	ComboBuildupHud.command_sound_combo_finished_soon
6ee91f	ComboBuildupHud__command_add_button	1	ComboBuildupHud.command_add_button
6ee94d	ComboButtonHud__command_reinit	1	ComboButtonHud.command_reinit
6eea1c	ComboButtonHud__command_pulsate	1	ComboButtonHud.command_pulsate
6eeb46	ComboButtonHud__command_move_to_pos	1	ComboButtonHud.command_move_to_pos
6eeca1	ComboButtonHud__command_random_shake	0	ComboButtonHud.command_random_shake
6eed0a	ComboButtonHud__command_show	0	ComboButtonHud.command_show
6eed53	ComboButtonHud__command_SafetyClear	0	ComboButtonHud.command_SafetyClear
6eeda3	ComboButtonHud__StateAnimate	1	ComboButtonHud.StateAnimate
6eef27	ComboTextShaker__command_combo_shown	1	ComboTextShaker.command_combo_shown
6eefc4	shared__command_attack_animation_stated	0	CombatHelpPartner.command_attack_animation_stated; CrowdControlPartner.command_attack_animation_stated
6eefdc	CrowdControlPartner__command_ai_def_changed	1	CrowdControlPartner.command_ai_def_changed
6ef064	CrowdControlPartner__command_fill_debug_view	1	CrowdControlPartner.command_fill_debug_view
6ef4a9	CrowdControlPartner__command_init	1	CrowdControlPartner.command_init
6ef510	CrowdControlPartner__StateActive	1	CrowdControlPartner.StateActive
6f0bf8	CrowdControlPartner__IssueAttack	1	CrowdControlPartner.IssueAttack
6f0fd2	CrowdControlPartner__ThrowTarget	1	CrowdControlPartner.ThrowTarget
6f1195	CrowdControlPartner__AnalyseSituation	0	CrowdControlPartner.AnalyseSituation
6f201d	CrowdControlPartner__IsTargetOutSideAttackDistance	1	CrowdControlPartner.IsTargetOutSideAttackDistance
6f214f	CrowdControlPartner__TakeCareOfOwnCrowd	1	CrowdControlPartner.TakeCareOfOwnCrowd
6f25e4	CrowdControlPartner__GetThrowTarget	1	CrowdControlPartner.GetThrowTarget
6f2971	CrowdControlPartner__FindUsableCombo	1	CrowdControlPartner.FindUsableCombo
6f2e70	Cloth_Prototype__StateMain	0	Cloth_Prototype.StateMain
6f4d70	Cloth_Prototype__FromWorldSpace	1	Cloth_Prototype.FromWorldSpace
6f4e47	ClothWind_Prototype__StateMain	0	ClothWind_Prototype.StateMain
704d7f	CullingCtrl__GetCameraFromPlayable	1	CullingCtrl.GetCameraFromPlayable
704e1f	CullingVisibilityGroup__initialize_external	1	CullingVisibilityGroup.initialize_external
704e4b	CullingVisibilityGroup__deinitialize	1	CullingVisibilityGroup.deinitialize
704e77	CutsceneCameraCtrl__initialize_local	0	CutsceneCameraCtrl.initialize_local
704f6a	DebugLib__ssprintf	1	DebugLib.ssprintf
704f9b	CullingBox__FindCullingGroup	1	CullingBox.FindCullingGroup
704fe4	CullingCtrl___root	1	CullingCtrl._root
705138	CullingCtrl__StateMain	1	CullingCtrl.StateMain
705273	CullingCtrl__GetParentVisibilityGroup	1	CullingCtrl.GetParentVisibilityGroup
7052b9	CullingCtrl__CullUncullSplit	1	CullingCtrl.CullUncullSplit
705410	CullingCtrl__GetCullingGroups	1	CullingCtrl.GetCullingGroups
7054b8	CullingCtrl__StopModeApplyCulling	0	CullingCtrl.StopModeApplyCulling
705557	CullingCtrl__StopModeGetCullingGroups	1	CullingCtrl.StopModeGetCullingGroups
705615	CullingGroup__FilterExposedProperties	1	CullingGroup.FilterExposedProperties
705649	CullingGroup__AnnotateBox	0	CullingGroup.AnnotateBox
7091a8	CullingVisibilityGroup__AnnotateBox	0	CullingVisibilityGroup.AnnotateBox
70cce6	DamageBox__None	1	DamageBox.None
70cd87	DatabaseLib__GenerateDataBaseLayer	1	DatabaseLib.GenerateDataBaseLayer
70d05a	DebugCameraTool__None	1	DebugCameraTool.None
70d0fb	DebugScrollGraph__StateMain	1	DebugScrollGraph.StateMain
70d2e2	DelayedEmitterActivator__Active	1	DelayedEmitterActivator.Active
70d525	CullingBox__initialize_local	1	CullingBox.initialize_local
70d555	CullingBox__StopModeUpdate	1	CullingBox.StopModeUpdate
70d5f2	CullingBox__stopmode_find_culling_group	1	CullingBox.stopmode_find_culling_group
70d620	CullingBox__FilterExposedProperties	1	CullingBox.FilterExposedProperties
70d69a	CullingCtrl__command_get_culling_visibility_group	1	CullingCtrl.command_get_culling_visibility_group
70db05	CullingCtrl__initialize_local	0	CullingCtrl.initialize_local
70db16	CullingCtrl__initialize_external	1	CullingCtrl.initialize_external
70db71	CullingCtrl__deinitialize	1	CullingCtrl.deinitialize
70dba6	CullingCtrl__command_viewport_render_begin	1	CullingCtrl.command_viewport_render_begin
70dc66	CullingCtrl__command_register_visibility_group	1	CullingCtrl.command_register_visibility_group
70dcb9	CullingCtrl__command_unregister_visibility_group	1	CullingCtrl.command_unregister_visibility_group
70dd23	CullingCtrl__stopmode_refresh_culling	1	CullingCtrl.stopmode_refresh_culling
70dd94	CullingCtrl__stopmode_culling	1	CullingCtrl.stopmode_culling
70df34	CullingCtrl__stopmode_show_all	0	CullingCtrl.stopmode_show_all
70dfa8	CullingCtrl__InsideFilter	1	CullingCtrl.InsideFilter
70e06e	CullingCtrl__ApplyCulling	1	CullingCtrl.ApplyCulling
70e0a4	CullingCtrl__Culling	1	CullingCtrl.Culling
70e30e	CullingCtrl__StopModeFindAllCullingBoxes	1	CullingCtrl.StopModeFindAllCullingBoxes
70e3ae	CullingCtrl__StopModeFindAllVisibilityGroups	1	CullingCtrl.StopModeFindAllVisibilityGroups
70e44e	CullingGroup__stopmode_annotate_group	1	CullingGroup.stopmode_annotate_group
70e48f	CullingGroup__StopModeAnnotateGroup	0	CullingGroup.StopModeAnnotateGroup
70e74e	CullingGroup__FindBoxes	1	CullingGroup.FindBoxes
70e802	CullingLib__StopModeGetCullingCtrl	1	CullingLib.StopModeGetCullingCtrl
70e859	CullingLib__StopModeFindCullingCtrl	1	CullingLib.StopModeFindCullingCtrl
70e8e6	CullingTester__StopModeUpdate	1	CullingTester.StopModeUpdate
70ea02	CullingVisibilityGroup__StopModeAnnotateMyGroups	1	CullingVisibilityGroup.StopModeAnnotateMyGroups
70eb42	CullingVisibilityGroup__StopModeFindAllCullingGroups	1	CullingVisibilityGroup.StopModeFindAllCullingGroups
70ebe2	CullingVisibilityGroup__StopModeAnnotateGroup	0	CullingVisibilityGroup.StopModeAnnotateGroup
70ee9e	CullingVisibilityGroup__FindBoxes	1	CullingVisibilityGroup.FindBoxes
70ef52	shared__start	0	CameraTool.start; DamageBox.start; DebugCameraTool.start; local_castray_camgun.start
70efa2	DamageBox__None	0	DamageBox.None
70f66f	DebugCameraTool__StateMain	0	DebugCameraTool.StateMain
70ff37	DebugScreenSpace__start	0	DebugScreenSpace.start
70ff6d	DebugScreenSpace__None	0	DebugScreenSpace.None
710d43	DebugScreenSpace__ssprintf	1	DebugScreenSpace.ssprintf
710dfc	DebugScriptShortcuts__stopmode_begin	1	DebugScriptShortcuts.stopmode_begin
710ef9	DebugScriptShortcuts__command_save_fragment	1	DebugScriptShortcuts.command_save_fragment
710fbb	DebugScriptShortcuts__command_save_selection_1	1	DebugScriptShortcuts.command_save_selection_1
710fe4	DebugScriptShortcuts__command_restore_selection_1	1	DebugScriptShortcuts.command_restore_selection_1
71100e	DebugScrollGraph__command_annotate_value	1	DebugScrollGraph.command_annotate_value
7110bc	shared_handler_7110bc	0	DelayedEmitterActivator.command_fire_action; Inflator.button_deflate
7110e7	DelayedEmitterActivator__RecursiveFindChildEmitters	1	DelayedEmitterActivator.RecursiveFindChildEmitters
711185	DelayedEmitterActivator__None	1	DelayedEmitterActivator.None
7111b9	CullingCtrl__InsideTest	1	CullingCtrl.InsideTest
714c32	shared__initialize_external	1	DynamicObjectsCtrl.initialize_external; OnOffEnemies.initialize_external
714c62	DynamicObjectsEffectCtrl__Erase	1	DynamicObjectsEffectCtrl.Erase
714cc1	EffectsLib__Highlight	1	EffectsLib.Highlight
714cf3	EffectsLib__UnHighlight	1	EffectsLib.UnHighlight
714d1f	EffectSound__None	1	EffectSound.None
714d94	EffectSpeak__None	1	EffectSpeak.None
714e19	EnemyDef__JustifyHangBack	0	EnemyDef.JustifyHangBack
714e5e	EnemyDef__JustifyAttackReaction	1	EnemyDef.JustifyAttackReaction
715037	EnemyDef__JustifyProbAttack	1	EnemyDef.JustifyProbAttack
715197	EnemyDef__JustifyTimeBetweenSideStep	1	EnemyDef.JustifyTimeBetweenSideStep
7151d2	EnemyDef__JustifyDamageModifier	1	EnemyDef.JustifyDamageModifier
715233	Enemy__ShouldUpdate	1	Enemy.ShouldUpdate
715285	Enemy__SetState	1	Enemy.SetState
7154f4	DynamicObjectsEffectCtrl___root	1	DynamicObjectsEffectCtrl._root
715604	DynamicObjectsEffectCtrl__DebugPrint	0	DynamicObjectsEffectCtrl.DebugPrint
71563f	dynamic_getup_logic___root	0	dynamic_getup_logic._root
7156e4	dynamic_getup_logic__VerifyCharacterLocation	0	dynamic_getup_logic.VerifyCharacterLocation
715d73	shared__FireChildEffect	1	EffectBase.FireChildEffect; EffectParticle.FireChildEffect; EffectSound.FireChildEffect; EffectSpeak.FireChildEffect
715e1d	EffectCtrl___root	1	EffectCtrl._root
715eed	EffectCtrl__StateActive	1	EffectCtrl.StateActive
7161c3	EffectCtrl__GetEffectById	0	EffectCtrl.GetEffectById
716205	shared___root	1	EffectParticle._root; EffectSound._root
7162f0	EffectParticle__None	1	EffectParticle.None
716505	EffectsLib__SetBrightness	1	EffectsLib.SetBrightness
71658b	EffectsLib__SetContrast	1	EffectsLib.SetContrast
716611	EffectsLib__SetGamma	1	EffectsLib.SetGamma
716697	EffectsLib__SetSaturation	1	EffectsLib.SetSaturation
71671d	EffectsLib__AddGenericParticle	1	EffectsLib.AddGenericParticle
7167a4	EffectsLib__FireGenericParticle	0	EffectsLib.FireGenericParticle
7168f4	EffectsLib__StopGenericParticle	1	EffectsLib.StopGenericParticle
71693c	EffectsLib__GetEffectPackageBasedOnModel	1	EffectsLib.GetEffectPackageBasedOnModel
716b52	EffectsLib__AddHitInfoToTakeAHitStruct	1	EffectsLib.AddHitInfoToTakeAHitStruct
716c17	EffectsLib__AddContactInfoToTakeAHitStruct	1	EffectsLib.AddContactInfoToTakeAHitStruct
716cfc	shared___root	1	EffectBase._root; EffectSpeak._root
716de7	EnemyDef___root	1	EnemyDef._root
716e8c	EnemyDef__FilterComboEntity	1	EnemyDef.FilterComboEntity
7172c6	Enemy___root	0	Enemy._root
717376	Enemy__ClearReactHistory	1	Enemy.ClearReactHistory
7173d8	DoorPathObject__initialize_local	1	DoorPathObject.initialize_local
717441	DoorPathObject__GetEdgeCost	1	DoorPathObject.GetEdgeCost
71751f	DoorPathObject__TraversePathObject	1	DoorPathObject.TraversePathObject
717935	dualAnimationPhysics__start	1	dualAnimationPhysics.start
717abb	dualAnimationPhysics__None	1	dualAnimationPhysics.None
71823c	DynamicObjectCollection__initialize_local	1	DynamicObjectCollection.initialize_local
718265	DynamicObjectCollection__RecursiveRegister	1	DynamicObjectCollection.RecursiveRegister
7183c4	DynamicObjectsCtrl__searchDynamicObjects	1	DynamicObjectsCtrl.searchDynamicObjects
7185e3	DynamicObjectsEffectCtrl__StateActive	0	DynamicObjectsEffectCtrl.StateActive
71a253	DynamicObjectsEffectCtrl__command_add_collision_capsule_for_sound	1	DynamicObjectsEffectCtrl.command_add_collision_capsule_for_sound
71a311	DynamicObjectsEffectCtrl__command_subscribe_dynamic_object_for_sound	1	DynamicObjectsEffectCtrl.command_subscribe_dynamic_object_for_sound
71a63d	DynamicObjectsEffectCtrl__command_add_dynamic_object_for_sound	1	DynamicObjectsEffectCtrl.command_add_dynamic_object_for_sound
71abcf	DynamicObjectsEffectCtrl__command_remove_dynamic_object_for_sound	1	DynamicObjectsEffectCtrl.command_remove_dynamic_object_for_sound
71addd	DynamicObjectsEffectCtrl__command_debug_toggle_dynamic_objects	1	DynamicObjectsEffectCtrl.command_debug_toggle_dynamic_objects
71af42	DynamicObjectsEffectCtrl__initialize_local	0	DynamicObjectsEffectCtrl.initialize_local
71af54	DynamicObjectsEffectCtrl__initialize_external	1	DynamicObjectsEffectCtrl.initialize_external
71afe7	DynamicObjectsEffectCtrl__command_game_event	1	DynamicObjectsEffectCtrl.command_game_event
71b104	DynamicObjectsEffectCtrl__searchDynamicObjectsForRegistration	1	DynamicObjectsEffectCtrl.searchDynamicObjectsForRegistration
71b307	DynamicObjectsEffectCtrl__CreateDynamicObjectInfo	1	DynamicObjectsEffectCtrl.CreateDynamicObjectInfo
71b410	dynamic_getup_logic__start	1	dynamic_getup_logic.start
71b44c	dynamic_getup_logic__solveStaticObject	0	dynamic_getup_logic.solveStaticObject
71bafc	dynamic_getup_logic__solveDynamicObject	0	dynamic_getup_logic.solveDynamicObject
71bdd9	dynamic_getup_logic__iterationScan	0	dynamic_getup_logic.iterationScan
71bfb8	EffectBase__command_fire_effect	1	EffectBase.command_fire_effect
71c00d	EffectBase__command_start_effect	1	EffectBase.command_start_effect
71c068	shared_handler_71c068	1	AnimationState.command_add_criteria; AnimationStateWM.command_add_criteria; EffectBase.command_register_child_effect; EffectParticle.command_register_child_effect; EffectSound.command_register_child_effect; EffectSpeak.command_register_child_effect
71c096	shared__initialize_local	1	EffectBase.initialize_local; EffectSound.initialize_local; EffectSpeak.initialize_local
71c0f1	shared__deinitialize	1	EffectBase.deinitialize; EffectParticle.deinitialize; EffectSound.deinitialize; EffectSpeak.deinitialize
71c11e	shared__debug_fire	1	EffectBase.debug_fire; EffectParticle.debug_fire; EffectSound.debug_fire; EffectSpeak.debug_fire
71c1a6	shared__command_debug_fire	1	EffectBase.command_debug_fire; EffectParticle.command_debug_fire; EffectSound.command_debug_fire; EffectSpeak.command_debug_fire
71c81b	shared__StartChildEffect	1	EffectBase.StartChildEffect; EffectParticle.StartChildEffect; EffectSound.StartChildEffect; EffectSpeak.StartChildEffect
71c8cd	EffectCtrl__command_register_event	1	EffectCtrl.command_register_event
71c908	EffectCtrl__command_unregister_event	1	EffectCtrl.command_unregister_event
71c952	EffectCtrl__command_start_sound_effect	1	EffectCtrl.command_start_sound_effect
71c9c4	EffectCtrl__command_fire_effect	1	EffectCtrl.command_fire_effect
71ca0c	EffectCtrl__command_fire_effect_by_id	1	EffectCtrl.command_fire_effect_by_id
71ca9c	EffectCtrl__command_start_effect	1	EffectCtrl.command_start_effect
71cb5a	EffectCtrl__command_start_effect_by_id	1	EffectCtrl.command_start_effect_by_id
71cc57	EffectCtrl__command_stop_effect	1	EffectCtrl.command_stop_effect
71cd09	EffectCtrl__script_construct	0	EffectCtrl.script_construct
71cd1a	EffectCtrl__initialize_local	0	EffectCtrl.initialize_local
71cd50	EffectCtrl__StartSoundEffect	1	EffectCtrl.StartSoundEffect
71cdee	EffectParticle__command_fire_effect	1	EffectParticle.command_fire_effect
71ce96	EffectParticle__command_start_effect	1	EffectParticle.command_start_effect
71cfa9	EffectParticle__command_stop_effect	1	EffectParticle.command_stop_effect
71cfd9	EffectParticle__initialize_local	1	EffectParticle.initialize_local
71d040	EffectParticle__FilterExposedProperties	1	EffectParticle.FilterExposedProperties
71d1c5	EffectsLib__OverrideGfxSettings	1	EffectsLib.OverrideGfxSettings
71d254	EffectsLib__GetEffectPackageBasedOnTexture	1	EffectsLib.GetEffectPackageBasedOnTexture
71d694	EffectsLib__SpriteLine	0	EffectsLib.SpriteLine
71dbac	EffectsLib__RecursiveSetSpriteSizeX	1	EffectsLib.RecursiveSetSpriteSizeX
71dc3f	EffectSound__command_play_sound_effect	1	EffectSound.command_play_sound_effect
71dced	shared_handler_71dced	1	EffectSound.command_stop_effect; EffectSound.command_stop_sound_effect
71dd1c	EffectSound__command_fire_effect	1	EffectSound.command_fire_effect
71ddd1	EffectSound__command_start_effect	1	EffectSound.command_start_effect
71def1	EffectSound__debug_fire_this	0	EffectSound.debug_fire_this
71df0b	EffectSpeak__command_fire_effect	1	EffectSpeak.command_fire_effect
71dfb3	EffectSpeak__command_start_effect	1	EffectSpeak.command_start_effect
71e061	EffectSpeak__debug_fire_this	1	EffectSpeak.debug_fire_this
71e0a0	ElectricArmor__command_electric_armor_setup	1	ElectricArmor.command_electric_armor_setup
71e117	ElectricArmor__initialize_local	1	ElectricArmor.initialize_local
71e25c	ElectricArmor__command_electric_armor_charge	0	ElectricArmor.command_electric_armor_charge
71e287	ElectricArmor__StateActive	0	ElectricArmor.StateActive
71ea63	ElectricArmor__command_electric_armor_hit	1	ElectricArmor.command_electric_armor_hit
71eb95	ElectricArmor__command_send_lightning_to_character	1	ElectricArmor.command_send_lightning_to_character
71ec88	shared_handler_71ec88	0	ElectricArmor.command_electric_armor_charge; LockpickCtrl.command_reset
71ecb3	ElectricArmor__UpdateElectricSprites	0	ElectricArmor.UpdateElectricSprites
71f089	EnemyDef__command_get_leader_def	0	EnemyDef.command_get_leader_def
71f0ac	EnemyDef__command_get_base_def	0	EnemyDef.command_get_base_def
71f0cf	EnemyDef__command_get_damage_modifier	1	EnemyDef.command_get_damage_modifier
71f10f	EnemyDef__command_get_hang_back_time	1	EnemyDef.command_get_hang_back_time
71f146	EnemyDef__command_initialize_DRS	1	EnemyDef.command_initialize_DRS
71f9c1	EnemyDef__command_copy_properties	0	EnemyDef.command_copy_properties
71fce3	EnemyDef__FilterExposedProperties	1	EnemyDef.FilterExposedProperties
72175a	EnemyDef__initialize_local	1	EnemyDef.initialize_local
7218b3	shared__deinitialize	1	EnemyDef.deinitialize; PartnerDef.deinitialize; UnderbossDef.deinitialize
7218d8	Enemy__command_get_forced_state_struct	1	Enemy.command_get_forced_state_struct
721908	Enemy__command_set_forced_state_struct	1	Enemy.command_set_forced_state_struct
721948	Enemy__command_force_update	0	Enemy.command_force_update
721958	Enemy__command_react_to_attack	1	Enemy.command_react_to_attack
721f9d	Enemy__command_attacker_finished_combo	1	Enemy.command_attacker_finished_combo
722042	Enemy__command_attacker_failed_combo	1	Enemy.command_attacker_failed_combo
722063	Enemy__command_delay	1	Enemy.command_delay
72208e	Enemy__command_set_twilight_combat_params	0	Enemy.command_set_twilight_combat_params
7220c7	Enemy__command_react_to_attack_twilight_lady	1	Enemy.command_react_to_attack_twilight_lady
722bbb	Enemy__command_hit_by	0	Enemy.command_hit_by
722bfa	Enemy__command_set_forced_state	1	Enemy.command_set_forced_state
722ccc	Enemy__command_set_forced_state_time	1	Enemy.command_set_forced_state_time
722cf8	Enemy__command_stop_forced_state	1	Enemy.command_stop_forced_state
722d7c	Enemy__command_has_forced_state	0	Enemy.command_has_forced_state
722db4	Enemy__command_get_forced_state	0	Enemy.command_get_forced_state
722ddf	Enemy__command_forced_state_is	0	Enemy.command_forced_state_is
722e07	Enemy__command_got_up	1	Enemy.command_got_up
722f9f	Enemy__command_leaving_combat_zone	1	Enemy.command_leaving_combat_zone
723057	Enemy__command_entering_combat_zone	0	Enemy.command_entering_combat_zone
723092	Enemy__command_dont_move_while_animation_runs	1	Enemy.command_dont_move_while_animation_runs
7230b8	Enemy__command_clear	1	Enemy.command_clear
7231b4	Enemy__command_init	1	Enemy.command_init
723590	Enemy__command_got_focus	0	Enemy.command_got_focus
7235be	Enemy__command_set_follow_pivot	1	Enemy.command_set_follow_pivot
7236be	Enemy__command_fill_debug_view	1	Enemy.command_fill_debug_view
724033	Enemy__command_force_step_back	0	Enemy.command_force_step_back
724071	Enemy__StateActive	0	Enemy.StateActive
725869	Enemy__command_lost_focus	0	Enemy.command_lost_focus
72587d	Enemy__Evaluate	0	Enemy.Evaluate
72707d	DynamicObjectsEffectCtrl__command_object_collision	1	DynamicObjectsEffectCtrl.command_object_collision
72769f	ElectricArmor__AreaDamage	0	ElectricArmor.AreaDamage
728e00	dynamic_getup_logic__command_start_getup	0	dynamic_getup_logic.command_start_getup
734e95	FollowPartner__SetPartner	1	FollowPartner.SetPartner
734f02	FollowPartner__SetState	1	FollowPartner.SetState
734f80	Behavior__GetDeltaAngle	1	Behavior.GetDeltaAngle
734fb1	Behavior__SetState	1	Behavior.SetState
73504c	FXGfxEffectCtrl__MapValueCenter	0	FXGfxEffectCtrl.MapValueCenter
735084	FXGfxEffectCtrl__InitializePlatform	1	FXGfxEffectCtrl.InitializePlatform
73514e	FxHighlightCtrl__initialize_local	0	FxHighlightCtrl.initialize_local
735160	FxHighlightCtrl__command_register_highlight_def	1	FxHighlightCtrl.command_register_highlight_def
7351bb	FXLighting__initialize_local	0	FXLighting.initialize_local
7351d0	FXLighting__initialize_external	1	FXLighting.initialize_external
735235	FXLighting__command_full_strength_lightning_off	1	FXLighting.command_full_strength_lightning_off
735297	FXLighting__GenerateLightningPulseList	1	FXLighting.GenerateLightningPulseList
735321	FXLighting__StopModeForceInitializeLocalRecursive	0	FXLighting.StopModeForceInitializeLocalRecursive
73536e	FXLightningBlendToGFX__command_lightning_full_test	0	FXLightningBlendToGFX.command_lightning_full_test
73539b	FXLightningBlendToGFX__StopModeUpdate	1	FXLightningBlendToGFX.StopModeUpdate
735493	FireResidualEffect__command_init	1	FireResidualEffect.command_init
735729	FireResidualEffect__active	1	FireResidualEffect.active
735a29	FireVolumeBox__active	1	FireVolumeBox.active
735b1a	FireVolumeFlamethrower__active	1	FireVolumeFlamethrower.active
735c0d	FireVolume__active	1	FireVolume.active
735dfe	FollowPartner__IsLineFree	1	FollowPartner.IsLineFree
735f8a	FXGfxEffectCtrl__Active	1	FXGfxEffectCtrl.Active
73613c	FxHighlightCtrl__BlendOverrideSheets	1	FxHighlightCtrl.BlendOverrideSheets
73639c	FxHighlightCtrl__UnassignOverrideSheets	1	FxHighlightCtrl.UnassignOverrideSheets
7364a0	FXLighting__command_add_effect	1	FXLighting.command_add_effect
7365e3	FXLighting__PickEffectOfType	1	FXLighting.PickEffectOfType
736662	FXLightningBlendToGFX__FillGFXFilterStructOwnValues	0	FXLightningBlendToGFX.FillGFXFilterStructOwnValues
7366d8	FXLightningBlendToGFX__FillGFXFilterStruct	1	FXLightningBlendToGFX.FillGFXFilterStruct
7367ca	FXLightningBlendToGFX__SetGFXNodeFilters	1	FXLightningBlendToGFX.SetGFXNodeFilters
736a1d	FXLightningEffectsLib__RegisterEffectNode	1	FXLightningEffectsLib.RegisterEffectNode
736abd	FXLightningEffectsLib__FindEffectWrapperContainerNode	1	FXLightningEffectsLib.FindEffectWrapperContainerNode
736b03	FireResidualEffect__command_fire	0	FireResidualEffect.command_fire
736b4a	FireVolumeBox__command_init	1	FireVolumeBox.command_init
736c18	FireVolumeBox__ModelCollisionContactAdded	1	FireVolumeBox.ModelCollisionContactAdded
736d07	FireVolumeFlamethrower__command_init	1	FireVolumeFlamethrower.command_init
736dfb	FireVolumeFlamethrower__ModelCollisionContactAdded	1	FireVolumeFlamethrower.ModelCollisionContactAdded
7371ad	FireVolumeGeneral__initialize_local	1	FireVolumeGeneral.initialize_local
737257	FireVolumeGeneral__active	0	FireVolumeGeneral.active
737a5b	FireVolumeGeneral__ModelCollisionContactAdded	1	FireVolumeGeneral.ModelCollisionContactAdded
737b44	FireVolumeGeneral__ModelCollisionContactRemoved	1	FireVolumeGeneral.ModelCollisionContactRemoved
737c39	FireVolume__command_init	1	FireVolume.command_init
737d77	shared__command_fire	0	FireVolume.command_fire; FireVolumeBox.command_fire
737dba	FireVolume__ModelCollisionContactAdded	1	FireVolume.ModelCollisionContactAdded
737ea4	FlameThrower__command_init	0	FlameThrower.command_init
737ed1	FlameThrower__command_activate	0	FlameThrower.command_activate
737f30	FlameThrower__command_set_owner	1	FlameThrower.command_set_owner
737f99	FlameThrower__deinitialize	1	FlameThrower.deinitialize
737fcd	FlameThrower__command_fire	1	FlameThrower.command_fire
738221	FlameThrower__command_stop	1	FlameThrower.command_stop
738454	FlameThrower__SpawnFireArea	1	FlameThrower.SpawnFireArea
7385f9	FlameThrower__None	1	FlameThrower.None
738a6c	shared__command_is_pos_reachable_result	0	Behavior.command_is_pos_reachable_result; Enemy.command_is_pos_reachable_result; FollowPartner.command_is_pos_reachable_result
738a93	FollowPartner__command_init	1	FollowPartner.command_init
738cb6	FollowPartner__deinitialize	1	FollowPartner.deinitialize
738cd9	FollowPartner__command_check_preconditions	1	FollowPartner.command_check_preconditions
738d1b	FollowPartner__command_fill_debug_view	0	FollowPartner.command_fill_debug_view
73940b	FollowPartner__CalcClosestPos	1	FollowPartner.CalcClosestPos
739641	FollowPartner__CalcOptimalPosition	1	FollowPartner.CalcOptimalPosition
7398ca	FollowPartner__AdjustPlacementOfFollowPoint	1	FollowPartner.AdjustPlacementOfFollowPoint
739af4	FollowPartner__AdjustAcordingToCollision	0	FollowPartner.AdjustAcordingToCollision
739f0b	Behavior__command_set_target	1	Behavior.command_set_target
739f98	Behavior__command_set_position	1	Behavior.command_set_position
73a020	Behavior__command_fill_debug_view	1	Behavior.command_fill_debug_view
73a0d7	Behavior__command_init	1	Behavior.command_init
73a188	Behavior__deinitialize	1	Behavior.deinitialize
73a1af	Behavior__StateActive	0	Behavior.StateActive
73b943	Behavior__command_is_running	0	Behavior.command_is_running
73b95a	Behavior__command_is_behavior_running	1	Behavior.command_is_behavior_running
73b97c	Behavior__command_fill_debug_view	0	Behavior.command_fill_debug_view
73c139	FXGfxEffectCtrl__command_set_contrast	1	FXGfxEffectCtrl.command_set_contrast
73c1e5	FXGfxEffectCtrl__command_set_brightness	1	FXGfxEffectCtrl.command_set_brightness
73c28f	FXGfxEffectCtrl__command_set_gamma	1	FXGfxEffectCtrl.command_set_gamma
73c33a	FXGfxEffectCtrl__command_set_saturation	1	FXGfxEffectCtrl.command_set_saturation
73c408	FXGfxEffectCtrl__command_set_default_status	0	FXGfxEffectCtrl.command_set_default_status
73c41a	FXGfxEffectCtrl__command_override	1	FXGfxEffectCtrl.command_override
73c799	FXGfxEffectCtrl__command_set_gfx_values	1	FXGfxEffectCtrl.command_set_gfx_values
73cbac	FXGfxEffectCtrl__initialize_local	1	FXGfxEffectCtrl.initialize_local
73ccb6	FXGfxEffectCtrl__initialize_external	1	FXGfxEffectCtrl.initialize_external
73cdb1	FXGfxEffectCtrl__deinitialize	1	FXGfxEffectCtrl.deinitialize
73ce78	FXGfxEffectCtrl__command_fade_in	0	FXGfxEffectCtrl.command_fade_in
73cf1f	FXGfxEffectCtrl__command_fade_out	0	FXGfxEffectCtrl.command_fade_out
73cfa5	FXGfxEffectCtrl__GetCurrentSettings	1	FXGfxEffectCtrl.GetCurrentSettings
73d0e5	FxHighlightCtrl__StateMain	1	FxHighlightCtrl.StateMain
73d682	FxHighlightCtrl__command_highlight_def	1	FxHighlightCtrl.command_highlight_def
73d849	FxHighlightCtrl__command_highlight	1	FxHighlightCtrl.command_highlight
73d889	FxHighlightCtrl__command_unhighlight	1	FxHighlightCtrl.command_unhighlight
73d978	FxHighlightCtrl__command_kill_all_highlights	1	FxHighlightCtrl.command_kill_all_highlights
73da49	FxHighlightCtrl__AssignOverrideSheets	1	FxHighlightCtrl.AssignOverrideSheets
73dc0c	FxHighlightDef__initialize_local	1	FxHighlightDef.initialize_local
73dc8c	FXLighting__command_game_event	0	FXLighting.command_game_event
73dce4	FXLighting__command_test_fire_lightning	1	FXLighting.command_test_fire_lightning
73dd5b	FXLighting__command_full_strength_lightning	1	FXLighting.command_full_strength_lightning
73de7c	FXLighting__command_start_lightning_storm	0	FXLighting.command_start_lightning_storm
73dea7	FXLighting__StateLightningStorm	1	FXLighting.StateLightningStorm
73e099	FXLighting__PickEffects	1	FXLighting.PickEffects
73e19c	FXLighting__GenerateLightning	0	FXLighting.GenerateLightning
73e21b	FXLighting__SetLightingPosition	0	FXLighting.SetLightingPosition
73e265	FXLightningBlendToGFX__initialize_external	1	FXLightningBlendToGFX.initialize_external
73e2b4	FXLightningBlendToGFX__command_receive_pulse_value	1	FXLightningBlendToGFX.command_receive_pulse_value
73e357	FollowPartner__StateActive	0	FollowPartner.StateActive
7414e7	FlameThrower__active	0	FlameThrower.active
742637	FXLighting__StateFireLightning	1	FXLighting.StateFireLightning
742c67	FXLighting__RandomPitchYaw	1	FXLighting.RandomPitchYaw
742e7a	FXLighting__SetOrientToFaceCamera	0	FXLighting.SetOrientToFaceCamera
7432c6	FXLighting__CalcOrient	1	FXLighting.CalcOrient
74343b	FXLighting__CalcWorldPos	1	FXLighting.CalcWorldPos
74a5b6	FXLightningPlaySound__initialize_external	1	FXLightningPlaySound.initialize_external
74a5e9	FXLightningPlaySound__command_receive_pulse_value	1	FXLightningPlaySound.command_receive_pulse_value
74a612	FXLightningShowSprite__initialize_external	1	FXLightningShowSprite.initialize_external
74a669	FXParticleSysRain__initialize_local	0	FXParticleSysRain.initialize_local
74a67f	FXParticleSysRain__initialize_external	1	FXParticleSysRain.initialize_external
74a710	shared__deinitialize	1	FXParticleSysRain.deinitialize; TriggerCharacter.deinitialize
74a768	FXParticleSysRain__ShowMyRain	0	FXParticleSysRain.ShowMyRain
74a7a7	FxRotateBase__None	1	FxRotateBase.None
74a7f5	FxRotateSprite__CalcOpacity	1	FxRotateSprite.CalcOpacity
74a876	GameEventCtrl__RegisterGameEventListener	1	GameEventCtrl.RegisterGameEventListener
74a920	GameEventCtrl__UnregisterGameEventListener	1	GameEventCtrl.UnregisterGameEventListener
74a9c9	GameModeSelector__Update	1	GameModeSelector.Update
74aa9e	FXLightningShowLight__initialize_external	1	FXLightningShowLight.initialize_external
74aaf5	FXLightningShowLight__command_receive_pulse_value	1	FXLightningShowLight.command_receive_pulse_value
74ab51	FXLightningShowMockupBox__initialize_external	1	FXLightningShowMockupBox.initialize_external
74abff	FXLightningShowMockupBox__command_receive_pulse_value	1	FXLightningShowMockupBox.command_receive_pulse_value
74acdf	FXLightningShowSprite__command_receive_pulse_value	0	FXLightningShowSprite.command_receive_pulse_value
74ad3c	FxRotateMockupbox__GetNextTexture	1	FxRotateMockupbox.GetNextTexture
74adba	FxRotateMockupbox__None	1	FxRotateMockupbox.None
74ae6c	FxRotateModel__None	1	FxRotateModel.None
74aeb8	FxRotateSprite__None	1	FxRotateSprite.None
74af15	GameArea__GetCharacterRoot	1	GameArea.GetCharacterRoot
74af9a	GameEventCtrl___root	1	GameEventCtrl._root
74b043	GameEventCtrl__FindEventIndex	1	GameEventCtrl.FindEventIndex
74b09e	GameStateCtrl___root	1	GameStateCtrl._root
74b10b	GameStateCtrl__WarningState_CorruptFileOrDisc	1	GameStateCtrl.WarningState_CorruptFileOrDisc
74b286	GameStateCtrl__StateDelete	1	GameStateCtrl.StateDelete
74b35f	GameStateCtrl__UnlockAbilityFromAbilityIndex	1	GameStateCtrl.UnlockAbilityFromAbilityIndex
74b5e9	FXLightningLightUpSky__initialize_external	1	FXLightningLightUpSky.initialize_external
74b731	FXLightningLightUpSky__command_receive_pulse_value	1	FXLightningLightUpSky.command_receive_pulse_value
74b75f	FXParticleSysRain__command_game_event	1	FXParticleSysRain.command_game_event
74b80d	FXParticleSysRain__command_viewport_render_begin	1	FXParticleSysRain.command_viewport_render_begin
74b908	FXParticleSysRain__command_trig	0	FXParticleSysRain.command_trig
74b9b9	FxRotateMockupbox__start	1	FxRotateMockupbox.start
74ba1c	FxRotateMockupbox__StateActive	1	FxRotateMockupbox.StateActive
74bb3b	shared__start	1	FxRotateBase.start; FxRotateModel.start; FxRotateSprite.start
74bb93	shared__StateActive	1	FxRotateBase.StateActive; FxRotateModel.StateActive
74bc44	FxRotateSprite__StateActive	1	FxRotateSprite.StateActive
74bd3d	GameArea__CollisionContactAdded	1	GameArea.CollisionContactAdded
74bdf2	GameArea__CollisionContactRemoved	1	GameArea.CollisionContactRemoved
74bea9	shared__initialize_local	1	GameArea.initialize_local; PlayerLookatTrigger.initialize_local
74bee0	GameEventCtrl__command_register_gameevent_listener	1	GameEventCtrl.command_register_gameevent_listener
74bf16	shared_handler_74bf16	1	GameEventCtrl.command_register_gameevents_listener; TriggerCounterScript.command_register_threshold_node
74bf44	GameEventCtrl__command_unregister_gameevent_listener	1	GameEventCtrl.command_unregister_gameevent_listener
74bf9c	GameEventCtrl__command_unregister	1	GameEventCtrl.command_unregister
74bfdd	GameEventCtrl__command_broadcast_gameevent	1	GameEventCtrl.command_broadcast_gameevent
74c027	GameEventCtrl__command_flush	1	GameEventCtrl.command_flush
74c624	GameEventCtrl__command_debug_broadcast	1	GameEventCtrl.command_debug_broadcast
74c666	GameEventCtrl__initialize_local	0	GameEventCtrl.initialize_local
74c677	GameEventCtrl__BroadcastGameEvent	1	GameEventCtrl.BroadcastGameEvent
74ca50	GameStateCtrl__command_register_game_state_event_listener	1	GameStateCtrl.command_register_game_state_event_listener
74caa5	GameStateCtrl__command_unregister_game_state_event_listener	1	GameStateCtrl.command_unregister_game_state_event_listener
74cb11	GameStateCtrl__command_save	1	GameStateCtrl.command_save
74cb38	GameStateCtrl__command_load	0	GameStateCtrl.command_load
74cb90	GameStateCtrl__command_platform_startup	1	GameStateCtrl.command_platform_startup
74cc47	GameStateCtrl__command_startup_completed	0	GameStateCtrl.command_startup_completed
74ccf1	GameStateCtrl__command_is_loading	1	GameStateCtrl.command_is_loading
74cd17	GameStateCtrl__command_is_saving	1	GameStateCtrl.command_is_saving
74cd3d	GameStateCtrl__command_is_loading_allowed	1	GameStateCtrl.command_is_loading_allowed
74cdf2	GameStateCtrl__command_is_out_of_memory	0	GameStateCtrl.command_is_out_of_memory
74ce09	GameStateCtrl__command_is_loaded_level_progress_owned_by_signed_in_user	0	GameStateCtrl.command_is_loaded_level_progress_owned_by_signed_in_user
74ce20	GameStateCtrl__command_is_dirty	0	GameStateCtrl.command_is_dirty
74ce62	GameStateCtrl__command_set_dirty	1	GameStateCtrl.command_set_dirty
74cea7	GameStateCtrl__command_get_total_save_data_bytesize	1	GameStateCtrl.command_get_total_save_data_bytesize
74cecf	GameStateCtrl__command_saving_started	0	GameStateCtrl.command_saving_started
74cf79	GameStateCtrl__command_saving_completed	1	GameStateCtrl.command_saving_completed
74d04e	GameStateCtrl__command_has_any_input_map	0	GameStateCtrl.command_has_any_input_map
74d0ab	GameStateCtrl__command_set_brightness	1	GameStateCtrl.command_set_brightness
74d11b	GameStateCtrl__command_get_brightness	0	GameStateCtrl.command_get_brightness
74d133	GameStateCtrl__command_set_contrast	1	GameStateCtrl.command_set_contrast
74d1ed	GameStateCtrl__command_get_contrast	1	GameStateCtrl.command_get_contrast
74d243	GameStateCtrl__command_set_gamma	1	GameStateCtrl.command_set_gamma
74d2fd	GameStateCtrl__command_get_gamma	1	GameStateCtrl.command_get_gamma
74d353	GameStateCtrl__command_set_saturation	1	GameStateCtrl.command_set_saturation
74d40d	GameStateCtrl__command_get_saturation	1	GameStateCtrl.command_get_saturation
74d463	GameStateCtrl__command_reapply_gfx	1	GameStateCtrl.command_reapply_gfx
74d5db	GameStateCtrl__command_set_speakertype	1	GameStateCtrl.command_set_speakertype
74d620	GameStateCtrl__command_get_speakertype	0	GameStateCtrl.command_get_speakertype
74d638	GameStateCtrl__command_set_master_volume	1	GameStateCtrl.command_set_master_volume
74d6a5	GameStateCtrl__command_get_master_volume	0	GameStateCtrl.command_get_master_volume
74d6bd	GameStateCtrl__command_set_sound_effects_volume	1	GameStateCtrl.command_set_sound_effects_volume
74d72c	GameStateCtrl__command_get_sound_effects_volume	0	GameStateCtrl.command_get_sound_effects_volume
74d744	GameStateCtrl__command_set_voiceover_volume	1	GameStateCtrl.command_set_voiceover_volume
74d7b3	GameStateCtrl__command_get_voiceover_volume	0	GameStateCtrl.command_get_voiceover_volume
74d7cb	GameStateCtrl__command_set_music_volume	1	GameStateCtrl.command_set_music_volume
74d838	GameStateCtrl__command_get_music_volume	0	GameStateCtrl.command_get_music_volume
74d850	GameStateCtrl__command_set_subtitles	1	GameStateCtrl.command_set_subtitles
74d895	GameStateCtrl__command_get_subtitles	0	GameStateCtrl.command_get_subtitles
74d8ad	GameStateCtrl__command_set_horizontal_cam	1	GameStateCtrl.command_set_horizontal_cam
74d9cd	GameStateCtrl__command_get_horizontal_cam	1	GameStateCtrl.command_get_horizontal_cam
74da9f	GameStateCtrl__command_set_vertical_cam	1	GameStateCtrl.command_set_vertical_cam
74dbbf	GameStateCtrl__command_get_vertical_cam	1	GameStateCtrl.command_get_vertical_cam
74dc91	GameStateCtrl__command_set_keyboard_only	1	GameStateCtrl.command_set_keyboard_only
74dd26	GameStateCtrl__command_get_keyboard_only	1	GameStateCtrl.command_get_keyboard_only
74dd7a	GameStateCtrl__command_set_mouse_sensitivity	1	GameStateCtrl.command_set_mouse_sensitivity
74de0b	GameStateCtrl__command_get_mouse_sensitivity	0	GameStateCtrl.command_get_mouse_sensitivity
74de23	GameStateCtrl__command_get_modified_sensitivity	0	GameStateCtrl.command_get_modified_sensitivity
74de3b	GameStateCtrl__command_set_keyboard_camera_sensitivity	1	GameStateCtrl.command_set_keyboard_camera_sensitivity
74decc	GameStateCtrl__command_get_keyboard_camera_sensitivity	0	GameStateCtrl.command_get_keyboard_camera_sensitivity
74dee4	GameStateCtrl__command_get_modified_keyboard_camera_sensitivity	0	GameStateCtrl.command_get_modified_keyboard_camera_sensitivity
74defc	GameStateCtrl__command_get_keyboard_only_ID	1	GameStateCtrl.command_get_keyboard_only_ID
74dfd1	GameStateCtrl__command_set_keyboard_only_id	1	GameStateCtrl.command_set_keyboard_only_id
74e005	GameStateCtrl__command_get_player_1_control_product_name__PC_ONLY	1	GameStateCtrl.command_get_player_1_control_product_name__PC_ONLY
74e0a0	GameStateCtrl__command_get_player_2_control_product_name__PC_ONLY	1	GameStateCtrl.command_get_player_2_control_product_name__PC_ONLY
74e13b	GameStateCtrl__command_set_player_1_control_product_name__PC_ONLY	1	GameStateCtrl.command_set_player_1_control_product_name__PC_ONLY
74e1b3	GameStateCtrl__command_set_player_2_control_product_name__PC_ONLY	1	GameStateCtrl.command_set_player_2_control_product_name__PC_ONLY
74e22b	GameStateCtrl__command_reapply_settings	1	GameStateCtrl.command_reapply_settings
74e4af	GameStateCtrl__command_is_tutorial_seen	1	GameStateCtrl.command_is_tutorial_seen
74e521	GameStateCtrl__command_tutorial_seen	1	GameStateCtrl.command_tutorial_seen
74e5c6	GameStateCtrl__command_unlock_ability	1	GameStateCtrl.command_unlock_ability
74e691	GameStateCtrl__command_unlock_all_abilities	1	GameStateCtrl.command_unlock_all_abilities
74e6c2	GameStateCtrl__command_is_ability_unlocked	1	GameStateCtrl.command_is_ability_unlocked
74e7c6	GameStateCtrl__command_get_number_of_unlocked_abilities	1	GameStateCtrl.command_get_number_of_unlocked_abilities
74e964	GameStateCtrl__command_get_number_of_unlockable_abilities	1	GameStateCtrl.command_get_number_of_unlockable_abilities
74eb03	GameStateCtrl__command_get_number_of_unlocked_pickups	1	GameStateCtrl.command_get_number_of_unlocked_pickups
74eca0	GameStateCtrl__command_get_number_of_unlockable_pickups	1	GameStateCtrl.command_get_number_of_unlockable_pickups
74ee3e	GameStateCtrl__command_get_number_of_unlocked_pickups_total	1	GameStateCtrl.command_get_number_of_unlocked_pickups_total
74ef3e	GameStateCtrl__command_get_number_of_unlockable_pickups_total	1	GameStateCtrl.command_get_number_of_unlockable_pickups_total
74f049	GameStateCtrl__debug_cheat_ability_unlock_notify	0	GameStateCtrl.debug_cheat_ability_unlock_notify
74f108	GameStateCtrl__command_scene_complete	1	GameStateCtrl.command_scene_complete
74f1cc	GameStateCtrl__command_is_scene_complete	1	GameStateCtrl.command_is_scene_complete
74f224	GameStateCtrl__command_register_checkpoint	1	GameStateCtrl.command_register_checkpoint
74f273	GameStateCtrl__command_unregister_checkpoint	1	GameStateCtrl.command_unregister_checkpoint
74f303	GameStateCtrl__command_is_checkpoint_valid	0	GameStateCtrl.command_is_checkpoint_valid
74f31a	GameStateCtrl__command_current_checkpoint_level	1	GameStateCtrl.command_current_checkpoint_level
74f34e	GameStateCtrl__command_set_current_streamblock	1	GameStateCtrl.command_set_current_streamblock
74f382	GameStateCtrl__command_game_checkpoint_reached	1	GameStateCtrl.command_game_checkpoint_reached
74f511	GameStateCtrl__command_get_debug_checkpoint	0	GameStateCtrl.command_get_debug_checkpoint
74f533	GameStateCtrl__command_set_session_cp_to_last_saved	1	GameStateCtrl.command_set_session_cp_to_last_saved
74f57b	GameStateCtrl__get_checkpoint	1	GameStateCtrl.get_checkpoint
74f5f1	GameStateCtrl__restore_checkpoint	1	GameStateCtrl.restore_checkpoint
74f66e	shared_handler_74f66e	0	GameStateCtrl.command_last_session_checkpoint; MenuWidgetBase.command_is_alive; MenuWidgetButton.command_is_alive; MenuWidgetButtonMap.command_is_alive; MenuWidgetSelector.command_is_alive; PlayerCtrl.command_get_player_input_id
74f680	GameStateCtrl__command_cheat_restore_underboss_checkpoint	0	GameStateCtrl.command_cheat_restore_underboss_checkpoint
74f69f	GameStateCtrl__command_reset_gamestate	1	GameStateCtrl.command_reset_gamestate
74f79f	GameStateCtrl__command_game_event	0	GameStateCtrl.command_game_event
74f7cc	GameStateCtrl__initialize_local	1	GameStateCtrl.initialize_local
74f849	GameStateCtrl__initialize_external	1	GameStateCtrl.initialize_external
74f8b2	GameStateCtrl__FilterExposedProperties	1	GameStateCtrl.FilterExposedProperties
74fa3a	GameStateCtrl__button_ability_unlock	1	GameStateCtrl.button_ability_unlock
74fa66	GameStateCtrl__button_ability_reset	1	GameStateCtrl.button_ability_reset
74fa94	GameStateCtrl__StateLoad	1	GameStateCtrl.StateLoad
74fdf0	GameStateCtrl__StateInternalLoad	1	GameStateCtrl.StateInternalLoad
7500a0	GameStateCtrl__command_loading_completed	0	GameStateCtrl.command_loading_completed
7500c0	GameStateCtrl__command_warning_closed	0	GameStateCtrl.command_warning_closed
7500e6	GameStateCtrl__UpdateAbilities	1	GameStateCtrl.UpdateAbilities
7501db	GameStateCtrl__SetAllAbilitiesState	1	GameStateCtrl.SetAllAbilitiesState
7502b3	FXParticleSysRain__StateActive	1	FXParticleSysRain.StateActive
7503c6	shared__CalcRotateY	1	FxRotateBase.CalcRotateY; FxRotateMockupbox.CalcRotateY; FxRotateModel.CalcRotateY; FxRotateSprite.CalcRotateY
757f0a	GFXEffectType__command_get_effect_info	1	GFXEffectType.command_get_effect_info
757f7a	shared__SetName	1	GFXEffectType.SetName; GFXPackageCtrl.SetName; SoundEffectType.SetName; SoundPackageCtrl.SetName
757fe0	GlobalAiParameters__FilterExposedProperties	1	GlobalAiParameters.FilterExposedProperties
75805a	shared_handler_75805a	0	DoorPathObject.start; GlobalAiParameters.script_construct; SoundCtrl.script_construct; StreamBlockTrigger.start
75806d	GrapplingGun__command_enable	0	GrapplingGun.command_enable
75807b	GrapplingGun__command_do_rope_winding_sound	1	GrapplingGun.command_do_rope_winding_sound
7580a6	GrapplingGun__command_stop_rope_winding_sound	1	GrapplingGun.command_stop_rope_winding_sound
7580d0	GrapplingGun__command_attach	0	GrapplingGun.command_attach
7580e6	Inflator__SetFlate	1	Inflator.SetFlate
758129	InputCtrl__IsLegalKeyboardKey	0	InputCtrl.IsLegalKeyboardKey
758148	InputCtrl__GetDefaultGamePadButtonMap	0	InputCtrl.GetDefaultGamePadButtonMap
75819d	InputCtrl__ClearInputMapForPlayer	1	InputCtrl.ClearInputMapForPlayer
758209	shared_handler_758209	1	InputCtrl.GetMappedDeviceNameForPlayer; StringLib.DebugNodeName; StringLib.DebugShortNodeName
758274	GFXPackageCtrl___root	1	GFXPackageCtrl._root
758337	GFXPackageCtrl__PackageInfo	0	GFXPackageCtrl.PackageInfo
75849f	GFXParticleEffectType__ApplySubEffect	0	GFXParticleEffectType.ApplySubEffect
7587d2	GlobalAiParameters__initialize_local	1	GlobalAiParameters.initialize_local
75880f	HudBar__StateMain	1	HudBar.StateMain
7590f7	InputButtonMap___root	0	InputButtonMap._root
7591a9	InputCtrl___root	0	InputCtrl._root
759252	InputCtrl__HandleDefaults	1	InputCtrl.HandleDefaults
75940c	InputCtrl__HandleOverrides	1	InputCtrl.HandleOverrides
7597ca	InputCtrl__HandleRemovedGamepads	1	InputCtrl.HandleRemovedGamepads
759db6	InputCtrl__InputEnabled	0	InputCtrl.InputEnabled
759df4	InputCtrl__CopyIntegerListList	1	InputCtrl.CopyIntegerListList
759f4b	InputCtrl__IsDeviceNavigationPressed	1	InputCtrl.IsDeviceNavigationPressed
75a081	InputGamepadMap__GetStickFromId	0	InputGamepadMap.GetStickFromId
75a0cf	GfxBlender__command_point_added	1	GfxBlender.command_point_added
75a24b	GfxBlender__command_point_removed	1	GfxBlender.command_point_removed
75a466	GfxBlender__initialize_local	1	GfxBlender.initialize_local
75a5b9	GfxBlender__initialize_external	0	GfxBlender.initialize_external
75a5e4	GfxBlender__active	1	GfxBlender.active
75a838	GfxBlender__SetValues	1	GfxBlender.SetValues
75a93f	GfxBlender__calc_blend_value	1	GfxBlender.calc_blend_value
75acd1	GFXDecalEffectType__command_get_effect_info	1	GFXDecalEffectType.command_get_effect_info
75acff	GFXDecalEffectType__command_apply_effect	1	GFXDecalEffectType.command_apply_effect
75ada5	GFXDecalEffectType__ApplySubEffect	0	GFXDecalEffectType.ApplySubEffect
75af1f	GFXDecalEffectType__CheckDecalValidity	0	GFXDecalEffectType.CheckDecalValidity
75b7e5	GFXDecalEffectType__LineCheckDecal	1	GFXDecalEffectType.LineCheckDecal
75b91d	GFXPackageCtrl__command_get_decal_package_effect	0	GFXPackageCtrl.command_get_decal_package_effect
75b963	shared_handler_75b963	0	GFXPackageCtrl.command_get_particle_package_effect; SoundPackageCtrl.command_get_sound_package_effect
75b9a9	shared_handler_75b9a9	0	GFXPackageCtrl.command_package_info; LoudSpeaker.command_stop_loudspeaker; UnderbossPlatformMotion.initialize_local
75b9ca	GFXPackageCtrl__command_generate_all_child_collision_type	1	GFXPackageCtrl.command_generate_all_child_collision_type
75bb96	GFXPackageCtrl__command_generate_all_collision_type	1	GFXPackageCtrl.command_generate_all_collision_type
75bd72	GFXPackageCtrl__initialize_local	1	GFXPackageCtrl.initialize_local
75c154	GFXPackageCtrl__initialize_external	1	GFXPackageCtrl.initialize_external
75c3ca	GFXParticleEffectType__initialize_local	1	GFXParticleEffectType.initialize_local
75c406	shared_handler_75c406	0	GFXDecalEffectType.command_get_decal_slot; GFXEffectType.command_get_gfx_effect; GFXParticleEffectType.command_get_particle_slot; SoundEffectType.command_get_sound_slot
75c413	GFXParticleEffectType__command_get_effect_info	1	GFXParticleEffectType.command_get_effect_info
75c441	GFXParticleEffectType__command_apply_effect	1	GFXParticleEffectType.command_apply_effect
75c508	GrapplingGun__command_fire	1	GrapplingGun.command_fire
75c571	GrapplingGun__initialize_local	1	GrapplingGun.initialize_local
75c663	GrapplingGun__StateFirering	0	GrapplingGun.StateFirering
75d313	GrapplingGun__command_retract	0	GrapplingGun.command_retract
75d33e	GrapplingGun__command_disable	0	GrapplingGun.command_disable
75d38a	GrapplingGun__StateAttached	1	GrapplingGun.StateAttached
75d670	GrapplingGun__command_retract	0	GrapplingGun.command_retract
75d69b	GrapplingGun__command_disable	0	GrapplingGun.command_disable
75d6e7	GrapplingGun__StateRetract	0	GrapplingGun.StateRetract
75dd38	GrapplingGun__command_disable	0	GrapplingGun.command_disable
75dd84	GroupManager__command_get_group	1	GroupManager.command_get_group
75dde6	GroupManager__command_get_group_entity	0	GroupManager.command_get_group_entity
75de2c	GroupManager__command_delete_group_entity	1	GroupManager.command_delete_group_entity
75df55	GroupManager__initialize_local	0	GroupManager.initialize_local
75df66	GroupManager__command_add	1	GroupManager.command_add
75e18b	GroupManager__command_game_event	1	GroupManager.command_game_event
75e1e6	hangback__command_check_preconditions	1	hangback.command_check_preconditions
75e379	hangback__command_init	1	hangback.command_init
75e3bd	hangback__command_fill_debug_view	1	hangback.command_fill_debug_view
75e618	hangback__StateActive	0	hangback.StateActive
75f4e0	HudBar__command_set_bar	1	HudBar.command_set_bar
75f50c	HudBar__command_set_max	1	HudBar.command_set_max
75f538	HudBar__command_set_overlay	1	HudBar.command_set_overlay
75f564	Inflator__start	0	Inflator.start
75f5a5	shared_handler_75f5a5	0	Inflator.button_inflate; LockPickShaker.command_pin_in_place; PlayerTutotialHUD.initialize_local; SpriteBar.initialize_local
75f5d0	Inflator__StateInflate	1	Inflator.StateInflate
75f75b	Inflator__StateDeflate	1	Inflator.StateDeflate
75f7c3	InputButtonMap__initialize_local	1	InputButtonMap.initialize_local
75f7f6	InputButtonMap__FilterExposedProperties	1	InputButtonMap.FilterExposedProperties
75fa3c	InputCtrl__command_set__eInputMapState	0	InputCtrl.command_set__eInputMapState
75fa4e	InputCtrl__command_set_input_enabled_for_player	1	InputCtrl.command_set_input_enabled_for_player
75fa83	InputCtrl__command_set_input_enabled	0	InputCtrl.command_set_input_enabled
75fa95	InputCtrl__command_eat_button_pressed	1	InputCtrl.command_eat_button_pressed
75fac3	InputCtrl__command_register_button_listener	1	InputCtrl.command_register_button_listener
75fb26	InputCtrl__command_set_gamepad_for_player1	1	InputCtrl.command_set_gamepad_for_player1
75fb5d	InputCtrl__command_set_gamepad_for_player2	1	InputCtrl.command_set_gamepad_for_player2
75fb97	InputCtrl__command_get_active_gamepad_id	1	InputCtrl.command_get_active_gamepad_id
75fc3d	InputCtrl__command_set_keyboard_for_player__PC_EDITOR_ONLY	1	InputCtrl.command_set_keyboard_for_player__PC_EDITOR_ONLY
75fe09	InputCtrl__command_get_active_input_device_product_name	1	InputCtrl.command_get_active_input_device_product_name
75fed9	InputCtrl__command_clear_all_input_mappings	1	InputCtrl.command_clear_all_input_mappings
75ff71	InputCtrl__command_clear_input_map_for_player	1	InputCtrl.command_clear_input_map_for_player
75ffa2	InputCtrl__command_get_most_valid_gamepad_controller_id	1	InputCtrl.command_get_most_valid_gamepad_controller_id
760180	InputCtrl__command_is_gamepad_allready_mapped	1	InputCtrl.command_is_gamepad_allready_mapped
7601dd	InputCtrl__command_is_gamepad_device_present	1	InputCtrl.command_is_gamepad_device_present
760270	InputCtrl__command_uses_mouse	1	InputCtrl.command_uses_mouse
7602c8	InputCtrl__command_get_mouse_speed	0	InputCtrl.command_get_mouse_speed
7602df	InputCtrl__command_convert_mouse_sensitivity	0	InputCtrl.command_convert_mouse_sensitivity
7602f8	InputCtrl__command_convert_keyboard_camera_sensitivity	0	InputCtrl.command_convert_keyboard_camera_sensitivity
760311	InputCtrl__command_is_keyboard_key_pressed	1	InputCtrl.command_is_keyboard_key_pressed
760381	InputCtrl__command_is__player_button_pressed	1	InputCtrl.command_is__player_button_pressed
760454	InputCtrl__command_is__player_button_down	1	InputCtrl.command_is__player_button_down
760527	InputCtrl__command_get_meta_device_for_player	0	InputCtrl.command_get_meta_device_for_player
76054e	shared_handler_76054e	0	InputCtrl.command_last_device; PlayerCtrl.command_get_gfx_node
760563	InputCtrl__command_last_playable_pressed	1	InputCtrl.command_last_playable_pressed
760654	InputCtrl__command_is_button_pressed	1	InputCtrl.command_is_button_pressed
7607b7	InputCtrl__command_is_meta_device_button_pressed	1	InputCtrl.command_is_meta_device_button_pressed
760832	InputCtrl__command_is_button_released	1	InputCtrl.command_is_button_released
760905	InputCtrl__command_is_button_down	1	InputCtrl.command_is_button_down
7609d8	InputCtrl__command_get_stick_circle	1	InputCtrl.command_get_stick_circle
760bf0	InputCtrl__command_get_stick_polar	1	InputCtrl.command_get_stick_polar
760dae	InputCtrl__command_set_vibration	1	InputCtrl.command_set_vibration
760e19	InputCtrl__command_is_device_button_down	1	InputCtrl.command_is_device_button_down
760ea3	InputCtrl__command_is_device_button_pressed	1	InputCtrl.command_is_device_button_pressed
760f2d	InputCtrl__command_last_device_was_gamepad	1	InputCtrl.command_last_device_was_gamepad
760f8b	InputCtrl__command_last_gamepad_pressed	1	InputCtrl.command_last_gamepad_pressed
760fe9	InputCtrl__command_last_pressed__EDITOR__ONLY	1	InputCtrl.command_last_pressed__EDITOR__ONLY
76108e	InputCtrl__command_has_any_device_pressed_start	1	InputCtrl.command_has_any_device_pressed_start
761782	InputCtrl__command_has_anybody_pressed_anything	1	InputCtrl.command_has_anybody_pressed_anything
76198b	shared_handler_76198b	0	InputCtrl.command_get_reconnect_hud_ui; PlayerCtrl.command_get_camera
76199d	InputCtrl__command_set_all_default_mappings	1	InputCtrl.command_set_all_default_mappings
761af6	InputCtrl__command_set_default_mapping	1	InputCtrl.command_set_default_mapping
761f5b	InputCtrl__command_pre_load_platform_specific_setup	1	InputCtrl.command_pre_load_platform_specific_setup
761fab	InputCtrl__command_post_load_platform_specific_setup	0	InputCtrl.command_post_load_platform_specific_setup
761fcf	InputCtrl__command_get_device_button_id	1	InputCtrl.command_get_device_button_id
762187	InputCtrl__command_get_prioritized_device_button_id	1	InputCtrl.command_get_prioritized_device_button_id
76229f	InputCtrl__command_set_device_button_id	1	InputCtrl.command_set_device_button_id
7626ae	InputCtrl__command_get_gamepad_input_setup_ref__EDITOR__ONLY	1	InputCtrl.command_get_gamepad_input_setup_ref__EDITOR__ONLY
7627c7	InputCtrl__initialize_local	1	InputCtrl.initialize_local
76283f	InputCtrl__initialize_external	0	InputCtrl.initialize_external
76288b	InputCtrl__StateActive__PS3_X360_ONLY	1	InputCtrl.StateActive__PS3_X360_ONLY
76294a	InputCtrl__StateActive__PC_EDITOR_ONLY	1	InputCtrl.StateActive__PC_EDITOR_ONLY
763512	InputCtrl__Initialize	1	InputCtrl.Initialize
76420e	InputCtrl__SetGamePadDefaultButtonMap	1	InputCtrl.SetGamePadDefaultButtonMap
7644a0	InputCtrl__IsLogicButtonPressed	1	InputCtrl.IsLogicButtonPressed
7646f1	InputCtrl__IsLogicButtonReleased	1	InputCtrl.IsLogicButtonReleased
7648fd	InputCtrl__IsLogicButtonDown	1	InputCtrl.IsLogicButtonDown
764b09	InputCtrl__IsDeviceButtonPressed	1	InputCtrl.IsDeviceButtonPressed
764d1f	InputCtrl__IsDeviceButtonReleased	1	InputCtrl.IsDeviceButtonReleased
764f35	InputCtrl__IsDeviceButtonDown	1	InputCtrl.IsDeviceButtonDown
76514b	InputCtrl__SetPlayerGamePad	1	InputCtrl.SetPlayerGamePad
765602	InputGamepadMap__command_register_button_map	1	InputGamepadMap.command_register_button_map
76564c	InputGamepadMap__command_register_stick_map	1	InputGamepadMap.command_register_stick_map
7656a2	InputGamepadMap__command_get_stick_circle	1	InputGamepadMap.command_get_stick_circle
76574d	InputGamepadMap__command_get_stick_polar	1	InputGamepadMap.command_get_stick_polar
7657f9	InputGamepadMap__command_get_logicalId_from_deviceId	0	InputGamepadMap.command_get_logicalId_from_deviceId
765891	shared__initialize_local	1	InputGamepadMap.initialize_local; InputMouseMap.initialize_local
7658d0	GrapplingGun__ResetHook	1	GrapplingGun.ResetHook
76eb95	anon_0x77582e__initialize_local	1	anon_0x77582e.initialize_local
76ebd4	InputLib__ProductNameToSaveDevice	1	InputLib.ProductNameToSaveDevice
76ed02	InputLib__GetSavePlayerNumber	0	InputLib.GetSavePlayerNumber
76ed25	InputLib__IsKeyboardMouseDevice	0	InputLib.IsKeyboardMouseDevice
76ed35	InputLib__GetPlayerNumberGamePadDevice	0	InputLib.GetPlayerNumberGamePadDevice
76ed53	KynapseArtificialDoor__initialize_local	0	KynapseArtificialDoor.initialize_local
76ed80	KynapseArtificialDoor__FilterExposedProperties	1	KynapseArtificialDoor.FilterExposedProperties
76edf1	LeaderEnemy__BroadCast_LeaderPresent	1	LeaderEnemy.BroadCast_LeaderPresent
76ee9d	LeaderEnemy__BroadCast_LeaderLeaving	1	LeaderEnemy.BroadCast_LeaderLeaving
76ef49	LevelSceneCtrl__command_get_override_model	0	LevelSceneCtrl.command_get_override_model
76ef70	LevelSceneCtrl__deinitialize	1	LevelSceneCtrl.deinitialize
76efec	LevelSceneCtrl__debug_game_over	1	LevelSceneCtrl.debug_game_over
76f01f	LevelSceneCtrl__debug_level_end	1	LevelSceneCtrl.debug_level_end
76f052	LightViewportSelector__SetLightRef	1	LightViewportSelector.SetLightRef
76f0c2	anon_0x77582e__command_register_button_map	1	anon_0x77582e.command_register_button_map
76f14d	InputLib__MetaDeviceToSaveDevice	1	InputLib.MetaDeviceToSaveDevice
76f1cf	InputLib__GetIndexOfFirstX360GamePad	1	InputLib.GetIndexOfFirstX360GamePad
76f282	InputMapperDebug__StateActive	1	InputMapperDebug.StateActive
76f70e	InputMouseMap__command_register_button_map	1	InputMouseMap.command_register_button_map
76f799	InputStickMap___root	0	InputStickMap._root
76f83f	KynapseStaticPathObjSceneClimbUp___root	0	KynapseStaticPathObjSceneClimbUp._root
76f90f	KynapseStaticPathObjSceneClimbUp__DeleteActiveCharacter	1	KynapseStaticPathObjSceneClimbUp.DeleteActiveCharacter
76fa09	shared_handler_76fa09	1	AnimationDataWM._root; AnimationTransition._root; AnimationVisualisationCtrl.StateActive; AnimationVisualisationCtrlWM.StateActive; BehaviorAnimationWM._root; CameraModifierHealthEffect._root; CharacterCameraAI._root; CharacterComboDef._root; CharacterDef._root; CharacterSpeakDefinitionUpdate._root; InputGamepadMap._root; LevelProgressState._root (+12 more)
76fa76	LevelSceneCtrl__initialize_local	1	LevelSceneCtrl.initialize_local
76fabb	LevelSceneCtrl__StateActive	1	LevelSceneCtrl.StateActive
76fd03	LevelSceneCtrl__StateInMenu	1	LevelSceneCtrl.StateInMenu
76fdfa	LevelSceneCtrl__FadeTime	1	LevelSceneCtrl.FadeTime
770037	LevelSceneCtrl__StatePlayerVsPlayerEnd	1	LevelSceneCtrl.StatePlayerVsPlayerEnd
7702ef	LightFlash__StateFlash	1	LightFlash.StateFlash
7703c9	LightFlicker__UpdateFlicker	1	LightFlicker.UpdateFlicker
770477	LightViewportSelector__initialize_local	1	LightViewportSelector.initialize_local
7704cf	LightViewportSelector__command_set_light_values	1	LightViewportSelector.command_set_light_values
7706f0	InputMapperDebug__start	1	InputMapperDebug.start
7707b3	InputMapperDebug__RecursiveInitLocal	1	InputMapperDebug.RecursiveInitLocal
770849	InputSetMode__FilterExposedProperties	1	InputSetMode.FilterExposedProperties
770ac4	InputStickMap__initialize_local	1	InputStickMap.initialize_local
770aef	InputStickMap__FilterExposedProperties	1	InputStickMap.FilterExposedProperties
770cfc	shared_handler_770cfc	0	AmbienceGroup.command_activate_ambience_group; AnimationGamepivotDebug.start; CloneSheet_Prototype.initialize_local; ClothWind_Prototype.initialize_local; DebugScrollGraph.command_activate; HudBar.initialize_local; KynapseCharacter.start; SignedInUserChangeX360Ctrl.command_signedin_user_changed; State1.start; State2.start; TextBoxTextShrinker.initialize_local; physicsTimepassed.start (+1 more)
770d27	KynapseCharacter__StateActive	0	KynapseCharacter.StateActive
771392	KynapseStaticPathObjSceneClimbUp__TraversePathObject	1	KynapseStaticPathObjSceneClimbUp.TraversePathObject
77173e	KynapseStaticPathObjSceneClimbUp__GetEdgeCost	1	KynapseStaticPathObjSceneClimbUp.GetEdgeCost
771896	KynapseStaticPathObjSceneClimbUp__initialize_local	1	KynapseStaticPathObjSceneClimbUp.initialize_local
771a64	KynapseStaticPathObjSceneClimbUp__deinitialize	1	KynapseStaticPathObjSceneClimbUp.deinitialize
771a89	KynapseStaticPathObjSceneClimbUp__StateActive	0	KynapseStaticPathObjSceneClimbUp.StateActive
772d55	kynapsetest01__initialize_external	1	kynapsetest01.initialize_external
772df9	kynapsetest01__AdjustPlacementOfFollowPoint	1	kynapsetest01.AdjustPlacementOfFollowPoint
773029	LeaderEnemy__StateActive	1	LeaderEnemy.StateActive
7736c9	LeaderEnemy__command_init	1	LeaderEnemy.command_init
7736f6	LeaderEnemy__command_fill_debug_view	1	LeaderEnemy.command_fill_debug_view
773858	LevelProgressState__command_is_ability_unlocked	1	LevelProgressState.command_is_ability_unlocked
7738db	LevelProgressState__command_unlock_ability	1	LevelProgressState.command_unlock_ability
77394f	LevelProgressState__initialize_local	0	LevelProgressState.initialize_local
773964	LevelProgressState__command_reset_levelprogress	1	LevelProgressState.command_reset_levelprogress
773b33	LevelProgressState__commmand_debug_print	0	LevelProgressState.commmand_debug_print
773c22	LevelSceneCtrl__initialize_external	1	LevelSceneCtrl.initialize_external
773d74	LevelSceneCtrl__command_game_event	1	LevelSceneCtrl.command_game_event
77405c	LevelSceneCtrl__command_show_ingame_menu	1	LevelSceneCtrl.command_show_ingame_menu
7740a8	LevelSceneCtrl__command_show_abilities_menu	1	LevelSceneCtrl.command_show_abilities_menu
774149	LevelSceneCtrl__command_enter_menu	1	LevelSceneCtrl.command_enter_menu
7741a8	LevelSceneCtrl__command_exit_menu	1	LevelSceneCtrl.command_exit_menu
77424d	LevelSceneCtrl__command_enter_menu	1	LevelSceneCtrl.command_enter_menu
774282	LevelSceneCtrl__StateGameOver	1	LevelSceneCtrl.StateGameOver
7743bb	LevelSceneCtrl__StateEndMovie	1	LevelSceneCtrl.StateEndMovie
774993	LevelSceneCtrl__StateLevelEnd	1	LevelSceneCtrl.StateLevelEnd
774baf	LightFlicker__initialize_local	1	LightFlicker.initialize_local
774c16	LightFlicker__FilterExposedProperties	1	LightFlicker.FilterExposedProperties
774c92	LightFlicker__StateRunning	1	LightFlicker.StateRunning
774f4a	LightViewportSelector__initialize_external	1	LightViewportSelector.initialize_external
775013	LightViewportSelector__deinitialize	1	LightViewportSelector.deinitialize
7750ac	LightViewportSelector__active	1	LightViewportSelector.active
77523c	kynapsetest01__StateActive	1	kynapsetest01.StateActive
7756fc	LightFlash__command_flash	1	LightFlash.command_flash
7798dd	ListLib__EntityListErase	1	ListLib.EntityListErase
779927	ListLib__VectorListFIFO	1	ListLib.VectorListFIFO
779971	ListLib__VectorListListFIFO	1	ListLib.VectorListListFIFO
7799b3	ListLib__EntitySetAdd	1	ListLib.EntitySetAdd
7799fe	LocalizationTool__StateWaitDir	1	LocalizationTool.StateWaitDir
779c3e	LocalizationTool__StateWaitPress	1	LocalizationTool.StateWaitPress
779d2c	LocalizationTool__command_reactivate	0	LocalizationTool.command_reactivate
779d40	shared__HalfBell	1	AILib.HalfBell; CameraLib.HalfBell; LockpickCtrl.HalfBell
779dc9	LoudSpeaker__script_construct	1	LoudSpeaker.script_construct
779ded	LoudSpeaker__PlaySound	1	LoudSpeaker.PlaySound
779e1e	MainMenuSceneCtrl__WarningState_AutoSaveNotification	1	MainMenuSceneCtrl.WarningState_AutoSaveNotification
779eb8	MainMenuSceneCtrl__command_warning_closed	0	MainMenuSceneCtrl.command_warning_closed
779ed7	MainMenuSceneCtrl__StateQuitMenu	1	MainMenuSceneCtrl.StateQuitMenu
779fa6	MainMenuSceneCtrl__deinitialize	0	MainMenuSceneCtrl.deinitialize
779fb3	MainMenuSceneCtrl__SetupStartToJoinSelect	1	MainMenuSceneCtrl.SetupStartToJoinSelect
77a071	MainMenuSceneCtrl__SetupPressToJoinCoopGameSelector	1	MainMenuSceneCtrl.SetupPressToJoinCoopGameSelector
77a116	MainMenuSceneCtrl__SetupRSHNTOSelector	1	MainMenuSceneCtrl.SetupRSHNTOSelector
77a1ac	MainMenuSceneCtrl__StopGame	1	MainMenuSceneCtrl.StopGame
77a25f	MainMenuSceneCtrl__StopBgSound	1	MainMenuSceneCtrl.StopBgSound
77a295	MasterMusicCtrl__command_register_music_setup	1	MasterMusicCtrl.command_register_music_setup
77a2cc	MasterMusicCtrl__initialize_local	0	MasterMusicCtrl.initialize_local
77a2de	MasterMusicCtrl__initialize_external	1	MasterMusicCtrl.initialize_external
77a34b	MasterMusicCtrl__command_set_name	0	MasterMusicCtrl.command_set_name
77a414	MathLib__CalcSignedAngleNumber	1	MathLib.CalcSignedAngleNumber
77a468	MathLib__SignNum	0	MathLib.SignNum
77a485	MathLib__SignInt	0	MathLib.SignInt
77a498	shared_handler_77a498	0	MathLib.MinInt; MusicIndicatator.None
77a4ac	MathLib__MinNum	0	MathLib.MinNum
77a4ca	MathLib__None	0	MathLib.None
77a4d8	MathLib__MapToInterval	1	MathLib.MapToInterval
77a579	MathLib__MapIntervalToInterval	1	MathLib.MapIntervalToInterval
77a5d7	MathLib__MapIntervalToIntervalNoClamp	0	MathLib.MapIntervalToIntervalNoClamp
77a5f7	MathLib__None	1	MathLib.None
77a645	MathLib__InterpolateNumber	0	MathLib.InterpolateNumber
77a658	MathLib__ExtrapolationNumber	0	MathLib.ExtrapolationNumber
77a695	MathLib__QuatDot	1	MathLib.QuatDot
77a6f3	MathLib__QuatAdd	1	MathLib.QuatAdd
77a76c	MathLib__QuatSub	1	MathLib.QuatSub
77a7e5	MathLib__QuatProductReal	1	MathLib.QuatProductReal
77a843	MathLib__LinearDampNumber	1	MathLib.LinearDampNumber
77a8bb	MathLib__CalcProjectileAngle	1	MathLib.CalcProjectileAngle
77a96b	MathLib__CanProjectileReach	1	MathLib.CanProjectileReach
77a9c8	MathLib__DegToRad	0	MathLib.DegToRad
77a9e0	MathLib__RadToDeg	0	MathLib.RadToDeg
77a9f6	MathLib__TransformAngle	1	MathLib.TransformAngle
77aa25	MathLib__InsideInterval	0	MathLib.InsideInterval
77aa75	MathLib__CompareQuaternions	1	MathLib.CompareQuaternions
77ab7b	MathLib__PowerSmooth	1	MathLib.PowerSmooth
77ac54	MenuAbilityCtrl__StateWaiting	1	MenuAbilityCtrl.StateWaiting
77ae5c	MenuAbilityCtrl__initialize_local	0	MenuAbilityCtrl.initialize_local
77ae6e	MenuBackground__UpdateSetupValue	0	MenuBackground.UpdateSetupValue
77ae81	MenuButtonPulsate__StateActive	0	MenuButtonPulsate.StateActive
77aee7	ListLib__EntityListUnregisterEntityByIndex	1	ListLib.EntityListUnregisterEntityByIndex
77af26	ListLib__EntityListUnregisterEntity	1	ListLib.EntityListUnregisterEntity
77af9b	ListLib__EntityListGetEntity	0	ListLib.EntityListGetEntity
77afd9	ListLib__EntityListGetUnusedIndex	1	ListLib.EntityListGetUnusedIndex
77b069	ListLib__EntityListGetDropdownString	1	ListLib.EntityListGetDropdownString
77b1cf	ListLib__EntityListExpand	1	ListLib.EntityListExpand
77b21c	ListLib__TruthListExpand	1	ListLib.TruthListExpand
77b269	ListLib__NumberListExpand	1	ListLib.NumberListExpand
77b2b7	ListLib__VectorListExpand	1	ListLib.VectorListExpand
77b30c	ListLib__IntegerListListExpand	1	ListLib.IntegerListListExpand
77b3a6	ListLib__IntegerListExpand	1	ListLib.IntegerListExpand
77b3f5	ListLib__ValuedIntegerListListExpand	1	ListLib.ValuedIntegerListListExpand
77b4a5	ListLib__NumberListDataAverage	1	ListLib.NumberListDataAverage
77b50a	ListLib__VectorListDataAverage	1	ListLib.VectorListDataAverage
77b5eb	ListLib__listmin	1	ListLib.listmin
77b671	ListLib__listmax	1	ListLib.listmax
77b6f7	ListLib__FindFirstBiggerInteger	1	ListLib.FindFirstBiggerInteger
77b759	LocalizationTool___root	1	LocalizationTool._root
77b7fc	LocalizationTool__CleanSpeaks	1	LocalizationTool.CleanSpeaks
77b8f7	LocalizationTool__GetPlayable	0	LocalizationTool.GetPlayable
77b94a	local_castray_camgun__None	1	local_castray_camgun.None
77b9eb	LockpickCtrl___root	1	LockpickCtrl._root
77ba94	LockpickCtrl__StateInactive	1	LockpickCtrl.StateInactive
77bd1a	LockPickShaker__StatePinInPlace	1	LockPickShaker.StatePinInPlace
77bea0	LockPickShaker__StateFailure	1	LockPickShaker.StateFailure
77c09d	LoudSpeaker__command_stop_all	0	LoudSpeaker.command_stop_all
77c0be	LoudSpeaker__StopSound	1	LoudSpeaker.StopSound
77c10f	MainMenuSceneCtrl__StateShowX360SignInUI	1	MainMenuSceneCtrl.StateShowX360SignInUI
77c21c	MainMenuSceneCtrl__StatePCInputDeviceSetup__PC_ONLY	1	MainMenuSceneCtrl.StatePCInputDeviceSetup__PC_ONLY
77c9a0	MainMenuSceneCtrl__StateWaitForIngame	1	MainMenuSceneCtrl.StateWaitForIngame
77cae6	MainMenuSceneCtrl__SetPlayerVsPlayerButtonVisible	1	MainMenuSceneCtrl.SetPlayerVsPlayerButtonVisible
77cbec	MainMenuSceneCtrl__StateLevelSelectMenu	1	MainMenuSceneCtrl.StateLevelSelectMenu
77d2f0	MainMenuSceneCtrl__StateTrialNagWindow	1	MainMenuSceneCtrl.StateTrialNagWindow
77d614	MasterCameraCtrl___root	0	MasterCameraCtrl._root
77d681	MasterSceneCtrl___root	0	MasterSceneCtrl._root
77d719	MasterSceneCtrl__StatePlayMovie	1	MasterSceneCtrl.StatePlayMovie
77da00	MasterSceneCtrl__RemoveDecimal	1	MasterSceneCtrl.RemoveDecimal
77da59	MasterSceneCtrl__GetUnlockedRorschachAbility	1	MasterSceneCtrl.GetUnlockedRorschachAbility
77dbfb	MasterSceneCtrl__GetUnlockedNiteOwlAbility	1	MasterSceneCtrl.GetUnlockedNiteOwlAbility
77ddb3	MathLib__vclamp	1	MathLib.vclamp
77e021	MathLib__CalcAngleVector	1	MathLib.CalcAngleVector
77e07a	MathLib__CalcSignedAngleVector	1	MathLib.CalcSignedAngleVector
77e157	MathLib__CalcDistVector	1	MathLib.CalcDistVector
77e1f8	MathLib__ParameterPointOnLine	1	MathLib.ParameterPointOnLine
77e2a5	MathLib__ClosestPointToLineSegmentSpatial	1	MathLib.ClosestPointToLineSegmentSpatial
77e4d5	MathLib__OrientSubtraction	1	MathLib.OrientSubtraction
77e6a8	MathLib__GetQuaternionForZAxis	0	MathLib.GetQuaternionForZAxis
77e983	MathLib__GetQuaternionForYAxis	0	MathLib.GetQuaternionForYAxis
77ec5e	MathLib__GetQuaternionForVector	0	MathLib.GetQuaternionForVector
77ee09	MathLib__RotateVector	1	MathLib.RotateVector
77f3b2	MathLib__VectorPlaneIntersection	1	MathLib.VectorPlaneIntersection
77f4d8	MathLib__WorldSpaceToAnySpace	1	MathLib.WorldSpaceToAnySpace
77f72c	MathLib__WorldDirectionToAnySpace	1	MathLib.WorldDirectionToAnySpace
77f94a	MathLib__AnySpaceToWorldSpace	1	MathLib.AnySpaceToWorldSpace
77fb7b	MathLib__AnySpaceToWorldDirection	1	MathLib.AnySpaceToWorldDirection
77fd7f	MathLib__ToPolarXZ	1	MathLib.ToPolarXZ
780054	MathLib__FromPolarXZ	1	MathLib.FromPolarXZ
7800c0	MathLib__ToHeading	1	MathLib.ToHeading
780210	MathLib__ToDirection	1	MathLib.ToDirection
780257	MathLib__InterpolateVector	1	MathLib.InterpolateVector
780300	MathLib__ExtrapolationVector	1	MathLib.ExtrapolationVector
7803db	MathLib__ExtrapolationQuaternion	1	MathLib.ExtrapolationQuaternion
780581	MathLib__NetworkExtrapolationDataSelectionIndex	1	MathLib.NetworkExtrapolationDataSelectionIndex
780624	MathLib__LinearDampVector	1	MathLib.LinearDampVector
780915	MathLib__DistDampVector	1	MathLib.DistDampVector
7809be	MathLib__ClosestPointOnLine	0	MathLib.ClosestPointOnLine
780b59	MathLib__None	1	MathLib.None
780b7a	MathLib__World	1	MathLib.World
780dad	MathLib__WorldDir	1	MathLib.WorldDir
780fb1	MathLib__ProjectVector	1	MathLib.ProjectVector
78130a	Menu3DSprite__DotDiv	1	Menu3DSprite.DotDiv
78134f	Menu3DSprite__DotMul	1	Menu3DSprite.DotMul
7813aa	MenuAbilityCtrl__StateCharacterSelect	1	MenuAbilityCtrl.StateCharacterSelect
78148f	MenuAbilityCtrl__StateAbilityView	1	MenuAbilityCtrl.StateAbilityView
782057	MenuBackground__ResolveReferences	1	MenuBackground.ResolveReferences
78208e	MenuButtonPulsate__StatePulse	1	MenuButtonPulsate.StatePulse
7821ac	MenuButtonPulsate__SetPulseTarget	1	MenuButtonPulsate.SetPulseTarget
782219	ListLib__EntityListRegisterEntity	1	ListLib.EntityListRegisterEntity
78229b	ListLib__EntityListStopmodeRegistration	1	ListLib.EntityListStopmodeRegistration
782382	ListLib__VectorListListExpand	1	ListLib.VectorListListExpand
78245d	ListLib__VectorListListDataAverage	1	ListLib.VectorListListDataAverage
7826b8	ListLib__SortIntegerList	1	ListLib.SortIntegerList
782844	LocalizationTool__command_return_height_list	1	LocalizationTool.command_return_height_list
7829a2	LocalizationTool__StateInactive	1	LocalizationTool.StateInactive
782ba2	LocalizationTool__command_handle_text_res_finder	1	LocalizationTool.command_handle_text_res_finder
782e54	LocalizationTool__StateShowWarningMenus	1	LocalizationTool.StateShowWarningMenus
7830e4	LocalizationTool__StateSpeaks	1	LocalizationTool.StateSpeaks
783764	LocalizationTool__StateShowUseTriggers	1	LocalizationTool.StateShowUseTriggers
783b4f	LocalizationTool__StateShowTutorials	1	LocalizationTool.StateShowTutorials
783ee5	LocalizationTool__StateShowMenus	1	LocalizationTool.StateShowMenus
784251	LocalizationTool__StateActive	0	LocalizationTool.StateActive
7873ed	LocalizationTool__command_set_sub	1	LocalizationTool.command_set_sub
7874f6	LocalizationTool__command_set_instructions	0	LocalizationTool.command_set_instructions
787526	LocalizationTool__FindSpeaks	1	LocalizationTool.FindSpeaks
7875fa	LocalizationTool__FindSpeakDefs	1	LocalizationTool.FindSpeakDefs
7876ea	LocalizationTool__FindVoiceDefs	1	LocalizationTool.FindVoiceDefs
7877d1	LocalizationTool__FindSoundDefs	1	LocalizationTool.FindSoundDefs
7878ff	LocalizationTool__NodeInLoadedLoadblock	1	LocalizationTool.NodeInLoadedLoadblock
787969	LocalizationTool__EnsureEnabled	1	LocalizationTool.EnsureEnabled
787a0e	LocalizationTool__FindTriggeredSpeaks	1	LocalizationTool.FindTriggeredSpeaks
787d3e	LocalizationTool__None	1	LocalizationTool.None
787dd6	LocalizationTool__FindRec	1	LocalizationTool.FindRec
787e85	LocalizationTool__FindTextRes	1	LocalizationTool.FindTextRes
787fae	LocalizationTool__FindCharacter	1	LocalizationTool.FindCharacter
78804e	local_castray_camgun__None	0	local_castray_camgun.None
788602	LockpickCtrl__command_menu_window_opened	1	LockpickCtrl.command_menu_window_opened
78863f	LockpickCtrl__command_menu_window_closed	1	LockpickCtrl.command_menu_window_closed
788697	LockpickCtrl__command_set_cylinder_orient	1	LockpickCtrl.command_set_cylinder_orient
7886c5	LockpickCtrl__command_game_event	0	LockpickCtrl.command_game_event
7886e1	LockpickCtrl__initialize_external	1	LockpickCtrl.initialize_external
78873c	LockpickCtrl__command_activate_lockpick	1	LockpickCtrl.command_activate_lockpick
788871	LockpickCtrl__command_reset	0	LockpickCtrl.command_reset
78889c	LockpickCtrl__command_reset	0	LockpickCtrl.command_reset
7888c7	LockpickCtrl__command_deactivate_lockpick	0	LockpickCtrl.command_deactivate_lockpick
7888fd	LockpickCtrl__command_pause_lockpick	1	LockpickCtrl.command_pause_lockpick
78892c	LockpickCtrl__command_unpause_lockpick	1	LockpickCtrl.command_unpause_lockpick
78896e	LockpickCtrl__command_get_closest_segment_center_pos	1	LockpickCtrl.command_get_closest_segment_center_pos
7889f3	LockpickCtrl__StateUnlock	1	LockpickCtrl.StateUnlock
788d4b	LockpickCtrl__command_reset	0	LockpickCtrl.command_reset
788d76	LockpickCtrl__ReleaseAllPins	1	LockpickCtrl.ReleaseAllPins
788e97	LoudSpeaker__initialize_external	0	LoudSpeaker.initialize_external
788ec0	LoudSpeaker__DoubleClickNode	0	LoudSpeaker.DoubleClickNode
7890c5	MainMenuSceneCtrl__StateTitleScreen	1	MainMenuSceneCtrl.StateTitleScreen
789755	MainMenuSceneCtrl__command_mouse_click_start	1	MainMenuSceneCtrl.command_mouse_click_start
7897d5	MainMenuSceneCtrl__StateAttractMode	1	MainMenuSceneCtrl.StateAttractMode
789c85	MainMenuSceneCtrl__StatePlatformStartup	1	MainMenuSceneCtrl.StatePlatformStartup
789fd9	MainMenuSceneCtrl__command_map_keyboard	1	MainMenuSceneCtrl.command_map_keyboard
78a048	MainMenuSceneCtrl__command_map_gamepad	1	MainMenuSceneCtrl.command_map_gamepad
78a162	MainMenuSceneCtrl__StateMainMenu	1	MainMenuSceneCtrl.StateMainMenu
78a44e	MainMenuSceneCtrl__command_menu_button_triggered	1	MainMenuSceneCtrl.command_menu_button_triggered
78a9fc	MainMenuSceneCtrl__command_menu_button_back	1	MainMenuSceneCtrl.command_menu_button_back
78aa44	MainMenuSceneCtrl__command_menu_button_back	0	MainMenuSceneCtrl.command_menu_button_back
78aa6f	MainMenuSceneCtrl__command_update_level_select_buttons	1	MainMenuSceneCtrl.command_update_level_select_buttons
78abd4	MainMenuSceneCtrl__command_menu_button_triggered	1	MainMenuSceneCtrl.command_menu_button_triggered
78add2	MainMenuSceneCtrl__StateCoopMenu	0	MainMenuSceneCtrl.StateCoopMenu
78ca76	MainMenuSceneCtrl__command_menu_button_back	0	MainMenuSceneCtrl.command_menu_button_back
78caa1	MainMenuSceneCtrl__command_menu_button_start	1	MainMenuSceneCtrl.command_menu_button_start
78cc51	MainMenuSceneCtrl__command_menu_button_triggered	1	MainMenuSceneCtrl.command_menu_button_triggered
78cced	MainMenuSceneCtrl__command_selction_changed	1	MainMenuSceneCtrl.command_selction_changed
78cd38	MainMenuSceneCtrl__command_adjust_selection	1	MainMenuSceneCtrl.command_adjust_selection
78cdcb	MainMenuSceneCtrl__command_adjust_position	1	MainMenuSceneCtrl.command_adjust_position
78cf77	MainMenuSceneCtrl__command_menu_button_back	0	MainMenuSceneCtrl.command_menu_button_back
78cfa2	MainMenuSceneCtrl__command_menu_button_triggered	1	MainMenuSceneCtrl.command_menu_button_triggered
78d0c9	MainMenuSceneCtrl__command_menu_button_back	0	MainMenuSceneCtrl.command_menu_button_back
78d0f4	MainMenuSceneCtrl__command_menu_button_triggered	1	MainMenuSceneCtrl.command_menu_button_triggered
78d214	MainMenuSceneCtrl__StateFadeOutMenu	1	MainMenuSceneCtrl.StateFadeOutMenu
78d3c9	MainMenuSceneCtrl__initialize_external	0	MainMenuSceneCtrl.initialize_external
78d432	MasterCameraCtrl__command_refresh_viewports	1	MasterCameraCtrl.command_refresh_viewports
78d814	MasterCameraCtrl__initialize_local	0	MasterCameraCtrl.initialize_local
78d826	MasterSceneCtrl__command_in_main_menu	0	MasterSceneCtrl.command_in_main_menu
78d862	MasterSceneCtrl__command_get_end_credits_movie	0	MasterSceneCtrl.command_get_end_credits_movie
78d891	MasterSceneCtrl__command_set_debug_mode	1	MasterSceneCtrl.command_set_debug_mode
78daed	MasterSceneCtrl__command_request_pause	1	MasterSceneCtrl.command_request_pause
78dbba	MasterSceneCtrl__command_unrequest_pause	1	MasterSceneCtrl.command_unrequest_pause
78dc96	MasterSceneCtrl__command_set_time_multiplier	0	MasterSceneCtrl.command_set_time_multiplier
78dcd3	MasterSceneCtrl__command_set_time_multiplier_without_storing_value	1	MasterSceneCtrl.command_set_time_multiplier_without_storing_value
78dd14	MasterSceneCtrl__command_is_paused	0	MasterSceneCtrl.command_is_paused
78dd3f	MasterSceneCtrl__command_load_scene	0	MasterSceneCtrl.command_load_scene
78dd5d	MasterSceneCtrl__command_load_next_level	1	MasterSceneCtrl.command_load_next_level
78de32	MasterSceneCtrl__command_load_current_level	1	MasterSceneCtrl.command_load_current_level
78de69	MasterSceneCtrl__command_is_scene_playable	1	MasterSceneCtrl.command_is_scene_playable
78dfc2	MasterSceneCtrl__command_get_last_playable_scene	1	MasterSceneCtrl.command_get_last_playable_scene
78e0cc	shared_handler_78e0cc	0	GFXEffectType.command_get_decal_slot; LevelSceneCtrl.command_in_gameover_menu; MasterSceneCtrl.command_has_resored_checkpoint; StreamBlock.command_get_ID
78e0de	MasterSceneCtrl__command_restart_game	1	MasterSceneCtrl.command_restart_game
78e134	MasterSceneCtrl__command_scope_unloading	0	MasterSceneCtrl.command_scope_unloading
78e14d	MasterSceneCtrl__command_get_current_scene	0	MasterSceneCtrl.command_get_current_scene
78e15f	MasterSceneCtrl__command_fade_in_blackscreen	0	MasterSceneCtrl.command_fade_in_blackscreen
78e177	MasterSceneCtrl__command_fade_out_blackscreen	0	MasterSceneCtrl.command_fade_out_blackscreen
78e18f	MasterSceneCtrl__command_is_blackscreen_faded_in	1	MasterSceneCtrl.command_is_blackscreen_faded_in
78e1b6	MasterSceneCtrl__command_is_blackscreen_faded_out	1	MasterSceneCtrl.command_is_blackscreen_faded_out
78e1dd	MasterSceneCtrl__initialize_external	1	MasterSceneCtrl.initialize_external
78e340	MasterSceneCtrl__button_pause	1	MasterSceneCtrl.button_pause
78e35f	MasterSceneCtrl__button_unpause	1	MasterSceneCtrl.button_unpause
78e37e	MasterSceneCtrl__debug_restart	1	MasterSceneCtrl.debug_restart
78e39e	MasterSceneCtrl__debug_restore	1	MasterSceneCtrl.debug_restore
78e3c1	MasterSceneCtrl__StateActive	1	MasterSceneCtrl.StateActive
78f641	MasterSceneCtrl__command_game_event	0	MasterSceneCtrl.command_game_event
78f65d	MasterSceneCtrl__command_is_last_level_loaded	1	MasterSceneCtrl.command_is_last_level_loaded
78f716	MasterSceneCtrl__StateFinalCutscene	1	MasterSceneCtrl.StateFinalCutscene
78f8dc	MasterSceneCtrl__StateWaitForLoad	1	MasterSceneCtrl.StateWaitForLoad
78fd28	MasterSceneCtrl__VectorToString	1	MasterSceneCtrl.VectorToString
78feb0	MasterSceneCtrl__SetupLoadscreenHint	1	MasterSceneCtrl.SetupLoadscreenHint
790140	MasterSceneCtrl__recursiveDanglingRefCleanup	1	MasterSceneCtrl.recursiveDanglingRefCleanup
7901c0	MathLib__NormalizeAngle	1	MathLib.NormalizeAngle
79020e	MathLib__ProjectPointOnLine	1	MathLib.ProjectPointOnLine
7902c6	MathLib__ClosestPointToLineSegment	1	MathLib.ClosestPointToLineSegment
79040a	MathLib__ClosestPointToLineSegment_alt	1	MathLib.ClosestPointToLineSegment_alt
79053d	MathLib__ToAngleAxis	1	MathLib.ToAngleAxis
7906a9	MathLib__OrientPower	1	MathLib.OrientPower
790883	MathLib__AnySpaceFromWorldSpace	1	MathLib.AnySpaceFromWorldSpace
7908d9	MathLib__AnySpaceDirectionFromWorldSpace	1	MathLib.AnySpaceDirectionFromWorldSpace
79092f	MathLib__OrientToPitch	1	MathLib.OrientToPitch
790a0f	MathLib__OrientToHeading	1	MathLib.OrientToHeading
790af0	MathLib__OrientToRoll	1	MathLib.OrientToRoll
790bd1	MathLib__ExtrapolationVectorList	1	MathLib.ExtrapolationVectorList
790d00	MathLib__NetworkExtrapolationVector	1	MathLib.NetworkExtrapolationVector
790deb	MathLib__NetworkExtrapolationVectorWithIndex	1	MathLib.NetworkExtrapolationVectorWithIndex
790e92	MathLib__NetworkExtrapolationVectorList	1	MathLib.NetworkExtrapolationVectorList
7910c2	MathLib__NetworkExtrapolationQuaternion	1	MathLib.NetworkExtrapolationQuaternion
7911b0	MathLib__NetworkExtrapolationQuaternionWithIndex	1	MathLib.NetworkExtrapolationQuaternionWithIndex
79125a	MathLib__NetworkExtrapolationQuaternionList	1	MathLib.NetworkExtrapolationQuaternionList
79148d	MathLib__LinearDampNumber2	1	MathLib.LinearDampNumber2
791500	MathLib__LinearDampSignedAngle	1	MathLib.LinearDampSignedAngle
7915b2	MathLib__GetRotationVector	1	MathLib.GetRotationVector
7917a7	MathLib__InversePowerSmooth	1	MathLib.InversePowerSmooth
79196a	MathLib__ProjectHorizontalVector	1	MathLib.ProjectHorizontalVector
791c0b	MenuAbilityCtrl__command_activate	1	MenuAbilityCtrl.command_activate
791d2c	MenuAbilityCtrl__command_activate_specific	1	MenuAbilityCtrl.command_activate_specific
791d9e	MenuAbilityCtrl__command_menu_button_triggered	1	MenuAbilityCtrl.command_menu_button_triggered
791f38	MenuAbilityCtrl__command_menu_button_back	1	MenuAbilityCtrl.command_menu_button_back
791fc2	shared__command_menu_button_triggered	1	MenuAbilityCtrl.command_menu_button_triggered; MenuSettingsCtrl.command_menu_button_triggered
792012	MenuAbilityCtrl__command_menu_button_back	1	MenuAbilityCtrl.command_menu_button_back
792104	MenuAbilityCtrl__command_add_button	1	MenuAbilityCtrl.command_add_button
7926d0	MenuAbilityCtrl__initialize_external	1	MenuAbilityCtrl.initialize_external
79272f	MenuAbilityCtrl__command_game_event	0	MenuAbilityCtrl.command_game_event
792762	MenuBackground__initialize_local	0	MenuBackground.initialize_local
7927ab	shared_handler_7927ab	0	MenuBackground.FilterExposedProperties; MenuBackground.stopmode_begin
7927fc	MenuButtonPulsate__command_start_pulsate	1	MenuButtonPulsate.command_start_pulsate
792852	MenuButtonPulsate__command_reset	0	MenuButtonPulsate.command_reset
79287c	MenuButtonPulsate__command_stop_pulsate	0	MenuButtonPulsate.command_stop_pulsate
7928b5	MenuButtonPulsate__command_start_pulsate	1	MenuButtonPulsate.command_start_pulsate
792965	MenuButtonPulsate__initialize_local	0	MenuButtonPulsate.initialize_local
79299b	LockpickCtrl__initialize_local	1	LockpickCtrl.initialize_local
792fce	LockpickCtrl__StateSceneChange	1	LockpickCtrl.StateSceneChange
793e62	LockpickCtrl__StateActive	0	LockpickCtrl.StateActive
7959c6	LockpickCtrl__InitializeRedPins	1	LockpickCtrl.InitializeRedPins
795c56	LockpickCtrl__SetCylinderOrient	1	LockpickCtrl.SetCylinderOrient
795d09	LockpickCtrl__SetPinHeight	1	LockpickCtrl.SetPinHeight
796482	LockpickCtrl__PinFixed	1	LockpickCtrl.PinFixed
796502	Menu3DSprite__StateMain	1	Menu3DSprite.StateMain
7a63b2	MasterSceneCtrl__StateActivateScene	1	MasterSceneCtrl.StateActivateScene
7a95c5	MenuIngameCtrl__initialize_local	0	MenuIngameCtrl.initialize_local
7a95d7	MenuLib__ExitWindowCleanUp	1	MenuLib.ExitWindowCleanUp
7a9605	MenuLib__SetupSelectorActionKeys	1	MenuLib.SetupSelectorActionKeys
7a982d	MenuLib__SetupSelector0To1	1	MenuLib.SetupSelector0To1
7a9a29	MenuLib__SetupSelector0To10	1	MenuLib.SetupSelector0To10
7a9c25	MenuLib__SetupSelectorDebug0to1	1	MenuLib.SetupSelectorDebug0to1
7aad98	MenuLib__SetupSelectorDebug0to2	1	MenuLib.SetupSelectorDebug0to2
7ad03b	MenuLib__SetupSelectorDebugNeg1to1	1	MenuLib.SetupSelectorDebugNeg1to1
7af2db	shared_handler_7af2db	0	CharacterCamera.command_change_camera_mode; MenuMouseInput.command_set_owner
7af2ed	shared_handler_7af2ed	0	LightViewportSelector.command_set_default_status; MenuMouseInput.command_set_mouse_action; SoundCtrl.command_register_sound_stream_player; SubtitleHUD.command_set_subtitle_slot
7af2fe	MenuSettingsCtrl__initialize_local	0	MenuSettingsCtrl.initialize_local
7af310	shared__deinitialize	1	MenuAbilityCtrl.deinitialize; MenuIngameCtrl.deinitialize; MenuNavigationToolBarCtrl.deinitialize; MenuSettingsCtrl.deinitialize; TriggerActionMovie.deinitialize; WarningWindowCtrl.deinitialize
7af340	MenuSettingsCtrl__StateWaiting	0	MenuSettingsCtrl.StateWaiting
7af3d8	MenuSettingsCtrl__StateHowToPlayMenu	1	MenuSettingsCtrl.StateHowToPlayMenu
7af4e0	MenuSettingsCtrl__StateVideoSettingsMenu	1	MenuSettingsCtrl.StateVideoSettingsMenu
7af73c	MenuSettingsCtrl__command_selction_changed	1	MenuSettingsCtrl.command_selction_changed
7af82d	shared_handler_7af82d	0	MenuSettingsCtrl.IntToTruth; MenuSettingsCtrl.TruthToInt
7af83c	MenuSettingsCtrl__SetupInvertSelector	1	MenuSettingsCtrl.SetupInvertSelector
7af8b0	MenuSettingsCtrl__SetupKeyboardOnlySelector	1	MenuSettingsCtrl.SetupKeyboardOnlySelector
7af924	MenuTutorialCtrl__StateWaiting	1	MenuTutorialCtrl.StateWaiting
7afc5c	shared__command_set_alive_state	0	MenuWidgetBase.command_set_alive_state; MenuWidgetButtonMap.command_set_alive_state
7afc6e	shared__command_trial_dependant	0	MenuWidgetBase.command_trial_dependant; MenuWidgetButton.command_trial_dependant; MenuWidgetButtonMap.command_trial_dependant; MenuWidgetSelector.command_trial_dependant
7afc85	shared__command_selectable	1	MenuWidgetBase.command_selectable; MenuWidgetButton.command_selectable; MenuWidgetButtonMap.command_selectable
7afca9	shared__OnButtonTriggered	1	MenuWidgetBase.OnButtonTriggered; MenuWidgetButton.OnButtonTriggered; MenuWidgetButtonMap.OnButtonTriggered; MenuWidgetSelector.OnButtonTriggered
7afda6	MenuWidgetButtonMap__command_local_deactivate_widget	0	MenuWidgetButtonMap.command_local_deactivate_widget
7afdba	MenuWidgetButtonMap__IsSecondaryInput	0	MenuWidgetButtonMap.IsSecondaryInput
7afde0	MenuWidgetButton__command_deactivate_widget	0	MenuWidgetButton.command_deactivate_widget
7afe20	MenuWidgetButton__command_deselect_widget	1	MenuWidgetButton.command_deselect_widget
7afecd	MenuWidgetButton__command_local_deactivate_widget	0	MenuWidgetButton.command_local_deactivate_widget
7afee1	MenuWindow__OnWindowActivated	1	MenuWindow.OnWindowActivated
7aff7d	MenuWindow__OnWindowDeactivated	1	MenuWindow.OnWindowDeactivated
7b00d2	shared_handler_7b00d2	1	ElectricArmor.StateInactive; MoviePlayerCtrl.StateIdle
7b012c	MoviePlayerCtrl__button_cutscene_play	0	MoviePlayerCtrl.button_cutscene_play
7b0185	MenuIngameCtrl__StateIngameMenu	1	MenuIngameCtrl.StateIngameMenu
7b066d	MenuIngameCtrl__StateGameOverConfirmRestartMenu	1	MenuIngameCtrl.StateGameOverConfirmRestartMenu
7b0799	MenuIngameCtrl__StateGameOverConfirmQuitMenu	1	MenuIngameCtrl.StateGameOverConfirmQuitMenu
7b08c5	MenuLib__GetMenuSoundFromEnum	0	MenuLib.GetMenuSoundFromEnum
7b0907	MenuLib__ClearAllMenuWindows	1	MenuLib.ClearAllMenuWindows
7b09d8	MenuNavigationToolBarCtrl___root	1	MenuNavigationToolBarCtrl._root
7b0a7b	MenuSettingsCtrl__StateSettingsMenu	1	MenuSettingsCtrl.StateSettingsMenu
7b0b3d	MenuSettingsCtrl__StateCredits	1	MenuSettingsCtrl.StateCredits
7b0d91	MenuSettingsCtrl__StateControlSetupPC	0	MenuSettingsCtrl.StateControlSetupPC
7b1b29	MenuSettingsCtrl__StateWarningRestoreDefault	1	MenuSettingsCtrl.StateWarningRestoreDefault
7b1c73	MenuSettingsCtrl__StatePromptButtonWindow	1	MenuSettingsCtrl.StatePromptButtonWindow
7b2473	MenuTutorialCtrl__StateTutorialMenu	1	MenuTutorialCtrl.StateTutorialMenu
7b290b	shared__command_is_display	1	MenuWidgetBase.command_is_display; MenuWidgetButton.command_is_display; MenuWidgetButtonMap.command_is_display; MenuWidgetSelector.command_is_display
7b2a6d	MenuWidgetBase__initialize_local	1	MenuWidgetBase.initialize_local
7b2ad5	shared__initialize_external	1	MenuWidgetBase.initialize_external; MenuWidgetButton.initialize_external; MenuWidgetButtonMap.initialize_external; MenuWidgetSelector.initialize_external
7b2b0a	MenuWidgetButtonMap__StateUnselected	1	MenuWidgetButtonMap.StateUnselected
7b2b52	MenuWidgetButtonMap__UpdateSetupValue	1	MenuWidgetButtonMap.UpdateSetupValue
7b2c77	MenuWidgetButtonMap__ResolveReferences	1	MenuWidgetButtonMap.ResolveReferences
7b2d6e	MenuWidgetButton__UpdateGfx	1	MenuWidgetButton.UpdateGfx
7b2dd7	MenuWidgetButton__UpdateSetupValue	1	MenuWidgetButton.UpdateSetupValue
7b2ecd	MenuWidgetButton__ResolveReferences	1	MenuWidgetButton.ResolveReferences
7b2f5e	MenuWidgetSelector___root	1	MenuWidgetSelector._root
7b3021	MenuWidgetSelector__OptionalAutoLayout	1	MenuWidgetSelector.OptionalAutoLayout
7b3324	MenuWidgetSelector__ResolveReferences	1	MenuWidgetSelector.ResolveReferences
7b342e	MenuWidgetSelector__UpdateGfx	1	MenuWidgetSelector.UpdateGfx
7b34c2	MenuWindow___root	1	MenuWindow._root
7b3592	MenuWindow__UpdateDisplaydEntries	1	MenuWindow.UpdateDisplaydEntries
7b3b92	MoviePlayerCtrl__StatePaused	1	MoviePlayerCtrl.StatePaused
7b3d2b	MenuCtrl__command_register_menu_event_listener	1	MenuCtrl.command_register_menu_event_listener
7b3d80	MenuCtrl__command_unregister_menu_event_listener	1	MenuCtrl.command_unregister_menu_event_listener
7b3deb	MenuCtrl__command_broadcast_menu_opened	1	MenuCtrl.command_broadcast_menu_opened
7b3ea4	MenuCtrl__None	1	MenuCtrl.None
7b3f63	MenuCtrl__initialize_local	0	MenuCtrl.initialize_local
7b3f75	MenuIngameCtrl__StateWaiting	1	MenuIngameCtrl.StateWaiting
7b4751	MenuIngameCtrl__command_activate_ingame_menu	1	MenuIngameCtrl.command_activate_ingame_menu
7b47ad	MenuIngameCtrl__command_activate_gameover_menu	1	MenuIngameCtrl.command_activate_gameover_menu
7b4809	MenuIngameCtrl__command_activate_levelend_menu	0	MenuIngameCtrl.command_activate_levelend_menu
7b483c	MenuIngameCtrl__command_activate_trial_over_window	1	MenuIngameCtrl.command_activate_trial_over_window
7b4898	MenuIngameCtrl__command_activate_trial_achievement_window	1	MenuIngameCtrl.command_activate_trial_achievement_window
7b4923	MenuIngameCtrl__command_menu_button_triggered	1	MenuIngameCtrl.command_menu_button_triggered
7b4b64	MenuIngameCtrl__command_menu_button_back	1	MenuIngameCtrl.command_menu_button_back
7b4cce	MenuIngameCtrl__StateConfirmQuitMenu	1	MenuIngameCtrl.StateConfirmQuitMenu
7b4e9b	MenuIngameCtrl__command_menu_button_triggered	1	MenuIngameCtrl.command_menu_button_triggered
7b4f4f	MenuIngameCtrl__command_menu_button_back	0	MenuIngameCtrl.command_menu_button_back
7b4f7a	MenuIngameCtrl__StateConfirmRestartMenu	1	MenuIngameCtrl.StateConfirmRestartMenu
7b514a	MenuIngameCtrl__command_menu_button_triggered	1	MenuIngameCtrl.command_menu_button_triggered
7b5200	MenuIngameCtrl__command_menu_button_back	0	MenuIngameCtrl.command_menu_button_back
7b522b	MenuIngameCtrl__StateEndLevelMenu	1	MenuIngameCtrl.StateEndLevelMenu
7b549b	MenuIngameCtrl__command_menu_button_triggered	1	MenuIngameCtrl.command_menu_button_triggered
7b56a6	MenuIngameCtrl__StateGameOverMenu	1	MenuIngameCtrl.StateGameOverMenu
7b5b4a	MenuIngameCtrl__command_menu_button_triggered	1	MenuIngameCtrl.command_menu_button_triggered
7b5c56	MenuIngameCtrl__command_menu_button_triggered	1	MenuIngameCtrl.command_menu_button_triggered
7b5d0c	MenuIngameCtrl__command_menu_button_back	0	MenuIngameCtrl.command_menu_button_back
7b5d37	MenuIngameCtrl__command_menu_button_triggered	1	MenuIngameCtrl.command_menu_button_triggered
7b5deb	MenuIngameCtrl__command_menu_button_back	0	MenuIngameCtrl.command_menu_button_back
7b5e16	MenuIngameCtrl__StateTrialOverWindow	1	MenuIngameCtrl.StateTrialOverWindow
7b62c6	MenuIngameCtrl__command_menu_button_triggered	1	MenuIngameCtrl.command_menu_button_triggered
7b63cc	MenuIngameCtrl__StateTrialAchievementWindow	1	MenuIngameCtrl.StateTrialAchievementWindow
7b68e0	MenuIngameCtrl__command_menu_button_triggered	1	MenuIngameCtrl.command_menu_button_triggered
7b6a07	MenuIngameCtrl__initialize_external	1	MenuIngameCtrl.initialize_external
7b6a66	MenuIngameCtrl__command_game_event	1	MenuIngameCtrl.command_game_event
7b6ac5	MenuLib__RecursiveSetOpacity	1	MenuLib.RecursiveSetOpacity
7b6b61	MenuMouseInput__initialize_local	0	MenuMouseInput.initialize_local
7b6ba1	MenuMouseInput__OnMouseEnter	1	MenuMouseInput.OnMouseEnter
7b6cd2	MenuMouseInput__OnMouseExit	1	MenuMouseInput.OnMouseExit
7b6dd1	MenuMouseInput__OnMouseClicked	1	MenuMouseInput.OnMouseClicked
7b6e6f	MenuMouseInput__StateClick	1	MenuMouseInput.StateClick
7b71d3	MenuNavigationToolBarCtrl__command_show_toolbar	1	MenuNavigationToolBarCtrl.command_show_toolbar
7b7835	MenuNavigationToolBarCtrl__initialize_local	0	MenuNavigationToolBarCtrl.initialize_local
7b7847	MenuNavigationToolBarCtrl__initialize_external	1	MenuNavigationToolBarCtrl.initialize_external
7b7904	MenuNavigationToolBarCtrl__command_game_event	1	MenuNavigationToolBarCtrl.command_game_event
7b7a0a	MenuSettingsCtrl__StateSave	1	MenuSettingsCtrl.StateSave
7b7bc6	MenuSettingsCtrl__initialize_external	1	MenuSettingsCtrl.initialize_external
7b7c4d	MenuSettingsCtrl__command_game_event	0	MenuSettingsCtrl.command_game_event
7b7c81	MenuSettingsCtrl__command_activate	1	MenuSettingsCtrl.command_activate
7b7cdd	MenuSettingsCtrl__command_menu_button_triggered	1	MenuSettingsCtrl.command_menu_button_triggered
7b7f56	MenuSettingsCtrl__command_menu_button_back	1	MenuSettingsCtrl.command_menu_button_back
7b7fd9	MenuSettingsCtrl__StateSettingsSettingsMenu	1	MenuSettingsCtrl.StateSettingsSettingsMenu
7b8114	MenuSettingsCtrl__command_menu_button_triggered	1	MenuSettingsCtrl.command_menu_button_triggered
7b8306	MenuSettingsCtrl__command_selction_changed	1	MenuSettingsCtrl.command_selction_changed
7b8397	MenuSettingsCtrl__command_menu_button_back	1	MenuSettingsCtrl.command_menu_button_back
7b841e	MenuSettingsCtrl__command_menu_button_back	1	MenuSettingsCtrl.command_menu_button_back
7b8479	MenuSettingsCtrl__command_menu_button_back	1	MenuSettingsCtrl.command_menu_button_back
7b84da	MenuSettingsCtrl__StateAudioSettingsMenu	1	MenuSettingsCtrl.StateAudioSettingsMenu
7b9082	MenuSettingsCtrl__command_menu_button_back	1	MenuSettingsCtrl.command_menu_button_back
7b90e3	MenuSettingsCtrl__command_audio_settings_play	1	MenuSettingsCtrl.command_audio_settings_play
7b9248	MenuSettingsCtrl__command_audio_settings_stop	1	MenuSettingsCtrl.command_audio_settings_stop
7b930e	MenuSettingsCtrl__StateControlSetupConsole	1	MenuSettingsCtrl.StateControlSetupConsole
7b979a	MenuSettingsCtrl__command_menu_button_triggered	1	MenuSettingsCtrl.command_menu_button_triggered
7b994b	MenuSettingsCtrl__command_menu_button_back	1	MenuSettingsCtrl.command_menu_button_back
7b99da	MenuSettingsCtrl__command_get_other_player	0	MenuSettingsCtrl.command_get_other_player
7b9a19	MenuSettingsCtrl__command_menu_button_triggered	1	MenuSettingsCtrl.command_menu_button_triggered
7b9c4b	MenuSettingsCtrl__command_update_the_input_device_bindings_with_selected_values	1	MenuSettingsCtrl.command_update_the_input_device_bindings_with_selected_values
7b9f4b	MenuSettingsCtrl__command_selction_changed	1	MenuSettingsCtrl.command_selction_changed
7ba56e	MenuSettingsCtrl__command_menu_button_back	1	MenuSettingsCtrl.command_menu_button_back
7ba5fd	MenuSettingsCtrl__command_warning_closed	0	MenuSettingsCtrl.command_warning_closed
7ba623	MenuSettingsCtrl__StateGamepadSetup	1	MenuSettingsCtrl.StateGamepadSetup
7bad23	MenuSettingsCtrl__command_menu_button_triggered	1	MenuSettingsCtrl.command_menu_button_triggered
7bae3a	MenuSettingsCtrl__command_refresh_widgets	1	MenuSettingsCtrl.command_refresh_widgets
7baf39	MenuSettingsCtrl__command_menu_button_back	1	MenuSettingsCtrl.command_menu_button_back
7bb078	MenuSettingsCtrl__command_mapping_changed	1	MenuSettingsCtrl.command_mapping_changed
7bb0ce	MenuSettingsCtrl__StatePCSetup	1	MenuSettingsCtrl.StatePCSetup
7bbbda	MenuSettingsCtrl__command_menu_button_back	1	MenuSettingsCtrl.command_menu_button_back
7bbcb5	MenuSettingsCtrl__command_menu_button_triggered	1	MenuSettingsCtrl.command_menu_button_triggered
7bbdcd	MenuSettingsCtrl__command_get_keyboard_only_id_from_game_state	1	MenuSettingsCtrl.command_get_keyboard_only_id_from_game_state
7bbdfb	MenuSettingsCtrl__command_selction_changed	1	MenuSettingsCtrl.command_selction_changed
7bbfc3	MenuSettingsCtrl__command_refresh_PC	1	MenuSettingsCtrl.command_refresh_PC
7bc009	MenuSettingsCtrl__command_mapping_changed	1	MenuSettingsCtrl.command_mapping_changed
7bc05e	MenuSettingsCtrl__FindAudioSettingsRef	1	MenuSettingsCtrl.FindAudioSettingsRef
7bc0eb	MenuSettingsCtrl__FindStaticMusic	1	MenuSettingsCtrl.FindStaticMusic
7bc178	MenuSettingsCtrl__FindStaticVoice	1	MenuSettingsCtrl.FindStaticVoice
7bc281	MenuSettingsCtrl__SetupYesNoSelector	1	MenuSettingsCtrl.SetupYesNoSelector
7bc347	MenuSettingsCtrl__RecursiveSetupButtonMapWidget	1	MenuSettingsCtrl.RecursiveSetupButtonMapWidget
7bc3dc	MenuSettingsCtrl__RecursiveMappingChanged	1	MenuSettingsCtrl.RecursiveMappingChanged
7bc487	MenuSettingsCtrl__None	1	MenuSettingsCtrl.None
7bcd6e	MenuSoundInit__initialize_local	1	MenuSoundInit.initialize_local
7bce4d	MenuTutorialCtrl__command_register_tutorial	1	MenuTutorialCtrl.command_register_tutorial
7bcea4	MenuTutorialCtrl__command_unregister_tutorial	1	MenuTutorialCtrl.command_unregister_tutorial
7bcf14	MenuTutorialCtrl__command_register_condition	1	MenuTutorialCtrl.command_register_condition
7bcf6b	MenuTutorialCtrl__command_unregister_condition	1	MenuTutorialCtrl.command_unregister_condition
7bcfdd	MenuTutorialCtrl__command_fire_tutorial_event	1	MenuTutorialCtrl.command_fire_tutorial_event
7bd0a4	MenuTutorialCtrl__initialize_local	0	MenuTutorialCtrl.initialize_local
7bd0b6	MenuTutorialCtrl__initialize_external	1	MenuTutorialCtrl.initialize_external
7bd127	MenuTutorialCtrl__deinitialize	0	MenuTutorialCtrl.deinitialize
7bd134	MenuTutorialCtrl__command_activate	1	MenuTutorialCtrl.command_activate
7bd190	MenuTutorialCtrl__command_trig	1	MenuTutorialCtrl.command_trig
7bd1f4	MenuTutorialCtrl__command_menu_button_triggered	1	MenuTutorialCtrl.command_menu_button_triggered
7bd325	MenuTutorialCtrl__command_menu_button_back	1	MenuTutorialCtrl.command_menu_button_back
7bd3ae	MenuTutorialCtrl__StateReturnToMainMenu	1	MenuTutorialCtrl.StateReturnToMainMenu
7bd5ba	MenuTutorialCtrl__StateShowingIngameMenu	1	MenuTutorialCtrl.StateShowingIngameMenu
7bd700	MenuWidgetButtonMap__command_activate_widget	0	MenuWidgetButtonMap.command_activate_widget
7bd78c	MenuWidgetButtonMap__command_deactivate_widget	0	MenuWidgetButtonMap.command_deactivate_widget
7bd7cc	MenuWidgetButtonMap__command_select_widget	1	MenuWidgetButtonMap.command_select_widget
7bd892	MenuWidgetButtonMap__command_deselect_widget	1	MenuWidgetButtonMap.command_deselect_widget
7bd90a	MenuWidgetButtonMap__command_update_setup_Value	0	MenuWidgetButtonMap.command_update_setup_Value
7bd92e	MenuWidgetButtonMap__command_get_supported_buttons	1	MenuWidgetButtonMap.command_get_supported_buttons
7bd95a	MenuWidgetButtonMap__command_get_unsupported_buttons	1	MenuWidgetButtonMap.command_get_unsupported_buttons
7bd986	MenuWidgetButtonMap__command_setup_button_map_widget	1	MenuWidgetButtonMap.command_setup_button_map_widget
7be8f6	MenuWidgetButtonMap__command_get_selected_button	1	MenuWidgetButtonMap.command_get_selected_button
7be934	MenuWidgetButtonMap__command_set_selected_button	1	MenuWidgetButtonMap.command_set_selected_button
7bed14	MenuWidgetButtonMap__command_mapping_changed	1	MenuWidgetButtonMap.command_mapping_changed
7bef54	MenuWidgetButtonMap__command_refresh_widgets	1	MenuWidgetButtonMap.command_refresh_widgets
7bf058	MenuWidgetButtonMap__initialize_local	0	MenuWidgetButtonMap.initialize_local
7bf0ca	shared_handler_7bf0ca	0	MenuWidgetButtonMap.FilterExposedProperties; MenuWidgetButtonMap.stopmode_begin
7bf122	MenuWidgetButtonMap__StateSelected	1	MenuWidgetButtonMap.StateSelected
7bf2f5	shared_handler_7bf2f5	0	MenuWidgetButtonMap.command_local_activate_widget; MenuWidgetButtonMap.command_local_deactivate_widget; MenuWidgetButtonMap.command_local_deselect_widget
7bf320	MenuWidgetButtonMap__StatePromtButton	1	MenuWidgetButtonMap.StatePromtButton
7bfb24	MenuWidgetButton__command_activate_widget	0	MenuWidgetButton.command_activate_widget
7bfb92	MenuWidgetButton__command_select_widget	1	MenuWidgetButton.command_select_widget
7bfc58	MenuWidgetButton__command_update_setup_Value	0	MenuWidgetButton.command_update_setup_Value
7bfc79	MenuWidgetButton__command_set_alive_state	1	MenuWidgetButton.command_set_alive_state
7bfcda	shared_handler_7bfcda	0	AnimationVisualizationItem.command_update_Layout; GFXPackageCtrl.FilterExposedProperties; GFXPackageCtrl.stopmode_initialize_local; MenuWidgetButton.command_button_triggered; MenuWidgetButtonMap.command_button_triggered; MenuWidgetSelector.command_button_triggered
7bfcfb	MenuWidgetButton__initialize_local	0	MenuWidgetButton.initialize_local
7bfd67	shared_handler_7bfd67	0	MenuWidgetButton.FilterExposedProperties; MenuWidgetButton.stopmode_begin
7bfdb9	MenuWidgetButton__StateUnselected	0	MenuWidgetButton.StateUnselected
7bfe1b	MenuWidgetButton__StateSelected	1	MenuWidgetButton.StateSelected
7bfffe	shared_handler_7bfffe	0	MenuWidgetButton.command_local_activate_widget; MenuWidgetButton.command_local_deactivate_widget; MenuWidgetButton.command_local_deselect_widget
7c0029	MenuWidgetSelector__command_activate_widget	0	MenuWidgetSelector.command_activate_widget
7c00d6	MenuWidgetSelector__command_deactivate_widget	0	MenuWidgetSelector.command_deactivate_widget
7c0116	MenuWidgetSelector__command_select_widget	1	MenuWidgetSelector.command_select_widget
7c01e4	MenuWidgetSelector__command_deselect_widget	1	MenuWidgetSelector.command_deselect_widget
7c025c	shared_handler_7c025c	0	CharacterCamera.FilterExposedProperties; MenuWidgetSelector.command_update_setup_Value; SoundCtrl.FilterExposedProperties
7c0280	MenuWidgetSelector__command_set_alive_state	1	MenuWidgetSelector.command_set_alive_state
7c030a	MenuWidgetSelector__command_clear_value_elements	1	MenuWidgetSelector.command_clear_value_elements
7c032f	MenuWidgetSelector__command_add_value_element	1	MenuWidgetSelector.command_add_value_element
7c03cd	MenuWidgetSelector__command_add_value_element_textslotindex	1	MenuWidgetSelector.command_add_value_element_textslotindex
7c0400	MenuWidgetSelector__command_add_value_element_textslotindex_and_value	1	MenuWidgetSelector.command_add_value_element_textslotindex_and_value
7c04a3	MenuWidgetSelector__command_remove_value_element	1	MenuWidgetSelector.command_remove_value_element
7c0545	MenuWidgetSelector__command_select_value_by_id	1	MenuWidgetSelector.command_select_value_by_id
7c05f0	MenuWidgetSelector__command_has_id	0	MenuWidgetSelector.command_has_id
7c067c	MenuWidgetSelector__command_select_value_by_value	1	MenuWidgetSelector.command_select_value_by_value
7c0747	shared_handler_7c0747	0	AnimationCtrlWM.command_return_slave_node; MenuWidgetSelector.command_get_current_value
7c0759	MenuWidgetSelector__command_get_selected_id	0	MenuWidgetSelector.command_get_selected_id
7c07b6	MenuWidgetSelector__command_get_selected_sValue	1	MenuWidgetSelector.command_get_selected_sValue
7c082c	MenuWidgetSelector__command_get_non_selected_value	1	MenuWidgetSelector.command_get_non_selected_value
7c08d5	MenuWidgetSelector__command_on_select_next	0	MenuWidgetSelector.command_on_select_next
7c08f9	MenuWidgetSelector__command_on_select_prev	0	MenuWidgetSelector.command_on_select_prev
7c091d	shared__command_mouse_enter	1	MenuWidgetButton.command_mouse_enter; MenuWidgetButtonMap.command_mouse_enter; MenuWidgetSelector.command_mouse_enter
7c0941	MenuWidgetSelector__command_update_value	0	MenuWidgetSelector.command_update_value
7c0965	MenuWidgetSelector__command_set_inactive_highlight	0	MenuWidgetSelector.command_set_inactive_highlight
7c097f	shared_handler_7c097f	0	AnimationVisualisationCtrl.command_set_active_AnimationCtrl; AnimationVisualisationCtrlWM.command_set_active_AnimationCtrl; MenuWidgetSelector.command_lock_to_meta_device
7c0991	MenuWidgetSelector__command_selectable	1	MenuWidgetSelector.command_selectable
7c09c4	MenuWidgetSelector__initialize_local	0	MenuWidgetSelector.initialize_local
7c0a36	shared_handler_7c0a36	0	MenuWidgetSelector.FilterExposedProperties; MenuWidgetSelector.stopmode_begin
7c0a8e	MenuWidgetSelector__StateUnselected	1	MenuWidgetSelector.StateUnselected
7c0c39	MenuWidgetSelector__StateSelected	1	MenuWidgetSelector.StateSelected
7c0edd	shared_handler_7c0edd	0	MenuWidgetSelector.command_local_activate_widget; MenuWidgetSelector.command_local_deactivate_widget; MenuWidgetSelector.command_local_deselect_widget
7c0f0b	MenuWidgetSelector__OnSelectPrev	1	MenuWidgetSelector.OnSelectPrev
7c103c	MenuWidgetSelector__OnSelectNext	1	MenuWidgetSelector.OnSelectNext
7c117e	MenuWidgetSelector__UpdateValue	1	MenuWidgetSelector.UpdateValue
7c1391	MenuWidgetSelector__UpdateSetupValue	1	MenuWidgetSelector.UpdateSetupValue
7c1679	shared_handler_7c1679	1	ComboBuildupHud.command_add_text_shaker; MenuWindow.command_register_widget; SoundCtrl.command_register_group; TriggerConditionCharacter.command_register_condition
7c16a7	MenuWindow__command_clear_registered_widgets	1	MenuWindow.command_clear_registered_widgets
7c16cc	MenuWindow__command_open_window_push	1	MenuWindow.command_open_window_push
7c1785	MenuWindow__command_open_window_replace	1	MenuWindow.command_open_window_replace
7c181e	MenuWindow__command_close_window	1	MenuWindow.command_close_window
7c191f	MenuWindow__command_get_selected_widget	0	MenuWindow.command_get_selected_widget
7c1955	MenuWindow__command_activate_window	0	MenuWindow.command_activate_window
7c1992	MenuWindow__command_select_widget_down	1	MenuWindow.command_select_widget_down
7c1a05	MenuWindow__command_select_widget_up	1	MenuWindow.command_select_widget_up
7c1a75	MenuWindow__command_set_selected_widget_by_entity	1	MenuWindow.command_set_selected_widget_by_entity
7c1b55	MenuWindow__initialize_local	1	MenuWindow.initialize_local
7c1bc7	MenuWindow__initialize_external	1	MenuWindow.initialize_external
7c1bfc	MenuWindow__deinitialize	1	MenuWindow.deinitialize
7c1cda	MenuWindow__debug_layout	1	MenuWindow.debug_layout
7c1ee3	MenuWindow__debug_open_push	1	MenuWindow.debug_open_push
7c1f03	MenuWindow__debug_open_replace	1	MenuWindow.debug_open_replace
7c1f23	MenuWindow__StateInactive	1	MenuWindow.StateInactive
7c210d	MenuWindow__StateActive	1	MenuWindow.StateActive
7c26e9	MenuWindow__command_deactivate_window	0	MenuWindow.command_deactivate_window
7c2714	MenuWindow__callback_trial_mode_refreshed	0	MenuWindow.callback_trial_mode_refreshed
7c2750	MenuWindow__command_update_displayed	0	MenuWindow.command_update_displayed
7c2771	MenuWindow__ChangeSelected	1	MenuWindow.ChangeSelected
7c2975	MenuWindow__FindWidgets	1	MenuWindow.FindWidgets
7c2a15	MoviePlayerCtrl__command_play	0	MoviePlayerCtrl.command_play
7c2a40	MoviePlayerCtrl__StateActive	1	MoviePlayerCtrl.StateActive
7c399c	MoviePlayerCtrl__command_stop	0	MoviePlayerCtrl.command_stop
7c3a04	MoviePlayerCtrl__command_link	0	MoviePlayerCtrl.command_link
7c3a39	MoviePlayerCtrl__command_start_movie	1	MoviePlayerCtrl.command_start_movie
7c3afb	MoviePlayerCtrl__command_allow_skipping	0	MoviePlayerCtrl.command_allow_skipping
7c3b16	MoviePlayerCtrl__initialize_local	0	MoviePlayerCtrl.initialize_local
7c3b40	MoviePlayerCtrl__SetTextslotRecursive	1	MoviePlayerCtrl.SetTextslotRecursive
7c3ba9	MenuIngameCtrl__StateFadeIn	1	MenuIngameCtrl.StateFadeIn
7cd33b	shared_handler_7cd33b	0	CharacterModelCollection.command_get_head_model; GFXEffectType.command_get_particle_slot; GameStateCtrl.command_get_level_progress_state; MusicIntensityCtrl.commmand_get_intensity_level; TriggerCharacter.command_get_activator_type
7cd34d	MusicIntensityCtrl__initialize_external	1	MusicIntensityCtrl.initialize_external
7cd389	MusicIntensityCtrl__max_integer	0	MusicIntensityCtrl.max_integer
7cd39d	MusicIntensityDefinition__initialize_local	1	MusicIntensityDefinition.initialize_local
7cd567	MusicSetup__DeleteTestPlayer	1	MusicSetup.DeleteTestPlayer
7cd5d0	shared_handler_7cd5d0	0	MasterMusicCtrl.FilterExposedProperties; MasterMusicCtrl.stopModeUpdate; MusicStreamSlot.FilterExposedProperties; SpeakDefinitionUpdate.FilterExposedProperties
7cd5e3	shared_handler_7cd5e3	0	AnimationVisualisationCtrlWM.command_fix_dangling_ref; MusicStreamSlot.stopModeUpdate
7cd5f0	MusicStreamSlot__command_set_name	0	MusicStreamSlot.command_set_name
7cd601	MusicStreamSlot__stopmode_begin	1	MusicStreamSlot.stopmode_begin
7cd630	MusicTrigger__getTrackName	1	MusicTrigger.getTrackName
7cd703	NightVision__deinitialize	0	NightVision.deinitialize
7cd713	OnOffEnemies__StateActive	1	OnOffEnemies.StateActive
7cd7b1	MusicIntensityContainer___root	1	MusicIntensityContainer._root
7cd85a	MusicIntensityContainer__findIntensityDefinition	1	MusicIntensityContainer.findIntensityDefinition
7cd929	MusicPlayer___root	0	MusicPlayer._root
7cda3c	MusicPlayer__CleanUpHandler	1	MusicPlayer.CleanUpHandler
7cdabd	MusicPlayer__CleanUp	1	MusicPlayer.CleanUp
7cdb6f	MusicPlayer__PlayOneOffSoundInternal	1	MusicPlayer.PlayOneOffSoundInternal
7cdca9	MusicSetup___root	1	MusicSetup._root
7cdd52	MusicSetup__findIntensityContainer	1	MusicSetup.findIntensityContainer
7cddc6	MusicSetup__findSoundStreamSlot	1	MusicSetup.findSoundStreamSlot
7cde3a	MusicSetup__findMusicTrackState	1	MusicSetup.findMusicTrackState
7cdf09	MusicStreamSlot__CleanUp	1	MusicStreamSlot.CleanUp
7ce038	shared__FindGeneratedNodesFolder	1	MusicPlayer.FindGeneratedNodesFolder; MusicSetup.FindGeneratedNodesFolder; MusicStreamSlot.FindGeneratedNodesFolder
7ce146	MusicTestTriggerBox__None	1	MusicTestTriggerBox.None
7ce26e	MusicTrigger___root	0	MusicTrigger._root
7ce32b	NightVision__StateMain	1	NightVision.StateMain
7ce48e	MusicIndicatator__None	1	MusicIndicatator.None
7ce6f7	MusicIntensityContainer__initialize_local	1	MusicIntensityContainer.initialize_local
7ce738	MusicIntensityContainer__command_set_default_intensity_definition	1	MusicIntensityContainer.command_set_default_intensity_definition
7ce78e	MusicIntensityContainer__FilterExposedProperties	1	MusicIntensityContainer.FilterExposedProperties
7ce8c0	MusicIntensityContainer__command_set_name	0	MusicIntensityContainer.command_set_name
7ce8d1	MusicIntensityCtrl__command_game_event	0	MusicIntensityCtrl.command_game_event
7ce905	MusicIntensityCtrl__StateActive	0	MusicIntensityCtrl.StateActive
7cf0f5	shared__FilterExposedProperties	1	MusicGroupCtrl.FilterExposedProperties; MusicOneOffSlot.FilterExposedProperties; MusicStaticSlot.FilterExposedProperties; MusicTrackCtrl.FilterExposedProperties
7cf2a8	MusicPlayer__command_allocate	1	MusicPlayer.command_allocate
7cf678	MusicPlayer__command_deallocate	1	MusicPlayer.command_deallocate
7cf77c	MusicPlayer__track_switch	1	MusicPlayer.track_switch
7cf896	MusicPlayer__play_one_off_sound	1	MusicPlayer.play_one_off_sound
7cf9de	MusicPlayer__change_group	1	MusicPlayer.change_group
7cfb52	MusicPlayer__cue_point_event	1	MusicPlayer.cue_point_event
7d0037	MusicPlayer__command_clean_up	1	MusicPlayer.command_clean_up
7d0081	MusicPlayer__initialize_local	0	MusicPlayer.initialize_local
7d00b8	MusicPlayer__deinitialize	0	MusicPlayer.deinitialize
7d00cd	shared_handler_7d00cd	0	GFXEffectType.FilterExposedProperties; GFXEffectType.stopmode_initialize_local; MusicPlayer.stopModeUpdate; SoundPackageCtrl.FilterExposedProperties; SoundPackageCtrl.stopmode_initialize_local
7d00ee	MusicPlayer__StateMain	1	MusicPlayer.StateMain
7d0186	MusicSetup__initialize_local	1	MusicSetup.initialize_local
7d01f7	MusicSetup__initialize_external	1	MusicSetup.initialize_external
7d0243	MusicSetup__deinitialize	0	MusicSetup.deinitialize
7d025c	MusicSetup__FilterExposedProperties	1	MusicSetup.FilterExposedProperties
7d03c6	MusicSetup__stopModeUpdate	1	MusicSetup.stopModeUpdate
7d03fd	MusicSetup__command_test_play	1	MusicSetup.command_test_play
7d0562	MusicStreamSlot__getCuePointItems	1	MusicStreamSlot.getCuePointItems
7d05c0	MusicStreamSlot__initialize_local	1	MusicStreamSlot.initialize_local
7d060a	MusicStreamSlot__buttonPlayTrack0	1	MusicStreamSlot.buttonPlayTrack0
7d0635	MusicStreamSlot__buttonPlayTrack1	1	MusicStreamSlot.buttonPlayTrack1
7d0663	MusicStreamSlot__buttonPlayTrack2	1	MusicStreamSlot.buttonPlayTrack2
7d0691	MusicStreamSlot__buttonPlayTrack3	1	MusicStreamSlot.buttonPlayTrack3
7d06bf	MusicStreamSlot__buttonPlayTrack4	1	MusicStreamSlot.buttonPlayTrack4
7d06ed	MusicStreamSlot__buttonPlayTrack5	1	MusicStreamSlot.buttonPlayTrack5
7d071b	MusicStreamSlot__buttonPlayTrack6	1	MusicStreamSlot.buttonPlayTrack6
7d0749	MusicStreamSlot__buttonPlayTrack7	1	MusicStreamSlot.buttonPlayTrack7
7d0777	MusicStreamSlot__buttonPlayTrack8	1	MusicStreamSlot.buttonPlayTrack8
7d07a5	MusicStreamSlot__buttonPlayTrack9	1	MusicStreamSlot.buttonPlayTrack9
7d07d3	MusicStreamSlot__UpdateCuePointNames	1	MusicStreamSlot.UpdateCuePointNames
7d0cf9	MusicStreamSlot__playTrack	1	MusicStreamSlot.playTrack
7d0f00	MusicStreamSlot__CreateTestNodes	1	MusicStreamSlot.CreateTestNodes
7d108c	MusicTestTriggerBox__command_trig	1	MusicTestTriggerBox.command_trig
7d1113	MusicTrigger__command_trig	1	MusicTrigger.command_trig
7d14ff	MusicTrigger__getCuePointNames	1	MusicTrigger.getCuePointNames
7d158b	MusicTrigger__command_test_button	1	MusicTrigger.command_test_button
7d15b2	MusicTrigger__stopModeUpdate	1	MusicTrigger.stopModeUpdate
7d16dc	MusicTrigger__FilterExposedProperties	0	MusicTrigger.FilterExposedProperties
7d1f7b	MusicTrigger__addProperty	1	MusicTrigger.addProperty
7d2086	MusicTrigger__addCapProperty	1	MusicTrigger.addCapProperty
7d21c2	MusicTrigger__addCueProperty	1	MusicTrigger.addCueProperty
7d2342	NightVision__initialize_external	1	NightVision.initialize_external
7d23c3	OnOffEnemies__command_deactivate_all	1	OnOffEnemies.command_deactivate_all
7d24d5	OnOffEnemies__command_activate_all	1	OnOffEnemies.command_activate_all
7d25ea	OnOffEnemies__command_game_event	0	OnOffEnemies.command_game_event
7d261d	OnOffEnemies__FilterExposedProperties	1	OnOffEnemies.FilterExposedProperties
7d2651	MusicTestTriggerBox__start	1	MusicTestTriggerBox.start
7d2afb	MusicTestTriggerBox__test_button	1	MusicTestTriggerBox.test_button
7d6cb5	OverrideGameMode__Update	0	OverrideGameMode.Update
7d6ce7	PartnerDef__JustifyProbAttack	1	PartnerDef.JustifyProbAttack
7d6e47	PartnerDef__JustifyCrowdControl	0	PartnerDef.JustifyCrowdControl
7d6e6d	PartnerDef__JustifyCrowdControlAttackReaction	1	PartnerDef.JustifyCrowdControlAttackReaction
7d7064	PartnerDef__JustifyAttackKill	0	PartnerDef.JustifyAttackKill
7d708a	PartnerDef__JustifyCrowdCombo	0	PartnerDef.JustifyCrowdCombo
7d70ad	PartnerDef__JustifyTimeBetweenAttLowHealth	1	PartnerDef.JustifyTimeBetweenAttLowHealth
7d70dc	Partner__SetState	1	Partner.SetState
7d71a7	PathBlocker__IsLegal	0	PathBlocker.IsLegal
7d71bd	Perception__command_is_pos_reachable_result	1	Perception.command_is_pos_reachable_result
7d721a	Perception__command_force_pos_reachable_ready	0	Perception.command_force_pos_reachable_ready
7d7231	Perception__command_force_is_pos_reachable	1	Perception.command_force_is_pos_reachable
7d7272	Perception__start_force_pos_reachable	1	Perception.start_force_pos_reachable
7d72e9	Perception__command_force_pos_reachable_update	0	Perception.command_force_pos_reachable_update
7d730a	Perception__ShouldUpdateTacticalInfo	1	Perception.ShouldUpdateTacticalInfo
7d736d	shared_handler_7d736d	0	CrowdControlPartner.IsBitsSet; Perception.HasBit
7d7383	physicsTimepassed__None	1	physicsTimepassed.None
7d73ed	PivotController__command_debug_start	0	PivotController.command_debug_start
7d7400	PlatformCtrl__SavingFinished	1	PlatformCtrl.SavingFinished
7d7447	PlatformCtrl__DeletingFinished	1	PlatformCtrl.DeletingFinished
7d748c	PlatformSpecific__initialize_local	1	PlatformSpecific.initialize_local
7d756e	PlatformStartupCtrl__State_CheckLoadedDataPS3	1	PlatformStartupCtrl.State_CheckLoadedDataPS3
7d7624	PlatformStartupCtrl__command_warning_closed	0	PlatformStartupCtrl.command_warning_closed
7d7634	PlayerCameraCtrlDef__command_get_rot_vel	0	PlayerCameraCtrlDef.command_get_rot_vel
7d7659	PlayerCameraCtrlDef__command_map_rot_vel	1	PlayerCameraCtrlDef.command_map_rot_vel
7d76c1	PlayerCameraCtrlDef__command_map_rot_accel	0	PlayerCameraCtrlDef.command_map_rot_accel
7d76f6	PlayerCameraCtrlDef__command_map_pref_vel	0	PlayerCameraCtrlDef.command_map_pref_vel
7d772c	PlayerCtrlBehavior__SetState	0	PlayerCtrlBehavior.SetState
7d77d8	PartnerDef__FilterCrowdComboEntity	1	PartnerDef.FilterCrowdComboEntity
7d7c88	Partner___root	0	Partner._root
7d7d7c	Perception___root	0	Perception._root
7d7e25	Perception__ValidTarget	1	Perception.ValidTarget
7d7ee9	Perception__KnownEnemyStructListErase	1	Perception.KnownEnemyStructListErase
7d7fa2	PerformanceBar__StateMain	1	PerformanceBar.StateMain
7d80f1	PerformanceMeasurement___root	1	PerformanceMeasurement._root
7d8196	PhysicsSimulation___root	1	PhysicsSimulation._root
7d823f	PhysicsSimulation__GetRagdollPairedCollisionGroup	1	PhysicsSimulation.GetRagdollPairedCollisionGroup
7d82f0	PhysicsSimulation__GetRagdollNonDynamicCollisionGroup	1	PhysicsSimulation.GetRagdollNonDynamicCollisionGroup
7d837d	PhysicsSimulation__GetRagdollDynamicCollisionGroup	1	PhysicsSimulation.GetRagdollDynamicCollisionGroup
7d840a	PhysicsSimulation__getActiveCollisionGroupCount	0	PhysicsSimulation.getActiveCollisionGroupCount
7d845d	PhysicsSimulation__getActiveCollisionGroups	1	PhysicsSimulation.getActiveCollisionGroups
7d850c	PlatformCtrl___root	0	PlatformCtrl._root
7d85e7	PlatformCtrl__LoadingFinished	1	PlatformCtrl.LoadingFinished
7d865b	PlatformCtrl__None	1	PlatformCtrl.None
7d86e0	PlatformCtrl__GetSaveNode	0	PlatformCtrl.GetSaveNode
7d8726	PlatformStartupCtrl__State_CheckDeviceX360	1	PlatformStartupCtrl.State_CheckDeviceX360
7d87ef	PlatformStartupCtrl__State_CheckDevicePS3	1	PlatformStartupCtrl.State_CheckDevicePS3
7d8a1d	PlayerCtrlBehavior___root	0	PlayerCtrlBehavior._root
7d8acd	PlayerCtrlBehavior__Evaluate	1	PlayerCtrlBehavior.Evaluate
7d8b2f	PlayerCtrlBehavior__SetForcedState	1	PlayerCtrlBehavior.SetForcedState
7d8bd0	OverrideGameMode__FilterExposedProperties	1	OverrideGameMode.FilterExposedProperties
7d8c80	PartnerDef__command_get_crowd_control_special_att_cooldown_time	1	PartnerDef.command_get_crowd_control_special_att_cooldown_time
7d8cb7	PartnerDef__command_get_attack_kill_special_att_cooldown_time	1	PartnerDef.command_get_attack_kill_special_att_cooldown_time
7d8cee	PartnerDef__FilterExposedProperties	1	PartnerDef.FilterExposedProperties
7d9352	PartnerDef__initialize_local	1	PartnerDef.initialize_local
7d939e	shared__command_get_forced_state_struct	1	Partner.command_get_forced_state_struct; PlayerCtrlBehavior.command_get_forced_state_struct
7d93ce	shared__command_set_forced_state_struct	1	Partner.command_set_forced_state_struct; PlayerCtrlBehavior.command_set_forced_state_struct
7d940e	Partner__command_get_partner	0	Partner.command_get_partner
7d9420	shared__command_react_to_attack	1	Partner.command_react_to_attack; PlayerCtrlBehavior.command_react_to_attack
7d944c	Partner__command_when_attacked	1	Partner.command_when_attacked
7d9478	Partner__command_set_forced_state	1	Partner.command_set_forced_state
7d9519	Partner__command_stop_forced_state	1	Partner.command_stop_forced_state
7d9583	Partner__command_get_forced_state	0	Partner.command_get_forced_state
7d95ae	Partner__command_has_forced_state	0	Partner.command_has_forced_state
7d95e6	Partner__command_force_step_back	1	Partner.command_force_step_back
7d964b	Partner__command_new_enemy_group_spotted	1	Partner.command_new_enemy_group_spotted
7d99fa	Partner__command_got_up	1	Partner.command_got_up
7d9a7c	Partner__command_ai_def_changed	0	Partner.command_ai_def_changed
7d9af2	Partner__command_init	1	Partner.command_init
7d9e5e	Partner__command_clear	1	Partner.command_clear
7d9f41	Partner__FilterExposedProperties	1	Partner.FilterExposedProperties
7d9fc6	Partner__command_got_focus	0	Partner.command_got_focus
7d9ff4	Partner__command_set_follow_pivot	1	Partner.command_set_follow_pivot
7da0f1	Partner__command_use	1	Partner.command_use
7da156	Partner__command_fill_debug_view	1	Partner.command_fill_debug_view
7daa2e	Partner__StateActive	0	Partner.StateActive
7db9fa	shared_handler_7db9fa	0	MenuWidgetSelector.command_local_deactivate_widget; Partner.command_lost_focus
7dba0e	Partner__clean_up_modified_state	1	Partner.clean_up_modified_state
7dba9f	Partner__Evaluate	1	Partner.Evaluate
7dbba6	PathBlocker__command_path_generation_started	1	PathBlocker.command_path_generation_started
7dbbe3	PathBlocker__initialize_local	1	PathBlocker.initialize_local
7dbc1a	PathBlocker__FilterExposedProperties	1	PathBlocker.FilterExposedProperties
7dbcd8	Perception__command_update_tactical_info	0	Perception.command_update_tactical_info
7dbcf9	shared_handler_7dbcf9	0	Enemy.command_clear_react_history; Perception.command_debug_tactical_info
7dbd1a	Perception__command_get_known_enemy_index	1	Perception.command_get_known_enemy_index
7dbd52	Perception__command_tactical_query	1	Perception.command_tactical_query
7dbe8d	Perception__command_tactical_query_indexed	0	Perception.command_tactical_query_indexed
7dbee7	Perception__command_character_placeholding_out	1	Perception.command_character_placeholding_out
7dbf64	Perception__command_can_see_target_index	1	Perception.command_can_see_target_index
7dbfcc	Perception__command_can_see_target	1	Perception.command_can_see_target
7dc086	Perception__command_has_aggressive_enemies	0	Perception.command_has_aggressive_enemies
7dc14f	Perception__None	1	Perception.None
7dc1e1	Perception__command_debug_known_enemy	0	Perception.command_debug_known_enemy
7dc1f5	Perception__StateActive	1	Perception.StateActive
7dc386	Perception__UpdateIsKynapseTargetReachable	1	Perception.UpdateIsKynapseTargetReachable
7dc536	Perception__UpdateKnownEnemies	0	Perception.UpdateKnownEnemies
7dca90	Perception__UpdateEnemyInfo	1	Perception.UpdateEnemyInfo
7dcc88	Perception__AddNewKnownEnemies	1	Perception.AddNewKnownEnemies
7dd07a	Perception__GetKnownEnemyIndex	1	Perception.GetKnownEnemyIndex
7dd133	Perception__KnownEnemyStructListPushBack	1	Perception.KnownEnemyStructListPushBack
7dd2b4	Perception__UpdateTacticalInfo	1	Perception.UpdateTacticalInfo
7dd352	Perception__UpdateTacticalInfoForEnemy	1	Perception.UpdateTacticalInfoForEnemy
7dda2a	Perception__DebugTacticalInfo	0	Perception.DebugTacticalInfo
7deba5	Perception__ShowKnownEnemies	0	Perception.ShowKnownEnemies
7dedc5	PerformanceBar__command_init	1	PerformanceBar.command_init
7dee21	PerformanceBar__command_update_value	1	PerformanceBar.command_update_value
7df256	PhysicsSimulation__SimulateDone	1	PhysicsSimulation.SimulateDone
7df302	PhysicsSimulation__command_register_simulate_done_listener	1	PhysicsSimulation.command_register_simulate_done_listener
7df330	PhysicsSimulation__command_register_simulate_force	1	PhysicsSimulation.command_register_simulate_force
7df3a0	PhysicsSimulation__command_register_delayed_spherical_force	1	PhysicsSimulation.command_register_delayed_spherical_force
7df74a	PhysicsSimulation__command_set_safe_ragdoll_collision_groups	1	PhysicsSimulation.command_set_safe_ragdoll_collision_groups
7dfade	PhysicsSimulation__command_set_safe_character_physics_collision_groups	1	PhysicsSimulation.command_set_safe_character_physics_collision_groups
7dfe37	PhysicsSimulation__command_create_unique_ragdoll_collision_group	1	PhysicsSimulation.command_create_unique_ragdoll_collision_group
7dfe9e	PhysicsSimulation__command_unregister_unique_collision_group	1	PhysicsSimulation.command_unregister_unique_collision_group
7dfed6	PhysicsSimulation__getActiveCollisionGroupsPowersOfTwo	1	PhysicsSimulation.getActiveCollisionGroupsPowersOfTwo
7dff8f	PhysicsSimulation__command_game_event	0	PhysicsSimulation.command_game_event
7dffbf	PhysicsSimulation__command_setup_collision_groups	0	PhysicsSimulation.command_setup_collision_groups
7e29a7	PhysicsSimulation__command_scene_shutdown	1	PhysicsSimulation.command_scene_shutdown
7e2a6c	PhysicsSimulation__command_scene_startup	1	PhysicsSimulation.command_scene_startup
7e2b2b	PhysicsSimulation__initialize_local	1	PhysicsSimulation.initialize_local
7e2b84	PhysicsSimulation__initialize_external	1	PhysicsSimulation.initialize_external
7e2c46	shared__deinitialize	1	AIDebug.deinitialize; FXLighting.deinitialize; MusicIntensityCtrl.deinitialize; PhysicsSimulation.deinitialize; TriggerConditionGameEvent.deinitialize
7e2c6e	PhysicsSimulation__StateMain	0	PhysicsSimulation.StateMain
7e3cb2	PhysicsSimulation__command_simulated	0	PhysicsSimulation.command_simulated
7e3ccb	PhysicsSimulation__resetCollisionGroup	1	PhysicsSimulation.resetCollisionGroup
7e3e59	PivotController__command_start	0	PivotController.command_start
7e3e8f	PivotController__command_stop	0	PivotController.command_stop
7e3eb9	shared_handler_7e3eb9	0	MoviePlayerCtrl.button_cutscene_done; PivotController.command_debug_stop
7e3ecc	PlatformCtrl__command_is_loading	0	PlatformCtrl.command_is_loading
7e3ee4	PlatformCtrl__command_is_saving	0	PlatformCtrl.command_is_saving
7e3efc	PlatformCtrl__command_request_save	0	PlatformCtrl.command_request_save
7e3f54	PlatformCtrl__command_request_load	1	PlatformCtrl.command_request_load
7e3fea	PlatformCtrl__command_request_delete	1	PlatformCtrl.command_request_delete
7e4066	PlatformCtrl__command_get_bytesize	1	PlatformCtrl.command_get_bytesize
7e416b	PlatformCtrl__command_get_total_savedata_bytesize	1	PlatformCtrl.command_get_total_savedata_bytesize
7e41f7	shared_handler_7e41f7	0	MenuWidgetButton.command_set_toolbar; PlatformCtrl.command_set_current_save_device_id
7e4209	PlatformCtrl__command_choose_signed_in_user	1	PlatformCtrl.command_choose_signed_in_user
7e4267	PlatformCtrl__command_has_chosen_user_become_invalid	1	PlatformCtrl.command_has_chosen_user_become_invalid
7e429e	PlatformCtrl__RequestFinished	1	PlatformCtrl.RequestFinished
7e4566	PlatformCtrl__ConsoleUIOn	1	PlatformCtrl.ConsoleUIOn
7e4587	PlatformCtrl__ConsoleUIOff	1	PlatformCtrl.ConsoleUIOff
7e45a5	PlatformCtrl__ConsoleUIChanged	1	PlatformCtrl.ConsoleUIChanged
7e465e	PlatformCtrl__SignedInUserHasChanged	0	PlatformCtrl.SignedInUserHasChanged
7e468e	PlatformCtrl__SignInHasChanged	0	PlatformCtrl.SignInHasChanged
7e46a5	PlatformCtrl__initialize_local	1	PlatformCtrl.initialize_local
7e4c92	PlatformCtrl__button_debug	1	PlatformCtrl.button_debug
7e4cf3	PlatformCtrl__StateSave	1	PlatformCtrl.StateSave
7e51f3	shared_handler_7e51f3	0	GameStateCtrl.command_deleting_completed; PlatformCtrl.command_warning_closed; UnderbossPhase1.command_jump_anim_part_done
7e5208	PlatformStartupCtrl__command_startup	0	PlatformStartupCtrl.command_startup
7e5241	PlatformStartupCtrl__StateStartup	1	PlatformStartupCtrl.StateStartup
7e5951	PlatformStartupCtrl__command_load_complete	0	PlatformStartupCtrl.command_load_complete
7e5974	PlatformStartupCtrl__command_get_string_parameter	1	PlatformStartupCtrl.command_get_string_parameter
7e59a7	shared__SetOpacityRecursive	1	MoviePlayerCtrl.SetOpacityRecursive; PlatformStartupCtrl.SetOpacityRecursive
7e5a25	PlayerCtrlBehavior__command_get_partner	0	PlayerCtrlBehavior.command_get_partner
7e5a37	PlayerCtrlBehavior__command_get_forced_state_id	1	PlayerCtrlBehavior.command_get_forced_state_id
7e5a6c	PlayerCtrlBehavior__command_got_focus	0	PlayerCtrlBehavior.command_got_focus
7e5a97	PlayerCtrlBehavior__command_use	1	PlayerCtrlBehavior.command_use
7e5b0d	PlayerCtrlBehavior__command_set_follow_pivot	1	PlayerCtrlBehavior.command_set_follow_pivot
7e5c0e	PlayerCtrlBehavior__command_goto_position	1	PlayerCtrlBehavior.command_goto_position
7e5ce7	PlayerCtrlBehavior__command_set_forced_state	1	PlayerCtrlBehavior.command_set_forced_state
7e5d28	PlayerCtrlBehavior__command_get_forced_state	0	PlayerCtrlBehavior.command_get_forced_state
7e5d53	PlayerCtrlBehavior__command_has_forced_state	0	PlayerCtrlBehavior.command_has_forced_state
7e5d8b	PlayerCtrlBehavior__command_stop_forced_state	1	PlayerCtrlBehavior.command_stop_forced_state
7e5e04	PlayerCtrlBehavior__command_fill_debug_view	1	PlayerCtrlBehavior.command_fill_debug_view
7e643c	PlayerCtrlBehavior__command_init	1	PlayerCtrlBehavior.command_init
7e66cf	PlayerCtrlBehavior__command_clear	1	PlayerCtrlBehavior.command_clear
7e678c	PlayerCtrlBehavior__StateActive	1	PlayerCtrlBehavior.StateActive
7e70e4	PlayerCtrlBehavior__command_lost_focus	0	PlayerCtrlBehavior.command_lost_focus
7e70f8	PivotController__StateActive	0	PivotController.StateActive
7efe5b	PlayerCtrl__StateDeactivated	1	PlayerCtrl.StateDeactivated
7eff13	PlayerCtrl__CheckFinishMove	1	PlayerCtrl.CheckFinishMove
7efff4	PlayerCtrl__DodgeTest	1	PlayerCtrl.DodgeTest
7f0060	PlayerCtrl__SendPhaseMessage	1	PlayerCtrl.SendPhaseMessage
7f00d2	PlayerHUD__command_menu_window_opened	1	PlayerHUD.command_menu_window_opened
7f00f7	PlayerHUD__command_enter_lookat_trigger	0	PlayerHUD.command_enter_lookat_trigger
7f0107	PlayerHUD__command_leave_lookat_trigger	0	PlayerHUD.command_leave_lookat_trigger
7f0114	PlayerHUD__command_show_tutorial	1	PlayerHUD.command_show_tutorial
7f0142	PlayerHUD__command_hide_tutorial	0	PlayerHUD.command_hide_tutorial
7f015a	PlayerHUD__command_show_reconnect_controller_hud	1	PlayerHUD.command_show_reconnect_controller_hud
7f0182	PlayerHUD__command_hide_reconnect_controller_hud	1	PlayerHUD.command_hide_reconnect_controller_hud
7f01a7	PlayerHUD__command_set_splitscreenseperator_visible	0	PlayerHUD.command_set_splitscreenseperator_visible
7f01c9	PlayerHUD__command_set_damagesprite_visible	0	PlayerHUD.command_set_damagesprite_visible
7f01eb	PlayerHUD__command_is_showing_player_vs_player_result	0	PlayerHUD.command_is_showing_player_vs_player_result
7f0216	PlayerHUD__command_hide_player_vs_player_result	1	PlayerHUD.command_hide_player_vs_player_result
7f0277	PlayerHUD__setup_player_HUD	0	PlayerHUD.setup_player_HUD
7f0296	PlayerHUD__command_deactivate_player_HUD	0	PlayerHUD.command_deactivate_player_HUD
7f02ab	PlayerHUD__StateInactive	0	PlayerHUD.StateInactive
7f0310	PlayerHUD__HandleSounds	1	PlayerHUD.HandleSounds
7f04a7	PlayerHUD__HandleProgressionHud	1	PlayerHUD.HandleProgressionHud
7f059d	PlayerTutorialFragment__GetPlayerTutorialTrigger	0	PlayerTutorialFragment.GetPlayerTutorialTrigger
7f05ac	PlayerTutorialFragment__GetTextSlotBaseName	1	PlayerTutorialFragment.GetTextSlotBaseName
7f0655	shared_handler_7f0655	0	FXLightningBlendToGFX.script_construct; FXLightningEffectsBase.script_construct; FXLightningLightUpSky.script_construct; FXLightningPlaySound.script_construct; FXLightningShowLight.script_construct; FXLightningShowMockupBox.script_construct; FXLightningShowSprite.script_construct; GrapplingGun.command_disable; PathBlocker.command_path_generation_ended; PlayerTutorialTrigger.WarningShutdown
7f0663	PlayerTutotialHUD__command_hide	0	PlayerTutotialHUD.command_hide
7f0670	PlayerTutotialHUD__debug_show	1	PlayerTutotialHUD.debug_show
7f0690	PlayerVsPlayerFocusPoint__initialize_local	0	PlayerVsPlayerFocusPoint.initialize_local
7f06a2	PlayerVsPlayerFocusPoint__deinitialize	0	PlayerVsPlayerFocusPoint.deinitialize
7f0758	PlaySequence__command_reset_start	0	PlaySequence.command_reset_start
7f076a	PlaySequence__command_reset_end	0	PlaySequence.command_reset_end
7f077c	ProjectAnimationLib__IsUpperDamagePose	0	ProjectAnimationLib.IsUpperDamagePose
7f07d7	ProjectAnimationLib__ConvertLightToHeavyDam	0	ProjectAnimationLib.ConvertLightToHeavyDam
7f0818	ProjectAnimationLib__ConvertPoseToStunDam	0	ProjectAnimationLib.ConvertPoseToStunDam
7f0881	ProjectAnimationLib__ConvertHighToLowDam	0	ProjectAnimationLib.ConvertHighToLowDam
7f08e7	ProjectAnimationLib__ConvertLowToHighDam	0	ProjectAnimationLib.ConvertLowToHighDam
7f0934	ProjectAnimationLib__AnimationEnumEnumName	1	ProjectAnimationLib.AnimationEnumEnumName
7f0987	ProjectAnimationLib__AnimationActionEnumName	1	ProjectAnimationLib.AnimationActionEnumName
7f09ac	shared_handler_7f09ac	0	AnimationCtrl.AllowOverlayTransitions; AnimationCtrl.IsImportantActionPending; AnimationCtrl.IsShownOrClose; AttackEnemy.command_is_attack_successful; AttackEnemy.command_is_behavior_running; AttackKillTargetPartner.command_is_attack_successful; AttackKillTargetPartner.command_is_behavior_running; Behavior.command_is_attack_successful; BehaviorAttack.command_is_attack_successful; BehaviorBrainlessAutotarget.command_is_attack_successful; BehaviorChase.command_is_attack_successful; BehaviorChase.command_is_behavior_running (+80 more)
7f09b7	ProjectLib__GetMetaDeviceTextSlot	0	ProjectLib.GetMetaDeviceTextSlot
7f09db	ProjectLib__GetGameMode	0	ProjectLib.GetGameMode
7f0a10	ProjectLib__IsActivatorTypeAndCharacterTypeEqual	1	ProjectLib.IsActivatorTypeAndCharacterTypeEqual
7f0ba9	ProjectLib__IsPlayableCharacterEqualToCharacterType	0	ProjectLib.IsPlayableCharacterEqualToCharacterType
7f0bfd	ProjectLib__TestDebugCheckWaypoint	1	ProjectLib.TestDebugCheckWaypoint
7f0e3a	ProjectLib__TestSimpleDebugTap	1	ProjectLib.TestSimpleDebugTap
7f104e	ProjectLib__TestSimpleDebugTap2	1	ProjectLib.TestSimpleDebugTap2
7f1262	ProjectLib__TestAdvancedDebugTap	1	ProjectLib.TestAdvancedDebugTap
7f1476	ProjectLib__TestSpecialDebugTap	1	ProjectLib.TestSpecialDebugTap
7f168a	ProjectLib__TestSpecial2DebugTap	1	ProjectLib.TestSpecial2DebugTap
7f189e	ProjectLib__TestSpecial2DebugHold	1	ProjectLib.TestSpecial2DebugHold
7f1aa6	ProjectLib__RegisterMaterialSheet	1	ProjectLib.RegisterMaterialSheet
7f1b17	ProjectLib__UnregisterMaterialSheet	1	ProjectLib.UnregisterMaterialSheet
7f1b4d	ProjectLib__GetBuildType	1	ProjectLib.GetBuildType
7f1bfd	ProjectLib__OnOffTruth	1	ProjectLib.OnOffTruth
7f1c30	ProjectLib__IsInGame	1	ProjectLib.IsInGame
7f2260	PlayerCtrl__UpdateInputActive	1	PlayerCtrl.UpdateInputActive
7f22e7	PlayerCtrl__GetMoveStickWorld	1	PlayerCtrl.GetMoveStickWorld
7f2567	PlayerHUD__command_is_reconnect_controller_hud_visible	1	PlayerHUD.command_is_reconnect_controller_hud_visible
7f25a3	PlayerHUD__command_show_player_vs_player_result	0	PlayerHUD.command_show_player_vs_player_result
7f260a	PlayerHUD__initialize_local	1	PlayerHUD.initialize_local
7f2a38	PlayerHUD__SetTriggerUseType	1	PlayerHUD.SetTriggerUseType
7f2b83	PlayerHUD__HandleHealthBar	1	PlayerHUD.HandleHealthBar
7f2c74	PlayerHUD__HandleProgressBar	1	PlayerHUD.HandleProgressBar
7f305f	PlayerLib__GetPlayerCtrlByPlayerID	1	PlayerLib.GetPlayerCtrlByPlayerID
7f3108	PlayerLookatTrigger__GetPlayerCtrl	1	PlayerLookatTrigger.GetPlayerCtrl
7f31bd	PlayerManager___root	1	PlayerManager._root
7f322a	PlayerManager__GetPlayableCharacter	0	PlayerManager.GetPlayableCharacter
7f326d	PlayerTutorialFragment___root	0	PlayerTutorialFragment._root
7f331f	PlayerTutorialTrigger__GetCharacterRoot	1	PlayerTutorialTrigger.GetCharacterRoot
7f33d0	PlayerTutorialTrigger__UpdateUnlockStatus	1	PlayerTutorialTrigger.UpdateUnlockStatus
7f34de	PlaySequence__StatePlay	1	PlaySequence.StatePlay
7f3741	ProjectLib__GetAbilityIndex	1	ProjectLib.GetAbilityIndex
7f37d0	ProjectLib__GetScene	1	ProjectLib.GetScene
7f389d	ProjectLib__TextScaleToFit	1	ProjectLib.TextScaleToFit
7f3973	ProjectLib__GetMaterialSheet	0	ProjectLib.GetMaterialSheet
7f39b8	ProjectLib__FindFirstParentProperty	1	ProjectLib.FindFirstParentProperty
7f3a31	ProjectLib__FindFirstChildProperty	1	ProjectLib.FindFirstChildProperty
7f3ad0	ProjectLib__GetActorFromNode	1	ProjectLib.GetActorFromNode
7f3c1b	ProjectLib__SetRichPresenceInactive	1	ProjectLib.SetRichPresenceInactive
7f3ca9	ragdollBlendBug__None	1	ragdollBlendBug.None
7f3e87	ragdollTest__None	1	ragdollTest.None
7f4052	PlayerCtrl__command_lock_player	1	PlayerCtrl.command_lock_player
7f4101	PlayerCtrl__command_unlock_player	1	PlayerCtrl.command_unlock_player
7f4198	PlayerCtrl__command_has_someone_else_locked_me	1	PlayerCtrl.command_has_someone_else_locked_me
7f41f2	PlayerCtrl__command_deactivate_set_pos_camera	0	PlayerCtrl.command_deactivate_set_pos_camera
7f420a	PlayerCtrl__command_activate_set_pos_camera	1	PlayerCtrl.command_activate_set_pos_camera
7f423a	PlayerCtrl__command_set_gfx_node	0	PlayerCtrl.command_set_gfx_node
7f424f	PlayerCtrl__command_set_ambient_light	0	PlayerCtrl.command_set_ambient_light
7f4264	PlayerCtrl__command_get_ambient_light	0	PlayerCtrl.command_get_ambient_light
7f4279	PlayerCtrl__commad_get_viewport_setting	1	PlayerCtrl.commad_get_viewport_setting
7f42a1	PlayerCtrl__command_register_condition_visibililty	1	PlayerCtrl.command_register_condition_visibililty
7f42cf	PlayerCtrl__command_unregister_condition_visibililty	1	PlayerCtrl.command_unregister_condition_visibililty
7f433c	PlayerCtrl__command_enter_lookat_trigger	0	PlayerCtrl.command_enter_lookat_trigger
7f435f	PlayerCtrl__command_leave_lookat_trigger	0	PlayerCtrl.command_leave_lookat_trigger
7f437d	PlayerCtrl__command_register_use_trigger	0	PlayerCtrl.command_register_use_trigger
7f4392	PlayerCtrl__command_reset_use_trigger	0	PlayerCtrl.command_reset_use_trigger
7f43d2	PlayerCtrl__command_show_tutorial	1	PlayerCtrl.command_show_tutorial
7f4402	PlayerCtrl__command_hide_tutorial	0	PlayerCtrl.command_hide_tutorial
7f441a	PlayerCtrl__command_show_reconnect_controller_hud	0	PlayerCtrl.command_show_reconnect_controller_hud
7f442d	PlayerCtrl__command_get_hud	0	PlayerCtrl.command_get_hud
7f443f	PlayerCtrl__command_hide_reconnect_controller_hud	1	PlayerCtrl.command_hide_reconnect_controller_hud
7f4482	PlayerCtrl__command_enable_HUD	1	PlayerCtrl.command_enable_HUD
7f44b0	PlayerCtrl__command_disable_HUD	1	PlayerCtrl.command_disable_HUD
7f44ed	PlayerCtrl__command_reset_HUD	0	PlayerCtrl.command_reset_HUD
7f450b	PlayerCtrl__command_got_pickup	1	PlayerCtrl.command_got_pickup
7f4531	PlayerCtrl__command_do_damage_effect	1	PlayerCtrl.command_do_damage_effect
7f45ac	PlayerCtrl__command_do_rumble_effect	1	PlayerCtrl.command_do_rumble_effect
7f45e6	PlayerCtrl__command_teleport	1	PlayerCtrl.command_teleport
7f4618	PlayerCtrl__command_sound_combo_finished_soon	1	PlayerCtrl.command_sound_combo_finished_soon
7f4647	PlayerCtrl__debug_show_use_trigger	1	PlayerCtrl.debug_show_use_trigger
7f46f3	PlayerCtrl__debug_hide_use_trigger	0	PlayerCtrl.debug_hide_use_trigger
7f470b	PlayerCtrl__initialize_local	1	PlayerCtrl.initialize_local
7f4795	PlayerCtrl__initialize_external	1	PlayerCtrl.initialize_external
7f4890	PlayerCtrl__command_game_event	1	PlayerCtrl.command_game_event
7f48c8	PlayerCtrl__StopModeUpdate	1	PlayerCtrl.StopModeUpdate
7f4929	PlayerCtrl__command_activate_player_ctrl	1	PlayerCtrl.command_activate_player_ctrl
7f49a7	PlayerCtrl__StateActive	1	PlayerCtrl.StateActive
7f4df7	PlayerCtrl__command_visualize_combo_buildup	1	PlayerCtrl.command_visualize_combo_buildup
7f4f20	PlayerCtrl__command_visualize_completed_combo	1	PlayerCtrl.command_visualize_completed_combo
7f5074	PlayerCtrl__command_visualize_failed_combo	1	PlayerCtrl.command_visualize_failed_combo
7f5139	PlayerCtrl__command_fade_out_combo	1	PlayerCtrl.command_fade_out_combo
7f51f3	PlayerCtrl__command_deactivate_player_ctrl	1	PlayerCtrl.command_deactivate_player_ctrl
7f5365	PlayerCtrl__StateActiveDefault	0	PlayerCtrl.StateActiveDefault
7f8f95	PlayerCtrl__command_game_event	1	PlayerCtrl.command_game_event
7f900e	PlayerCtrl__command_hit_by	1	PlayerCtrl.command_hit_by
7f907e	PlayerCtrl__command_release_dodge_lock	0	PlayerCtrl.command_release_dodge_lock
7f90a4	PlayerCtrl__command_attack_enemy	0	PlayerCtrl.command_attack_enemy
7f90cd	PlayerCtrl__command_doing_block_breaker	0	PlayerCtrl.command_doing_block_breaker
7f90e2	PlayerCtrl__command_you_are_attacked	1	PlayerCtrl.command_you_are_attacked
7f9113	PlayerCtrl__BreadcrumbTestWorldDirection	1	PlayerCtrl.BreadcrumbTestWorldDirection
7f9328	PlayerCtrl__TeleportPlayer	1	PlayerCtrl.TeleportPlayer
7f949f	PlayerCtrl__TeleportPartnerCloseToMe	1	PlayerCtrl.TeleportPartnerCloseToMe
7f95fd	PlayerHUD__command_menu_window_closed	1	PlayerHUD.command_menu_window_closed
7f9635	PlayerHUD__initialize_external	0	PlayerHUD.initialize_external
7f966d	PlayerHUD__command_reset	0	PlayerHUD.command_reset
7f9698	PlayerHUD__command_clear	1	PlayerHUD.command_clear
7f96be	PlayerHUD__command_reset	0	PlayerHUD.command_reset
7f96e9	PlayerHUD__command_show_use	1	PlayerHUD.command_show_use
7f9717	PlayerHUD__command_hide_use	1	PlayerHUD.command_hide_use
7f9742	PlayerHUD__command_show_progression_hud	0	PlayerHUD.command_show_progression_hud
7f9791	PlayerHUD__command_damage	1	PlayerHUD.command_damage
7f97c8	PlayerHUD__command_death	0	PlayerHUD.command_death
7f97f3	PlayerHUD__StatePlayerDead	1	PlayerHUD.StatePlayerDead
7f996e	PlayerHUD__command_reset	0	PlayerHUD.command_reset
7f9999	PlayerLookatTrigger__CollisionContactAdded	1	PlayerLookatTrigger.CollisionContactAdded
7f9a09	PlayerLookatTrigger__CollisionContactRemoved	1	PlayerLookatTrigger.CollisionContactRemoved
7f9a7a	PlayerManager__command_lock_all_players	1	PlayerManager.command_lock_all_players
7f9b31	PlayerManager__command_unlock_all_players	1	PlayerManager.command_unlock_all_players
7f9bea	PlayerManager__command_lock_playable	1	PlayerManager.command_lock_playable
7f9c27	PlayerManager__command_unlock_playable	1	PlayerManager.command_unlock_playable
7f9c64	PlayerManager__command_reset	1	PlayerManager.command_reset
7f9d1b	PlayerManager__command_game_event	1	PlayerManager.command_game_event
7fa781	PlayerManager__command_get_playable_character	1	PlayerManager.command_get_playable_character
7fa7ba	PlayerManager__command_get_camera_by_playerid	1	PlayerManager.command_get_camera_by_playerid
7fa829	PlayerManager__command_get_playerctrl_by_playerid	1	PlayerManager.command_get_playerctrl_by_playerid
7fa8e3	PlayerManager__command_get_playerid_by_playableid	1	PlayerManager.command_get_playerid_by_playableid
7fa921	PlayerManager__command_reset_HUDs	1	PlayerManager.command_reset_HUDs
7faa0d	PlayerManager__command_enable_subs	1	PlayerManager.command_enable_subs
7faadf	PlayerManager__command_disable_subs	1	PlayerManager.command_disable_subs
7fab5c	PlayerManager__command_enable_HUDs	1	PlayerManager.command_enable_HUDs
7face2	PlayerManager__command_disable_HUDs	1	PlayerManager.command_disable_HUDs
7fadfc	PlayerManager__command_enable_HUD_rorschach	1	PlayerManager.command_enable_HUD_rorschach
7faeec	PlayerManager__command_have_i_disabled_huds	1	PlayerManager.command_have_i_disabled_huds
7faf29	PlayerManager__command_disable_HUD_rorschach	1	PlayerManager.command_disable_HUD_rorschach
7fafbd	PlayerManager__command_enable_HUD_nite_owl	1	PlayerManager.command_enable_HUD_nite_owl
7fb0b9	PlayerManager__command_disable_HUD_nite_owl	1	PlayerManager.command_disable_HUD_nite_owl
7fb161	PlayerManager__command_enable_boss_HUD	1	PlayerManager.command_enable_boss_HUD
7fb1b5	PlayerManager__command_disable_boss_HUD	1	PlayerManager.command_disable_boss_HUD
7fb1ec	PlayerManager__command_is_in_PvP_mode	1	PlayerManager.command_is_in_PvP_mode
7fb2c6	PlayerManager__debug_localization_tool_HUD_reset	1	PlayerManager.debug_localization_tool_HUD_reset
7fb321	PlayerManager__initialize_local	1	PlayerManager.initialize_local
7fb408	PlayerManager__initialize_external	0	PlayerManager.initialize_external
7fb433	PlayerManager__stopmode_begin	1	PlayerManager.stopmode_begin
7fb48b	PlayerManager__command_character_take_control	1	PlayerManager.command_character_take_control
7fb565	PlayerTutorialFragment__command_get_textslot_id	0	PlayerTutorialFragment.command_get_textslot_id
7fb584	PlayerTutorialFragment__command_trig	1	PlayerTutorialFragment.command_trig
7fb663	PlayerTutorialFragment__command_get_playable	1	PlayerTutorialFragment.command_get_playable
7fb6a3	PlayerTutorialFragment__FilterExposedProperties	1	PlayerTutorialFragment.FilterExposedProperties
7fb977	PlayerTutorialFragment__command_show	1	PlayerTutorialFragment.command_show
7fba19	PlayerTutorialFragment__command_hide	1	PlayerTutorialFragment.command_hide
7fbabb	PlayerTutorialFragment__StopmodeUpdateAbilityLocation	1	PlayerTutorialFragment.StopmodeUpdateAbilityLocation
7fbbc2	PlayerTutorialFragment__FindComboString	1	PlayerTutorialFragment.FindComboString
7fbc9d	PlayerTutorialTrigger__CollisionContactAdded	1	PlayerTutorialTrigger.CollisionContactAdded
7fbd1a	PlayerTutorialTrigger__debug_show_if_possible	1	PlayerTutorialTrigger.debug_show_if_possible
7fbdeb	PlayerTutorialTrigger__debug_hide	0	PlayerTutorialTrigger.debug_hide
7fbe47	PlayerTutorialTrigger__command_show	1	PlayerTutorialTrigger.command_show
7fbfbf	PlayerTutorialTrigger__command_hide	0	PlayerTutorialTrigger.command_hide
7fc039	PlayerTutorialTrigger__CollisionContactRemoved	1	PlayerTutorialTrigger.CollisionContactRemoved
7fc0b7	PlayerTutorialTrigger__initialize_local	1	PlayerTutorialTrigger.initialize_local
7fc165	PlayerTutorialTrigger__StateActive	1	PlayerTutorialTrigger.StateActive
7fc551	PlayerTutotialHUD__command_show	1	PlayerTutotialHUD.command_show
7fc59a	PlayerTutotialHUD__StateInactive	1	PlayerTutotialHUD.StateInactive
7fc665	PlayerTutotialHUD__command_show	0	PlayerTutotialHUD.command_show
7fc6b8	PlayerTutotialHUD__command_show	0	PlayerTutotialHUD.command_show
7fc6e0	PlayerTutotialHUD__command_disableroot	1	PlayerTutotialHUD.command_disableroot
7fc704	PlayerTutotialHUD__command_enableroot	1	PlayerTutotialHUD.command_enableroot
7fc72b	PlayerTutotialHUD__command_reset	0	PlayerTutotialHUD.command_reset
7fc73f	PlayerTutotialHUD__RecursiveOpacity	1	PlayerTutotialHUD.RecursiveOpacity
7fc7b6	PlaySequence__command_play_forward	0	PlaySequence.command_play_forward
7fc80a	PlaySequence__command_play_back	0	PlaySequence.command_play_back
7fc862	PlaySequence__command_wanted_end	0	PlaySequence.command_wanted_end
7fc8ca	PlaySequence__command_wanted_start	0	PlaySequence.command_wanted_start
7fc936	PlaySequence__command_wanted_dir	1	PlaySequence.command_wanted_dir
7fc9db	PlaySequence__command_reset_start	0	PlaySequence.command_reset_start
7fca00	PlaySequence__command_reset_end	0	PlaySequence.command_reset_end
7fca25	shared_handler_7fca25	0	PlaySequence.command_play_forward; PlaySequence.command_wanted_end
7fca3c	shared_handler_7fca3c	0	PlaySequence.command_play_back; PlaySequence.command_wanted_start
7fca57	PlaySequence__command_wanted_dir	0	PlaySequence.command_wanted_dir
7fca72	ProjectAnimationLib__SizeManipulateDamagePose	1	ProjectAnimationLib.SizeManipulateDamagePose
7fcaee	ProjectAnimationLib__HeightManipulateDamagePose	1	ProjectAnimationLib.HeightManipulateDamagePose
7fcc21	ProjectLib__RegisterAbility	1	ProjectLib.RegisterAbility
7fce12	ProjectLib__GetNumberOfScenes	1	ProjectLib.GetNumberOfScenes
7fce55	ProjectLib__ConvertCheckpointIDToLevel	1	ProjectLib.ConvertCheckpointIDToLevel
7fcead	ProjectLib__ConvertLevelToSceneID	1	ProjectLib.ConvertLevelToSceneID
7fcf45	ProjectLib__ConvertSceneIDToLevel	1	ProjectLib.ConvertSceneIDToLevel
7fcfdc	ProjectLib__TextslotIndexFromSceneId	1	ProjectLib.TextslotIndexFromSceneId
7fd097	ProjectLib__SetTextSlotParams	1	ProjectLib.SetTextSlotParams
7fda70	ProjectLib__RecursiveSetTextSlotParams	1	ProjectLib.RecursiveSetTextSlotParams
7fdb09	ProjectLib__SetTextSlotParam	1	ProjectLib.SetTextSlotParam
7fdbbb	ProjectLib__SetTextSlotParamFromDeviceName	1	ProjectLib.SetTextSlotParamFromDeviceName
7fddb0	ProjectLib__SetTextBoxToAbilityButtons	1	ProjectLib.SetTextBoxToAbilityButtons
7fe130	ProjectLib__RecursiveSetViewportCamera	1	ProjectLib.RecursiveSetViewportCamera
7fe1be	ProjectLib__IsPlayableCharacterPlayer1	1	ProjectLib.IsPlayableCharacterPlayer1
7fe24c	ProjectLib__GetSaveGameType	1	ProjectLib.GetSaveGameType
7fe2c9	ProjectLib__TestDebugMoveToggle	1	ProjectLib.TestDebugMoveToggle
7fe331	ProjectLib__TestDebugAbilityUnlock	1	ProjectLib.TestDebugAbilityUnlock
7fe39a	ProjectLib__TestDebugUberDamageToggle	1	ProjectLib.TestDebugUberDamageToggle
7fe3ff	ProjectLib__TestDebugInfoToggle	1	ProjectLib.TestDebugInfoToggle
7fe467	ProjectLib__TestDebugLocalizationTool	1	ProjectLib.TestDebugLocalizationTool
7fe4a1	ProjectLib__TestDebugTextResFinder	1	ProjectLib.TestDebugTextResFinder
7fe4db	ProjectLib__TestDebugLevelComplete	1	ProjectLib.TestDebugLevelComplete
7fe515	ProjectLib__TestDebugSoakToggle	1	ProjectLib.TestDebugSoakToggle
7fe54f	ProjectLib__TestDebugTeleportPlayer	1	ProjectLib.TestDebugTeleportPlayer
7fe586	ProjectLib__TestDebugTeleportPartner	1	ProjectLib.TestDebugTeleportPartner
7fe5c0	ProjectLib__TestDebugTogglePerformanceBars	1	ProjectLib.TestDebugTogglePerformanceBars
7fe5f7	ProjectLib__TestDebugTogglePhysCap	1	ProjectLib.TestDebugTogglePhysCap
7fe631	ProjectLib__TestDebugToggleHud	1	ProjectLib.TestDebugToggleHud
7fe66b	ProjectLib__TestDebugEarnAchievement	1	ProjectLib.TestDebugEarnAchievement
7fe6a2	shared_handler_7fe6a2	1	ProjectLib.TestDebugGfxOverride; ProjectLib.TestJumpToPhase
7fe6dc	ProjectLib__TestDebugAddonsPhysics	1	ProjectLib.TestDebugAddonsPhysics
7fe716	ProjectLib__TestDynamicObjectsToggle	1	ProjectLib.TestDynamicObjectsToggle
7fe750	ProjectLib__InitializeHierarchy	1	ProjectLib.InitializeHierarchy
7fe7b8	ProjectLib__DeinitializeHierarchy	1	ProjectLib.DeinitializeHierarchy
7fe7e9	ProjectLib__RecursiveInitializeLocal	1	ProjectLib.RecursiveInitializeLocal
7fe85c	ProjectLib__RecursiveInitializeExternal	1	ProjectLib.RecursiveInitializeExternal
7fe8cf	ProjectLib__RecursiveDeinitialize	1	ProjectLib.RecursiveDeinitialize
7fe942	ProjectLib__RecursiveStopModeInitializeExternal	1	ProjectLib.RecursiveStopModeInitializeExternal
7fe9b7	ProjectLib__StopModeInitialize	1	ProjectLib.StopModeInitialize
7fea01	ProjectLib__SetSubHierachyMovementType	1	ProjectLib.SetSubHierachyMovementType
7feab7	ProjectLib__SetRichPresenceData	1	ProjectLib.SetRichPresenceData
7fece5	ragdollBlendBug__start	1	ragdollBlendBug.start
7fed8c	ragdollTest__start	1	ragdollTest.start
7feecb	ReturnToCombatZone__command_entering_combat_zone	0	ReturnToCombatZone.command_entering_combat_zone
7feee6	ReturnToCombatZone__command_force_return	0	ReturnToCombatZone.command_force_return
7feef6	ReturnToCombatZone__command_check_preconditions	1	ReturnToCombatZone.command_check_preconditions
7ff075	ReturnToCombatZone__command_fill_debug_view	1	ReturnToCombatZone.command_fill_debug_view
7ff2b8	ReturnToCombatZone__command_init	1	ReturnToCombatZone.command_init
7ff305	ReturnToCombatZone__StateActive	1	ReturnToCombatZone.StateActive
7ff5f5	ReturnToCombatZone__StopAndTaunt	1	ReturnToCombatZone.StopAndTaunt
8006c9	ReturnToCombatZone__RunBackToZone	1	ReturnToCombatZone.RunBackToZone
800f39	ReturnToCombatZone__ShouldIStandAndTaunt	1	ReturnToCombatZone.ShouldIStandAndTaunt
8010b4	PlayerCtrl__StateAcviteDebug	1	PlayerCtrl.StateAcviteDebug
801778	PlayerHUD__StateActive	1	PlayerHUD.StateActive
801cc8	PlayerHUD__command_got_pickup	1	PlayerHUD.command_got_pickup
8023bd	PlayerHUD__InitProgressionHud	1	PlayerHUD.InitProgressionHud
8024b7	PlayerManager__StateActive	1	PlayerManager.StateActive
802863	PlayerTutotialHUD__StateActive	1	PlayerTutotialHUD.StateActive
802ae8	ProjectAnimationLib__DirectionManipulateDamage	1	ProjectAnimationLib.DirectionManipulateDamage
802c2e	PlayerTutorialFragment__StopModeUpdate	1	PlayerTutorialFragment.StopModeUpdate
8120f6	shared_handler_8120f6	0	CharacterRoot.command_get_character_type; GFXEffectType.command_get_decal_effect_type; GFXEffectType.command_get_gfx_effect_type; GFXEffectType.command_get_particle_effect_type; LevelSceneCtrl.command_in_ingame_menu; PlayerTutorialTrigger.command_get_activator_type; SaveDeviceX360Ctrl.command_has_player_chosen_to_play_without_saving; SequenceTrig.command_is_playing; SoundEffectType.command_get_sound_effect_type
812107	SaveDeviceX360Ctrl__initialize_local	0	SaveDeviceX360Ctrl.initialize_local
81211f	shared_handler_81211f	1	AIDebug._root; AIDebugMarker._root; AIDebug_orchestrator._root; AIDebug_orchestrator_instance._root; AILib._root; AiDef._root; AiSheetChanger._root; AmbienceGroup._root; AnimationBranchTransitionWM._root; AnimationGamepivotDebug._root; AnimationLib._root; AnimationLogLib._root (+211 more)
81217b	SaveHUD__button_debug_save	0	SaveHUD.button_debug_save
81218e	SaveHUD__button_debug_save_completed	1	SaveHUD.button_debug_save_completed
8121ae	SaveHUD__FadeIn	0	SaveHUD.FadeIn
8121e5	SaveHUD__FadeOut	0	SaveHUD.FadeOut
81221f	shared_handler_81221f	0	CharacterCameraStateManager.command_register_camera_data_collector; SceneCtrlLib.LockMenuInput
812231	SceneScope__command_register_sub_scope	1	SceneScope.command_register_sub_scope
81226e	shared_handler_81226e	0	SceneScope.StateActivated; SceneScope.StateDeactivated
8122eb	ScreenFadeCtrl__debug_command_fade_in	0	ScreenFadeCtrl.debug_command_fade_in
8122fe	ScreenFadeCtrl__debug_command_fade_out	0	ScreenFadeCtrl.debug_command_fade_out
812311	SearchLight__command_set_new_target	0	SearchLight.command_set_new_target
812328	SequenceTrig__command_stop_sequence	0	SequenceTrig.command_stop_sequence
812341	SessionLogCtrl__XmlWrite	1	SessionLogCtrl.XmlWrite
812371	SessionLogCtrl__InflictorIdStr	1	SessionLogCtrl.InflictorIdStr
8123b8	SessionLogCtrl__TargetIdStr	1	SessionLogCtrl.TargetIdStr
8123ff	SessionLogCtrl__LogicInputButtonStr	1	SessionLogCtrl.LogicInputButtonStr
812459	SessionLogCtrl__DamageStr	1	SessionLogCtrl.DamageStr
81247f	SessionLogCtrl__IdStr	1	SessionLogCtrl.IdStr
8124a3	SessionLogCtrl__AttackIdStr	0	SessionLogCtrl.AttackIdStr
8124c4	SessionLogCtrl__GetProfile	1	SessionLogCtrl.GetProfile
8124ed	SessionLogCtrl__UseSessionLogging	1	SessionLogCtrl.UseSessionLogging
812546	SessionLogCtrl__GetTwoDecimalInt	1	SessionLogCtrl.GetTwoDecimalInt
8125f4	SaveDeviceX360Ctrl__StateShowX360DeviceSelector	1	SaveDeviceX360Ctrl.StateShowX360DeviceSelector
8127b5	SaveFragment__command_save_fragment	0	SaveFragment.command_save_fragment
812871	SceneSettings__ApplySceneSettings	0	SceneSettings.ApplySceneSettings
8128de	ScreenFadeCtrl__StateActive	1	ScreenFadeCtrl.StateActive
812ab5	ScriptUpdateCtrl__Update	1	ScriptUpdateCtrl.Update
812c40	shared__EntityListListExpand	1	ListLib.EntityListListExpand; ScriptUpdateLib.EntityListListExpand
812cda	SecondaryAttackerEnemy__SetMovement	1	SecondaryAttackerEnemy.SetMovement
812e70	SequenceTrig__command_trig	0	SequenceTrig.command_trig
812ec2	SequenceTrig__command_start_sequence	0	SequenceTrig.command_start_sequence
812efc	SessionLogCtrl___root	1	SessionLogCtrl._root
81309c	rotatePivotNode__initialize_local	1	rotatePivotNode.initialize_local
81310b	SaveDeviceX360Ctrl__command_show_device_selector	0	SaveDeviceX360Ctrl.command_show_device_selector
813163	SaveDeviceX360Ctrl__State_ShowDeviceSelector	1	SaveDeviceX360Ctrl.State_ShowDeviceSelector
813817	SaveDeviceX360Ctrl__command_warning_closed	0	SaveDeviceX360Ctrl.command_warning_closed
813856	SaveHUD__command_saving_started	0	SaveHUD.command_saving_started
8138a8	SaveHUD__initialize_external	1	SaveHUD.initialize_external
813913	SaveHUD__StateActive	1	SaveHUD.StateActive
813b0b	SceneScope__start	1	SceneScope.start
813bf5	SceneScope__StateActivate	1	SceneScope.StateActivate
813f19	SceneScope__None	0	SceneScope.None
813f32	SceneScope__command_deactivate	0	SceneScope.command_deactivate
813f5d	SceneScope__StateDeactivate	1	SceneScope.StateDeactivate
81421d	SceneScope__command_activate	1	SceneScope.command_activate
814270	ScreenFadeCtrl__command_fade_in	0	ScreenFadeCtrl.command_fade_in
81427e	ScreenFadeCtrl__command_fade_out	0	ScreenFadeCtrl.command_fade_out
81428c	ScreenFadeCtrl__command_is_faded_in	0	ScreenFadeCtrl.command_is_faded_in
8142ae	ScreenFadeCtrl__command_is_faded_out	0	ScreenFadeCtrl.command_is_faded_out
8142d0	ScreenFadeCtrl__command_set_value	1	ScreenFadeCtrl.command_set_value
814325	shared_handler_814325	0	PivotController.initialize_external; ScreenFadeCtrl.initialize_local
8148cb	ScriptUpdateCtrl__command_register_manual_resume	1	ScriptUpdateCtrl.command_register_manual_resume
81496b	ScriptUpdateCtrl__command_unregister_manual_resume	1	ScriptUpdateCtrl.command_unregister_manual_resume
814a0b	ScriptUpdateCtrl__command_register_update_event_listener	1	ScriptUpdateCtrl.command_register_update_event_listener
814aa2	ScriptUpdateCtrl__command_unregister_update_event_listener	1	ScriptUpdateCtrl.command_unregister_update_event_listener
814b38	ScriptUpdateCtrl__debug_micro_performance	1	ScriptUpdateCtrl.debug_micro_performance
814da6	ScriptUpdateCtrl__debug_micro_print	1	ScriptUpdateCtrl.debug_micro_print
815018	ScriptUpdateCtrl__debug_charroot	0	ScriptUpdateCtrl.debug_charroot
815030	ScriptUpdateCtrl__preScriptUpdate	1	ScriptUpdateCtrl.preScriptUpdate
8150d9	ScriptUpdateCtrl__postScriptUpdate	1	ScriptUpdateCtrl.postScriptUpdate
81517a	SearchLight__initialize_external	0	SearchLight.initialize_external
8151af	shared__command_check_preconditions	1	CrowdControlPartner.command_check_preconditions; SecondaryAttackerEnemy.command_check_preconditions
8151dd	SecondaryAttackerEnemy__command_init	1	SecondaryAttackerEnemy.command_init
815280	SecondaryAttackerEnemy__command_fill_debug_view	1	SecondaryAttackerEnemy.command_fill_debug_view
815362	SecondaryAttackerEnemy__StateActive	0	SecondaryAttackerEnemy.StateActive
8166ca	shared__command_lost_focus	0	BehaviorAttack.command_lost_focus; BehaviorChase.command_lost_focus; BehaviorEnforceSameHeight.command_lost_focus; BehaviorIdle.command_lost_focus; BehaviorMovementTest.command_lost_focus; BehaviorStepBack.command_lost_focus; ChaseEnemy.command_lost_focus; CircleTargetEnemy02.command_lost_focus; FollowPartner.command_lost_focus; LeaderEnemy.command_lost_focus; SecondaryAttackerEnemy.command_lost_focus; UberRageBehavior.command_lost_focus (+3 more)
8166de	SecondaryAttackerEnemy__GetAllies	0	SecondaryAttackerEnemy.GetAllies
8169e9	SecondaryAttackerEnemy__DetermineForwardHeading	0	SecondaryAttackerEnemy.DetermineForwardHeading
8176dd	SessionLogCtrl__command_game_event	1	SessionLogCtrl.command_game_event
8177c7	SessionLogCtrl__command_log_start_attack	1	SessionLogCtrl.command_log_start_attack
817992	SessionLogCtrl__command_log_block	1	SessionLogCtrl.command_log_block
817a24	SessionLogCtrl__command_log_dodge	1	SessionLogCtrl.command_log_dodge
817ab6	SessionLogCtrl__command_log_combo_performed	1	SessionLogCtrl.command_log_combo_performed
817bfe	SessionLogCtrl__command_level_restart	0	SessionLogCtrl.command_level_restart
817c22	SessionLogCtrl__command_level_quit	0	SessionLogCtrl.command_level_quit
817c46	SessionLogCtrl__command_log_camera_center	1	SessionLogCtrl.command_log_camera_center
817cd8	SessionLogCtrl__command_log_camera_lookat_partner	1	SessionLogCtrl.command_log_camera_lookat_partner
817d6a	SessionLogCtrl__command_log_camera_move	1	SessionLogCtrl.command_log_camera_move
817ebf	SessionLogCtrl__command_log_finishing_move_allowed	1	SessionLogCtrl.command_log_finishing_move_allowed
817fb0	SessionLogCtrl__command_log_finishing_move_deny	1	SessionLogCtrl.command_log_finishing_move_deny
818042	SessionLogCtrl__command_log_finishing_move_perform	1	SessionLogCtrl.command_log_finishing_move_perform
818181	SessionLogCtrl__command_character_enter_area	1	SessionLogCtrl.command_character_enter_area
818278	SessionLogCtrl__command_character_leave_area	1	SessionLogCtrl.command_character_leave_area
81836f	SessionLogCtrl__command_log_button_pressed	1	SessionLogCtrl.command_log_button_pressed
818532	SessionLogCtrl__command_log_ability_begin	1	SessionLogCtrl.command_log_ability_begin
81861c	SessionLogCtrl__command_log_ability_end	1	SessionLogCtrl.command_log_ability_end
818706	SessionLogCtrl__command_log_ability_state	1	SessionLogCtrl.command_log_ability_state
818852	SessionLogCtrl__command_checkpoint_reached	1	SessionLogCtrl.command_checkpoint_reached
8188b7	SessionLogCtrl__initialize_local	1	SessionLogCtrl.initialize_local
818a46	SessionLogCtrl__initialize_external	1	SessionLogCtrl.initialize_external
818ba5	SessionLogCtrl__playmode_end	1	SessionLogCtrl.playmode_end
818bef	SessionLogCtrl__StateActive	1	SessionLogCtrl.StateActive
818d92	SessionLogCtrl__XmlCreate	1	SessionLogCtrl.XmlCreate
818de9	SessionLogCtrl__WriteTag	1	SessionLogCtrl.WriteTag
818e49	SessionLogCtrl__WriteTimedTag	1	SessionLogCtrl.WriteTimedTag
818ef4	SessionLogCtrl__WriteEntityTag	1	SessionLogCtrl.WriteEntityTag
818fac	SessionLogCtrl__XmlClose	1	SessionLogCtrl.XmlClose
819006	SessionLogCtrl__Close	1	SessionLogCtrl.Close
819050	SessionLogCtrl__DumpSessionStart	1	SessionLogCtrl.DumpSessionStart
81911d	SessionLogCtrl__DumpSessionEndString	1	SessionLogCtrl.DumpSessionEndString
819153	SessionLogCtrl__DumpSceneActivated	1	SessionLogCtrl.DumpSceneActivated
8194f5	SessionLogCtrl__DumpSceneDeactivated	1	SessionLogCtrl.DumpSceneDeactivated
819534	SessionLogCtrl__DumpCharacterDamageReceived	1	SessionLogCtrl.DumpCharacterDamageReceived
819726	SessionLogCtrl__DumpCharacterDead	1	SessionLogCtrl.DumpCharacterDead
819909	SessionLogCtrl__DumpLevelComplete	1	SessionLogCtrl.DumpLevelComplete
81999a	SessionLogCtrl__DumpLevelRestart	1	SessionLogCtrl.DumpLevelRestart
819a2b	SessionLogCtrl__DumpLevelQuit	1	SessionLogCtrl.DumpLevelQuit
819abc	SessionLogCtrl__RecursiveDumpCharacterRoot	1	SessionLogCtrl.RecursiveDumpCharacterRoot
819bbe	SessionLogCtrl__DumpCharacterDef	1	SessionLogCtrl.DumpCharacterDef
819d01	SessionLogCtrl__PositionStr	1	SessionLogCtrl.PositionStr
819dc7	SessionLogCtrl__TimeStr	1	SessionLogCtrl.TimeStr
819e27	SessionLogCtrl__GetRealTime	1	SessionLogCtrl.GetRealTime
819f51	rotatePivotNode__None	1	rotatePivotNode.None
81a350	SearchLight__StateActive	0	SearchLight.StateActive
823be4	ScriptUpdateCtrl__initialize_local	1	ScriptUpdateCtrl.initialize_local
823c95	ScriptUpdateCtrl__deinitialize	1	ScriptUpdateCtrl.deinitialize
828c54	SignedInUserChangeX360Ctrl__initialize_local	0	SignedInUserChangeX360Ctrl.initialize_local
828c66	SimpleLobby__SetMessage	1	SimpleLobby.SetMessage
828d3b	SoundDef__Quarantined	1	SoundDef.Quarantined
828e0a	SoundDef__GetDelay	1	SoundDef.GetDelay
828e3a	SoundDef__command_get_child_sounds	1	SoundDef.command_get_child_sounds
828f63	SetTrialMode__start	1	SetTrialMode.start
829045	SignedInUserChangeX360Ctrl__WarningState_UserChanged	1	SignedInUserChangeX360Ctrl.WarningState_UserChanged
829291	SimpleLobby__EnsureSignedInUser	1	SimpleLobby.EnsureSignedInUser
8293df	SimpleLobby__EnsureDeviceIsSelected	1	SimpleLobby.EnsureDeviceIsSelected
829512	SimpleLobby__InitMenuSystem	1	SimpleLobby.InitMenuSystem
829ab8	SimpleLobby__SetColor	1	SimpleLobby.SetColor
829b7c	SimpleLobby__GenerateRandomName	1	SimpleLobby.GenerateRandomName
829c5b	SimpleLobby__GenerateUniqueFilename	1	SimpleLobby.GenerateUniqueFilename
829e8b	SimpleWorld__start	1	SimpleWorld.start
829ec7	SoundCtrl___root	1	SoundCtrl._root
829f70	SoundCtrl__StateActive	0	SoundCtrl.StateActive
82aa0c	SoundCtrl__findSoundStreamPlayer	1	SoundCtrl.findSoundStreamPlayer
82aa63	SoundCtrl__findSoundEffectNode	1	SoundCtrl.findSoundEffectNode
82aacc	SoundCtrl__updateMusicInfo	1	SoundCtrl.updateMusicInfo
82ad5d	SoundDef___root	1	SoundDef._root
82aecf	SoundDef__Active	1	SoundDef.Active
82b44b	SoundDef__None	1	SoundDef.None
82b53d	SoundDef__ChooseChild	1	SoundDef.ChooseChild
82b7a7	SoundEffectType__ApplySubEffect	1	SoundEffectType.ApplySubEffect
82b827	SoundPackageCtrl___root	1	SoundPackageCtrl._root
82b8ea	SoundPackageCtrl__PackageInfo	0	SoundPackageCtrl.PackageInfo
82b9b3	sound_test_play__StateMain	1	sound_test_play.StateMain
82bc77	SettingsState__initialize_local	1	SettingsState.initialize_local
82be66	SettingsState__command_set_default_settings	1	SettingsState.command_set_default_settings
82bf75	SignedInUserChangeX360Ctrl__command_warning_closed	0	SignedInUserChangeX360Ctrl.command_warning_closed
82bfc9	SimpleCamera__start	1	SimpleCamera.start
82c037	SimpleLobby__start	1	SimpleLobby.start
82c209	SimpleLobby__initialize_platform	1	SimpleLobby.initialize_platform
82c437	SimpleLobby__None	0	SimpleLobby.None
82d40b	SimpleLobby__command_messagebox_OK	0	SimpleLobby.command_messagebox_OK
82d463	SimpleLobby__RequestFinished	1	SimpleLobby.RequestFinished
82d807	SimpleLobby__ConsoleUIChanged	0	SimpleLobby.ConsoleUIChanged
82d819	SimpleLobby__SaveDeviceHasChanged	1	SimpleLobby.SaveDeviceHasChanged
82d859	SimpleLobby__SignedInUserHasChanged	0	SimpleLobby.SignedInUserHasChanged
82d888	SimpleLobby__State_MessageBox_OutOfMemory	1	SimpleLobby.State_MessageBox_OutOfMemory
82dbb4	SimpleLobby__State_WaitingForUserToDeleteFromList	1	SimpleLobby.State_WaitingForUserToDeleteFromList
82ddc0	SimpleLobby__State_MessageBoxForceDeviceSelection	1	SimpleLobby.State_MessageBoxForceDeviceSelection
82e1e8	SimpleLobby__DisplayMenuSystem	0	SimpleLobby.DisplayMenuSystem
82e871	SimpleLobby__DisplaySaveGameList	0	SimpleLobby.DisplaySaveGameList
82eea6	SimpleLobby__DisplaySaveGameContent	0	SimpleLobby.DisplaySaveGameContent
82f478	SimpleLobby__DisplayMessageToUser	0	SimpleLobby.DisplayMessageToUser
82f9d9	SimpleWorld__None	1	SimpleWorld.None
82fc74	SoundCtrl__command_register_music_setup	1	SoundCtrl.command_register_music_setup
82fccc	SoundCtrl__command_unregister_music_setup	0	SoundCtrl.command_unregister_music_setup
82fcfb	SoundCtrl__command_get_sound_effect_node	0	SoundCtrl.command_get_sound_effect_node
82fd34	SoundCtrl__command_get_environment_effect	1	SoundCtrl.command_get_environment_effect
82fd58	shared_handler_82fd58	0	CharacterComboString.command_get_playable; SoundCtrl.command_get_master_group; UnderbossCombat.command_get_current_phase_behaviour
82fd6a	SoundCtrl__command_set_master_volume	1	SoundCtrl.command_set_master_volume
82fe68	SoundCtrl__command_get_master_volume	0	SoundCtrl.command_get_master_volume
82fe7d	SoundCtrl__command_set_effects_volume	1	SoundCtrl.command_set_effects_volume
82ffdd	SoundCtrl__command_set_music_volume	1	SoundCtrl.command_set_music_volume
8300e0	SoundCtrl__command_set_voice_volume	1	SoundCtrl.command_set_voice_volume
830240	shared_handler_830240	0	MasterSceneCtrl.command_is_activating_scene; SoundCtrl.command_get_menu_voice_group
830252	shared_handler_830252	0	CameraCharacterTransition.command_is_done; MenuWidgetSelector.command_get_name_textbox; SoundCtrl.command_get_music_group
830264	SoundCtrl__command_get_menu_music_group	0	SoundCtrl.command_get_menu_music_group
830276	SoundCtrl__initialize_local	1	SoundCtrl.initialize_local
8304d5	SoundCtrl__initialize_external	1	SoundCtrl.initialize_external
830579	SoundCtrl__command_game_event	0	SoundCtrl.command_game_event
83063b	SoundCtrl__debug_create_textbox	1	SoundCtrl.debug_create_textbox
830758	SoundCtrl__command_start_music_setup	1	SoundCtrl.command_start_music_setup
8307dc	SoundCtrl__command_stop_music_setup	0	SoundCtrl.command_stop_music_setup
830810	SoundCtrl__command_set_music_track_state_from_reference	1	SoundCtrl.command_set_music_track_state_from_reference
830994	SoundCtrl__command_set_next_default_music_track_state_from_reference	1	SoundCtrl.command_set_next_default_music_track_state_from_reference
830a38	SoundCtrl__command_set_music_setup_from_reference	1	SoundCtrl.command_set_music_setup_from_reference
830aac	SoundCtrl__command_set_music_intensity_definition_from_reference	1	SoundCtrl.command_set_music_intensity_definition_from_reference
830ae2	shared_handler_830ae2	0	MenuWidgetButtonMap.command_get_meta_device; SoundCtrl.command_is_music_playing
830af4	SoundCtrl__command_request_sound_ctrl	0	SoundCtrl.command_request_sound_ctrl
830b95	SoundCtrl__command_release_sound_ctrl	0	SoundCtrl.command_release_sound_ctrl
830c17	SoundCtrl__command_set_group_volume	1	SoundCtrl.command_set_group_volume
830c63	SoundCtrl__command_group_pause	0	SoundCtrl.command_group_pause
830c7a	SoundCtrl__command_group_unpause	0	SoundCtrl.command_group_unpause
830c91	SoundCtrl__command_toggle_menu_pause	1	SoundCtrl.command_toggle_menu_pause
830d47	SoundCtrl__command_cross_fade	1	SoundCtrl.command_cross_fade
830e0c	SoundCtrl__command_stop	1	SoundCtrl.command_stop
830e2a	SoundCtrl__command_stop_all	1	SoundCtrl.command_stop_all
830f03	SoundCtrl__command_stop_entity	1	SoundCtrl.command_stop_entity
830fe5	SoundCtrl__command_is_entity_playing_sound	1	SoundCtrl.command_is_entity_playing_sound
83104a	SoundCtrl__command_damp	1	SoundCtrl.command_damp
831365	SoundDef__command_sounddef_play_all	1	SoundDef.command_sounddef_play_all
831698	SoundDef__command_sounddef_Play	1	SoundDef.command_sounddef_Play
8317a1	SoundDef__command_sounddef_playfade	1	SoundDef.command_sounddef_playfade
8318ae	SoundDef__command_sounddef_PlayPosVolume	1	SoundDef.command_sounddef_PlayPosVolume
8319ac	SoundDef__command_sounddef_PlayPos	1	SoundDef.command_sounddef_PlayPos
831aa9	SoundDef__command_sounddef_PlayPivot	1	SoundDef.command_sounddef_PlayPivot
831bb8	SoundDef__command_sounddef_play_speak	1	SoundDef.command_sounddef_play_speak
831cc8	SoundDef__command_sounddef_PlayController	1	SoundDef.command_sounddef_PlayController
831dab	SoundDef__command_free_sound_controller	1	SoundDef.command_free_sound_controller
831dd4	SoundDef__command_is_playing	1	SoundDef.command_is_playing
831e22	SoundDef__command_play_activator	1	SoundDef.command_play_activator
832103	SoundDef__command_stop	1	SoundDef.command_stop
832287	SoundDef__command_quarantine	1	SoundDef.command_quarantine
83230c	SoundDef__initialize_local	1	SoundDef.initialize_local
8323b9	SoundDef__initialize_external	1	SoundDef.initialize_external
832418	SoundDef__deinitialize	1	SoundDef.deinitialize
832484	SoundDef__button_TestPlayPos	1	SoundDef.button_TestPlayPos
832528	SoundDef__button_TestPlayEntity	1	SoundDef.button_TestPlayEntity
832581	SoundDef__command_hierarcal_get_child_sounds	1	SoundDef.command_hierarcal_get_child_sounds
83260c	SoundDef__FilterExposedProperties	1	SoundDef.FilterExposedProperties
83271c	SoundDef__debug_localization_tool_play_this	1	SoundDef.debug_localization_tool_play_this
832769	shared_handler_832769	1	SoundDef.button_TestStop; SoundDef.debug_localization_tool_stop_this
83279f	shared_handler_83279f	0	CharacterRoot.command_freeze_ragdoll; MainMenuSceneCtrl.callback_trial_mode_refreshed; MainMenuSceneCtrl.command_startup_complete; MasterSceneCtrl.callback_streamblock_load_done; MenuIngameCtrl.callback_trial_mode_refreshed; SceneScope.command_finalize; SoundDef.callback_sound_has_faded_out; StreamBlockTriggerOneShot.callback_streamblock_load_done; TriggerActionBase.command_end_camera_tour
8327b7	SoundDef__command_cancel_callback	0	SoundDef.command_cancel_callback
8327e1	SoundDef__command_quarantine	1	SoundDef.command_quarantine
83283e	SoundDef__command_is_quarantined	0	SoundDef.command_is_quarantined
832860	SoundDef__command_adjust_volume	1	SoundDef.command_adjust_volume
8328b4	SoundEffectType__command_apply_effect	1	SoundEffectType.command_apply_effect
8328fa	shared_handler_8328fa	0	AnimationTransition.initialize_local; AnimationTransitionWM.initialize_local; SoundEffectType.FilterExposedProperties; SoundEffectType.stopmode_initialize_local
83291b	SoundEnvironment__initialize_local	1	SoundEnvironment.initialize_local
832add	SoundGrp__command_remove_sound	1	SoundGrp.command_remove_sound
832b46	SoundGrp__command_stop	1	SoundGrp.command_stop
832bdb	SoundGrp__command_pause	0	SoundGrp.command_pause
832be9	SoundGrp__command_unpause	0	SoundGrp.command_unpause
832bf7	SoundGrp__initialize_local	1	SoundGrp.initialize_local
832c7e	SoundGrp__initialize_external	1	SoundGrp.initialize_external
832ca6	SoundPackageCtrl__command_generate_all_child_collision_type	1	SoundPackageCtrl.command_generate_all_child_collision_type
832e72	SoundPackageCtrl__command_generate_all_collision_type	1	SoundPackageCtrl.command_generate_all_collision_type
83304e	SoundPackageCtrl__initialize_local	1	SoundPackageCtrl.initialize_local
83325a	SoundPackageCtrl__initialize_external	1	SoundPackageCtrl.initialize_external
8333eb	SpeakBuilder__command_create_reply_node	1	SpeakBuilder.command_create_reply_node
8334db	SpeakBuilder__FilterExposedProperties	1	SpeakBuilder.FilterExposedProperties
833655	SpeakBuilder__command_set_name	1	SpeakBuilder.command_set_name
833815	SimpleCamera__None	1	SimpleCamera.None
83a5da	SpeakCtrl__setSpeakGroupEvents	1	SpeakCtrl.setSpeakGroupEvents
83a6e1	SpeakDefinitionUpdate__command_set_name	0	SpeakDefinitionUpdate.command_set_name
83a6f2	SpeakDefinition__findAllVoices	1	SpeakDefinition.findAllVoices
83a767	SpeakDefinition__createVoiceSound	1	SpeakDefinition.createVoiceSound
83a79a	SpeakVoiceDefinition__speakGroupTypeLookup	0	SpeakVoiceDefinition.speakGroupTypeLookup
83a7cb	SpeakVoiceDefinition__speakGroupTypeRefLookup	0	SpeakVoiceDefinition.speakGroupTypeRefLookup
83a7fc	SpriteBar__command_set_full_size_pulse_value	0	SpriteBar.command_set_full_size_pulse_value
83a80e	SpriteWobbler__deinitialize	1	SpriteWobbler.deinitialize
83a837	StreamBlockTriggerOneShot__IsPlayableCharacter	1	StreamBlockTriggerOneShot.IsPlayableCharacter
83a88c	StreamBlockTrigger__IsPlayableCharacter	1	StreamBlockTrigger.IsPlayableCharacter
83a920	SpeakCtrl___root	1	SpeakCtrl._root
83a9c9	SpeakCtrl__getSpeakBuilderEntity	1	SpeakCtrl.getSpeakBuilderEntity
83aa92	SpeakCtrl__isEventInSpeakGroup	1	SpeakCtrl.isEventInSpeakGroup
83ab80	SpeakCtrl__isEventInRequestedEvents	1	SpeakCtrl.isEventInRequestedEvents
83abee	SpeakCtrl__isEventInQuarantine	1	SpeakCtrl.isEventInQuarantine
83ac5c	SpeakCtrl__isEventInQuarantineOnNonePlayers	1	SpeakCtrl.isEventInQuarantineOnNonePlayers
83ad39	SpeakCtrl__isEventPlaying	1	SpeakCtrl.isEventPlaying
83ada7	SpeakCtrl__isEventPlayingOnNonePlayers	1	SpeakCtrl.isEventPlayingOnNonePlayers
83ae84	SpeakCtrl__ShouldIgnoreThisSpeaker	1	SpeakCtrl.ShouldIgnoreThisSpeaker
83afd6	SpeakCtrl__assignSpeakVoiceToSpeaker	1	SpeakCtrl.assignSpeakVoiceToSpeaker
83b08d	SpeakCtrl__determineSpeakGroupType	0	SpeakCtrl.determineSpeakGroupType
83b0a1	SpeakCtrl__CreateDebugTextSprite	1	SpeakCtrl.CreateDebugTextSprite
83b1c1	SpeakCtrl__cleanUp	1	SpeakCtrl.cleanUp
83b223	SpeakCtrl__searchCharacterSpeakDef	1	SpeakCtrl.searchCharacterSpeakDef
83b46d	SpeakDefinitionUpdate__updateSpeakIDType	1	SpeakDefinitionUpdate.updateSpeakIDType
83b794	SpeakDefinition___root	1	SpeakDefinition._root
83b864	SpeakDefinition__createVoiceInfo	1	SpeakDefinition.createVoiceInfo
83baa1	SpeakLib__DetermineSoundCategoryStruct	0	SpeakLib.DetermineSoundCategoryStruct
83bae1	SpriteBar__StateReady	1	SpriteBar.StateReady
83bb8b	SpriteBar__StateMain	1	SpriteBar.StateMain
83c0d3	SpriteUVRotate__FindSprite	1	SpriteUVRotate.FindSprite
83c11a	SpriteWobbler__StateActive	1	SpriteWobbler.StateActive
83c526	StartSequencer__start	0	StartSequencer.start
83c5e1	State2__None	0	State2.None
83c687	staticpathobj__TraversePathObject	1	staticpathobj.TraversePathObject
83c6c5	shared___root	1	AnimationEvent._root; AnimationStateGroup._root; AnimationStateGroupWM._root; CameraCombatSpecialCuts._root; CharacterLodCtrl._root; GroupManager._root; MenuCtrl._root; StreamBlockManager._root; TriggerCharacter._root
83c732	StreamBlockTriggerOneShot__initialize_local	1	StreamBlockTriggerOneShot.initialize_local
83c770	shared___root	1	AnimationClassWM._root; CameraCharacterTransition._root; GfxBlender._root; ScriptUpdateCtrl._root; StreamBlockTrigger._root; TriggerActionBase._root; TriggerConditionCollision._root; UnderBossPlatformCarrier._root
83c7dd	StreamBlockTrigger__BeginStreamBlockLoad	1	StreamBlockTrigger.BeginStreamBlockLoad
83c868	StreamBlockTrigger__BeginStreamBlockUnload	1	StreamBlockTrigger.BeginStreamBlockUnload
83c8ee	SpeakCtrl__command_is_speak_event_ready	1	SpeakCtrl.command_is_speak_event_ready
83ca38	SpeakCtrl__command_stop_speak_and_quarantine	1	SpeakCtrl.command_stop_speak_and_quarantine
83cb73	SpeakCtrl__command_pause	1	SpeakCtrl.command_pause
83cb9b	SpeakCtrl__command_unpause	0	SpeakCtrl.command_unpause
83cbad	SpeakCtrl__command_delete_character	1	SpeakCtrl.command_delete_character
83cd45	SpeakCtrl__commmand_debug_play	1	SpeakCtrl.commmand_debug_play
83ce00	SpeakCtrl__commmand_debug_force_stop	1	SpeakCtrl.commmand_debug_force_stop
83ce25	SpeakCtrl__commmand_register_character_speak	1	SpeakCtrl.commmand_register_character_speak
83cea1	SpeakCtrl__commmand_unregister_character_speak	1	SpeakCtrl.commmand_unregister_character_speak
83cf1c	SpeakCtrl__initialize_local	0	SpeakCtrl.initialize_local
83cf54	SpeakCtrl__initialize_external	1	SpeakCtrl.initialize_external
83cfe5	SpeakCtrl__deinitialize	1	SpeakCtrl.deinitialize
83d038	SpeakCtrl__command_game_event	1	SpeakCtrl.command_game_event
83d0d7	SpeakCtrl__command_initialization	1	SpeakCtrl.command_initialization
83d1e0	SpeakCtrl__command_deinitialization	1	SpeakCtrl.command_deinitialization
83d2aa	SpeakCtrl__stopModeUpdate	0	SpeakCtrl.stopModeUpdate
83d2c0	SpeakCtrl__FilterExposedProperties	1	SpeakCtrl.FilterExposedProperties
83d414	SpeakCtrl__Active	1	SpeakCtrl.Active
83dea0	SpeakCtrl__updateSpeakGroupEvents	1	SpeakCtrl.updateSpeakGroupEvents
83df60	SpeakDefinitionUpdate__command_update_speak_definition	1	SpeakDefinitionUpdate.command_update_speak_definition
83dfab	SpeakDefinitionUpdate__updateSpeakType	1	SpeakDefinitionUpdate.updateSpeakType
83e291	shared__updatedVoice	1	CharacterSpeakDefinitionUpdate.updatedVoice; SpeakDefinitionUpdate.updatedVoice
83e32f	SpeakDefinition__command_fill_speak_def_struct	1	SpeakDefinition.command_fill_speak_def_struct
83e541	SpeakDefinition__initialize_local	0	SpeakDefinition.initialize_local
83e627	SpeakDefinition__commmand_create_voice	1	SpeakDefinition.commmand_create_voice
83e6d5	SpeakLib__DetermineSoundCategory	1	SpeakLib.DetermineSoundCategory
83e764	SpeakVoiceDefinition__command_play_voice	1	SpeakVoiceDefinition.command_play_voice
83e7ec	shared_handler_83e7ec	1	AnimationEvent.initialize_local; BehaviorAnimation.initialize_local; BehaviorAnimationWM.initialize_local; SpeakVoiceDefinition.FilterExposedProperties; SpeakVoiceDefinition.command_find_all_speaks
83e812	SpeakVoiceDefinition__findAllSpeaks	1	SpeakVoiceDefinition.findAllSpeaks
83e965	SpriteBar__command_set_pos	1	SpriteBar.command_set_pos
83e9da	SpriteBar__command_set_bar	1	SpriteBar.command_set_bar
83ea39	SpriteBar__command_set_full_size_pulse	0	SpriteBar.command_set_full_size_pulse
83ea4b	SpriteBar__command_get_interpolated_value	0	SpriteBar.command_get_interpolated_value
83ea66	SpriteBar__command_set_pos	0	SpriteBar.command_set_pos
83ea98	SpriteBar__command_set_bar	1	SpriteBar.command_set_bar
83f3d7	SpriteBar__command_update_chunks	0	SpriteBar.command_update_chunks
83fb4e	SpriteBar__command_update_size	1	SpriteBar.command_update_size
83fc68	SpriteBar__command_update_pulse	1	SpriteBar.command_update_pulse
83fe1f	SpriteBar__command_clear_chunks	0	SpriteBar.command_clear_chunks
83fe93	SpriteStrecher__StateActive	1	SpriteStrecher.StateActive
83ffea	SpriteStrecher__initialize_local	0	SpriteStrecher.initialize_local
8400e5	SpriteUVRotate__FilterExposedProperties	1	SpriteUVRotate.FilterExposedProperties
840198	SpriteUVRotate__button_mirror_u	0	SpriteUVRotate.button_mirror_u
8401f3	SpriteUVRotate__button_mirror_v	0	SpriteUVRotate.button_mirror_v
84024e	SpriteUVRotate__start	1	SpriteUVRotate.start
8402ae	SpriteUVRotate__StateMain	1	SpriteUVRotate.StateMain
840402	SpriteUVRotate__Update	0	SpriteUVRotate.Update
840c7d	SpriteWobbler__initialize_external	1	SpriteWobbler.initialize_external
840d10	State1__RequestFinished	1	State1.RequestFinished
840e12	State1__None	1	State1.None
84106d	StreamBlockManager__command_register_streamblock	1	StreamBlockManager.command_register_streamblock
8410c5	StreamBlockManager__command_unregister_streamblock	1	StreamBlockManager.command_unregister_streamblock
841166	StreamBlockManager__command_get_streamblock_for_loading	1	StreamBlockManager.command_get_streamblock_for_loading
84126f	StreamBlockManager__command_get_streamblock	0	StreamBlockManager.command_get_streamblock
8412b4	StreamBlockManager__command_game_event	1	StreamBlockManager.command_game_event
8412df	StreamBlockManager__initialize_local	0	StreamBlockManager.initialize_local
8412f1	StreamBlockTriggerOneShot__command_trigger_enter	1	StreamBlockTriggerOneShot.command_trigger_enter
84134c	StreamBlockTrigger__initialize_local	1	StreamBlockTrigger.initialize_local
8413bd	StreamBlockTrigger__StopmodeUpdate	0	StreamBlockTrigger.StopmodeUpdate
841406	StreamBlockTrigger__StateMain	1	StreamBlockTrigger.StateMain
84149e	StreamBlockTrigger__DrawAnnotations	0	StreamBlockTrigger.DrawAnnotations
84171e	SpeakCtrl__command_add_speak_event_based_on_enum	1	SpeakCtrl.command_add_speak_event_based_on_enum
8419b3	SpeakCtrl__isEventIgnored	1	SpeakCtrl.isEventIgnored
841a1c	SpeakDefinition__FilterExposedProperties	1	SpeakDefinition.FilterExposedProperties
841c78	StreamBlockTrigger__command_trigger_enter	1	StreamBlockTrigger.command_trigger_enter
841d9d	StreamBlockTrigger__command_trigger_leave	1	StreamBlockTrigger.command_trigger_leave
841ec5	SpriteWobbler__command_viewport_render_begin	1	SpriteWobbler.command_viewport_render_begin
847c78	StreamBlockTriggerOneShot__StateStreamBlockHandling	1	StreamBlockTriggerOneShot.StateStreamBlockHandling
8483ad	StreamBlock__initialize_external	1	StreamBlock.initialize_external
8483e2	StreamBlock__deinitialize	1	StreamBlock.deinitialize
84840b	StringLib__DebugStripToLastSlash	1	StringLib.DebugStripToLastSlash
848526	StringLib__DebugStripFromUnderscore	1	StringLib.DebugStripFromUnderscore
848627	StringLib__LettersOnly	1	StringLib.LettersOnly
848835	SubtitleSlotRegister__initialize_local	1	SubtitleSlotRegister.initialize_local
84885e	SubtitleSlotRegister__deinitialize	1	SubtitleSlotRegister.deinitialize
84892c	TempFolder__ClearChildren	1	TempFolder.ClearChildren
848955	TempRedirect__FilterExposedProperties	1	TempRedirect.FilterExposedProperties
848983	TextBoxTextShrinker__StateMain	1	TextBoxTextShrinker.StateMain
848ab0	TrialTimer__initialize_external	1	TrialTimer.initialize_external
848b43	shared_handler_848b43	0	SoundDef.StateReset; TrialTimer.StateInactive; behaviortempleate.StateActive
848b4c	TriggerActionBase__SetSequenceChildEnabled	1	TriggerActionBase.SetSequenceChildEnabled
848ba8	StringLib__FormatNum	1	StringLib.FormatNum
848d6d	StringLib__AutoNameHack	1	StringLib.AutoNameHack
848fef	StringLib__GetModelNameFromModel	1	StringLib.GetModelNameFromModel
84913b	StringLib__DebugNumDecs	1	StringLib.DebugNumDecs
849249	Subscribetocollision__start	1	Subscribetocollision.start
849280	Subscribetocollision__collision	1	Subscribetocollision.collision
8492fa	SubtitleHUD__command_get_subtitle_slot_for_sound_slot	1	SubtitleHUD.command_get_subtitle_slot_for_sound_slot
849343	SubtitleHUD__StateMain	1	SubtitleHUD.StateMain
84940f	TempLib__EnsureTempFolder	1	TempLib.EnsureTempFolder
8494b7	TextBoxContentSizer__StateMain	1	TextBoxContentSizer.StateMain
849c64	shared_handler_849c64	1	AnimationClass._root; AnimationPlayPosSequencer._root; AnimationVisualisationMouseInput.StateActive; BehaviorAnimation._root; BehaviorEnforceSameHeight._root; CullingBox._root; CullingTester._root; FXGfxEffectCtrl._root; MenuMouseInput.StateActive; OnOffEnemies._root; PlayerCtrl._root; PlayerLookatTrigger._root (+6 more)
849cd1	TriggerActionBase__DisablePlayerCtrl	1	TriggerActionBase.DisablePlayerCtrl
849e59	TriggerActionBase__FindChildSequence	1	TriggerActionBase.FindChildSequence
849ea2	StringLib__DebugWowPct	1	StringLib.DebugWowPct
849fc9	SubtitleHUD__initialize_local	1	SubtitleHUD.initialize_local
84a077	SubtitleHUD__command_game_event	0	SubtitleHUD.command_game_event
84a0ab	SubtitleHUD__command_clear	1	SubtitleHUD.command_clear
84a11c	SubtitleHUD__command_set_slot	1	SubtitleHUD.command_set_slot
84a20c	SubtitleHUD__command_show_subtitle	1	SubtitleHUD.command_show_subtitle
84a2fb	SubtitleHUD__MasterTextslot	1	SubtitleHUD.MasterTextslot
84a3b2	shared_handler_84a3b2	0	LoudSpeaker.command_start_loudspeaker; OverrideGameMode.start; OverrideGameMode.stopmode_begin; SceneSettings.button_apply_scene_settings; SceneSettings.initialize_local; SoundPackageCtrl.command_package_info; TempFolder.start; TempFolder.stopmode_begin
84a3d3	TempFolder__debug_proxy_node	1	TempFolder.debug_proxy_node
84a442	TempFolder__StopModeUpdate	0	TempFolder.StopModeUpdate
84a45c	TempLib__CreateProxyNode	1	TempLib.CreateProxyNode
84a4c6	TestActualBoxSize__StopModeUpdate	1	TestActualBoxSize.StopModeUpdate
84a6ab	TextBoxContentSizer__initialize_local	1	TextBoxContentSizer.initialize_local
84a7b5	TrialTimer__command_game_event	1	TrialTimer.command_game_event
84a860	TrialTimer__StateMain	1	TrialTimer.StateMain
84ae1c	shared_handler_84ae1c	0	MasterSceneCtrl.command_last_level_complete; TrialTimer.callback_trial_mode_refreshed; TriggerCharacter.command_squeeze_under_ended
84ae35	TrialTimer__command_force_end	0	TrialTimer.command_force_end
84ae7f	shared_handler_84ae7f	0	CameraDataCollector.command_get_custom_world_pitch; TriggerActionBase.command_get_delay_number; TriggerActionCharacter.command_get_delay_number; TriggerActionCharacterForceMove.command_get_delay_number; TriggerActionCheckpoint.command_get_delay_number; TriggerActionDelay.command_get_delay_number; TriggerActionGameEvent.command_get_delay_number; TriggerActionGameMode.command_get_delay_number; TriggerActionGeneral.command_get_delay_number; TriggerActionMovie.command_get_delay_number; TriggerActionParticle.command_get_delay_number; TriggerActionSound.command_get_delay_number
84ae91	shared__command_set_delay	0	TriggerActionBase.command_set_delay; TriggerActionCharacter.command_set_delay; TriggerActionCharacterForceMove.command_set_delay; TriggerActionCheckpoint.command_set_delay; TriggerActionDelay.command_set_delay; TriggerActionGameEvent.command_set_delay; TriggerActionGameMode.command_set_delay; TriggerActionGeneral.command_set_delay; TriggerActionMovie.command_set_delay; TriggerActionParticle.command_set_delay; TriggerActionSound.command_set_delay
84aea3	TriggerActionBase__command_fire_action	1	TriggerActionBase.command_fire_action
84aed2	shared__command_fire_child_actions	1	TriggerActionBase.command_fire_child_actions; TriggerActionCharacter.command_fire_child_actions; TriggerActionCharacterForceMove.command_fire_child_actions; TriggerActionCheckpoint.command_fire_child_actions; TriggerActionDelay.command_fire_child_actions; TriggerActionGameEvent.command_fire_child_actions; TriggerActionGameMode.command_fire_child_actions; TriggerActionGeneral.command_fire_child_actions; TriggerActionMovie.command_fire_child_actions; TriggerActionParticle.command_fire_child_actions; TriggerActionSound.command_fire_child_actions
84afa9	shared__initialize_local	1	TriggerActionBase.initialize_local; TriggerActionCharacterForceMove.initialize_local; TriggerActionGameMode.initialize_local
84afca	shared__command_debug_fire	1	TriggerActionBase.command_debug_fire; TriggerActionCharacter.command_debug_fire; TriggerActionCharacterForceMove.command_debug_fire; TriggerActionCheckpoint.command_debug_fire; TriggerActionDelay.command_debug_fire; TriggerActionGameEvent.command_debug_fire; TriggerActionGameMode.command_debug_fire; TriggerActionGeneral.command_debug_fire; TriggerActionMovie.command_debug_fire; TriggerActionParticle.command_debug_fire; TriggerActionSound.command_debug_fire
84afe7	shared__FilterExposedProperties	1	TriggerActionBase.FilterExposedProperties; TriggerActionGameMode.FilterExposedProperties
84b0c0	TriggerActionBase__command_set_camera	1	TriggerActionBase.command_set_camera
84b299	TriggerActionBase__command_fire_action	1	TriggerActionBase.command_fire_action
84b30f	TriggerActionBase__initialize_local	1	TriggerActionBase.initialize_local
84b3d7	TriggerActionBase__deinitialize	1	TriggerActionBase.deinitialize
84b3ff	TriggerActionBase__FilterExposedProperties	1	TriggerActionBase.FilterExposedProperties
84bcca	TriggerActionBase__StateIdle	1	TriggerActionBase.StateIdle
84bde2	TriggerActionBase__command_fire_action	1	TriggerActionBase.command_fire_action
84bed0	TriggerActionBase__StateTour	0	TriggerActionBase.StateTour
84e388	TriggerActionBase__FindPivotControllers	1	TriggerActionBase.FindPivotControllers
84e428	TriggerActionBase__EnablePivotControllers	1	TriggerActionBase.EnablePivotControllers
84e509	TriggerActionBase__SetCameraDirection	1	TriggerActionBase.SetCameraDirection
84e5da	TriggerActionBase__SetCamDirectionForTarget	1	TriggerActionBase.SetCamDirectionForTarget
84e905	TriggerActionBase__RecursiveFindTour	1	TriggerActionBase.RecursiveFindTour
851dc4	TriggerActionCharacter__PlaySpecificAnim	1	TriggerActionCharacter.PlaySpecificAnim
851e71	TriggerActionCharacter__FollowPivot	1	TriggerActionCharacter.FollowPivot
851eac	TriggerActionCharacter__ReviveCharacter	1	TriggerActionCharacter.ReviveCharacter
851ee4	TriggerActionDelay__None	1	TriggerActionDelay.None
851f09	TriggerActionGeneral__TriggerEnable	1	TriggerActionGeneral.TriggerEnable
851f4a	TriggerActionGeneral__TriggerDisable	1	TriggerActionGeneral.TriggerDisable
851f88	TriggerActionGeneral__TriggerSetVisible	0	TriggerActionGeneral.TriggerSetVisible
851fa1	TriggerActionGeneral__TriggerSetInvisible	0	TriggerActionGeneral.TriggerSetInvisible
851fba	TriggerActionGeneral__TriggerTrig	0	TriggerActionGeneral.TriggerTrig
851fd8	TriggerActionGeneral__TriggerChangeMovementType	1	TriggerActionGeneral.TriggerChangeMovementType
85200e	TriggerActionGeneral__TriggerStopSequencer	0	TriggerActionGeneral.TriggerStopSequencer
85202c	TriggerActionGeneral__TriggerResetAmount	0	TriggerActionGeneral.TriggerResetAmount
85204a	TriggerActionGeneral__TriggerIncrementAmount	0	TriggerActionGeneral.TriggerIncrementAmount
85206a	TriggerActionGeneral__TriggerDecrementAmount	0	TriggerActionGeneral.TriggerDecrementAmount
85208a	TriggerActionGeneral__TriggerSetTimeMultiplier	1	TriggerActionGeneral.TriggerSetTimeMultiplier
8520f5	TriggerActionGeneral__ActivateDepthOfField	1	TriggerActionGeneral.ActivateDepthOfField
852235	TriggerActionGeneral__DeActivateDepthOfField	1	TriggerActionGeneral.DeActivateDepthOfField
852363	TriggerActionGeneral__SetSearchLightTarget	1	TriggerActionGeneral.SetSearchLightTarget
85238a	shared_handler_85238a	1	TriggerActionSound.TriggerGroupStop; TriggerActionSound.TriggerSoundStop
8523c1	TriggerActionSound__TriggerGroupPause	1	TriggerActionSound.TriggerGroupPause
8523f1	TriggerActionSound__TriggerGroupUnpause	1	TriggerActionSound.TriggerGroupUnpause
852421	TriggerActionSound__TriggerAllStop	1	TriggerActionSound.TriggerAllStop
85244d	TriggerActionSound__TriggerGroupSetVolume	1	TriggerActionSound.TriggerGroupSetVolume
85248b	TriggerActionSound__TriggerActivateSetMusicSetup	1	TriggerActionSound.TriggerActivateSetMusicSetup
8524bb	TriggerActionSound__TriggerActivateStopMusicSetup	0	TriggerActionSound.TriggerActivateStopMusicSetup
8524e0	TriggerActionSound__TriggerActivateMusicTrackState	1	TriggerActionSound.TriggerActivateMusicTrackState
852524	TriggerActionSound__TriggerActivateSetMusicIntensityDefinition	1	TriggerActionSound.TriggerActivateSetMusicIntensityDefinition
852554	TriggerActionSound__TriggerSetNextDefaultMusicState	1	TriggerActionSound.TriggerSetNextDefaultMusicState
852584	TriggerActionSound__TriggerAdjustSound	1	TriggerActionSound.TriggerAdjustSound
8525b4	shared__UpdateReactivation	1	TriggerConditionBase.UpdateReactivation; TriggerConditionCharacter.UpdateReactivation; TriggerConditionCollision.UpdateReactivation; TriggerConditionGameMode.UpdateReactivation; TriggerConditionLogical.UpdateReactivation; TriggerConditionToggle.UpdateReactivation; TriggerConditionTutorial.UpdateReactivation
8525fd	TriggerConditionCharacter__IsConditionTrue	1	TriggerConditionCharacter.IsConditionTrue
8527ed	TriggerConditionGameEvent__command_game_event	1	TriggerConditionGameEvent.command_game_event
85280f	TriggerActionCharacterForceMove___root	0	TriggerActionCharacterForceMove._root
8528a7	TriggerActionCharacter___root	0	TriggerActionCharacter._root
852982	TriggerActionCharacter__GetTargetCharacterRoot	1	TriggerActionCharacter.GetTargetCharacterRoot
852a28	TriggerActionCharacter__SetAIState	1	TriggerActionCharacter.SetAIState
852a99	TriggerActionCharacter__FreezeActiveRagdoll	1	TriggerActionCharacter.FreezeActiveRagdoll
852b87	TriggerActionCharacter__ForceAnimation	1	TriggerActionCharacter.ForceAnimation
852c72	TriggerActionDelay___root	0	TriggerActionDelay._root
852d2a	TriggerActionDelay__StateMain	1	TriggerActionDelay.StateMain
852ecd	TriggerActionDelay__ActionExecute	1	TriggerActionDelay.ActionExecute
852ff8	TriggerActionDelay__CheckDelayChildNodes	1	TriggerActionDelay.CheckDelayChildNodes
8531f9	TriggerActionGeneral___root	0	TriggerActionGeneral._root
85329f	TriggerActionGeneral__TriggerFlipEnable	1	TriggerActionGeneral.TriggerFlipEnable
8532fa	TriggerActionGeneral__TriggerFlipVisible	0	TriggerActionGeneral.TriggerFlipVisible
853317	TriggerActionGeneral__TriggerStartSequencer	0	TriggerActionGeneral.TriggerStartSequencer
853351	TriggerActionGeneral__ActivateWaypoints	1	TriggerActionGeneral.ActivateWaypoints
85339f	TriggerActionMovie__StartOfMovieFade	1	TriggerActionMovie.StartOfMovieFade
853585	TriggerActionMovie__EndOfMovieFade	1	TriggerActionMovie.EndOfMovieFade
853768	TriggerActionMovie__StateReset	1	TriggerActionMovie.StateReset
853887	TriggerActionParticle__DoParticleEffect	0	TriggerActionParticle.DoParticleEffect
853cdf	TriggerActionParticle__StartParticleEmitter	0	TriggerActionParticle.StartParticleEmitter
853d05	TriggerActionParticle__StopParticleEmitter	0	TriggerActionParticle.StopParticleEmitter
853d2b	TriggerActionSound__PauseSpeakSystem	1	TriggerActionSound.PauseSpeakSystem
853e88	TriggerActionSound__TriggerSoundPlay	1	TriggerActionSound.TriggerSoundPlay
854005	TriggerCharacter__SendEnterCollision	1	TriggerCharacter.SendEnterCollision
854092	TriggerCharacter__SendLeaveCollision	1	TriggerCharacter.SendLeaveCollision
85411f	shared__FireAction	1	TriggerConditionBase.FireAction; TriggerConditionCharacter.FireAction; TriggerConditionCollision.FireAction; TriggerConditionGameMode.FireAction; TriggerConditionLogical.FireAction; TriggerConditionToggle.FireAction; TriggerConditionTutorial.FireAction
8541b2	shared___root	0	TriggerActionMovie._root; TriggerConditionGameEvent._root
85424a	TriggerConditionGameEvent__StateConditionFalse	0	TriggerConditionGameEvent.StateConditionFalse
8542cd	TriggerConditionGameEvent__StateFireActions	1	TriggerConditionGameEvent.StateFireActions
85438c	TriggerActionCharacterForceMove__command_fire_action	0	TriggerActionCharacterForceMove.command_fire_action
8543e9	TriggerActionCharacterForceMove__initialize_external	1	TriggerActionCharacterForceMove.initialize_external
8545d5	TriggerActionCharacterForceMove__FilterExposedProperties	1	TriggerActionCharacterForceMove.FilterExposedProperties
854a1e	TriggerActionCharacterForceMove__RunningState	0	TriggerActionCharacterForceMove.RunningState
855bce	TriggerActionCharacterForceMove__command_terminate	0	TriggerActionCharacterForceMove.command_terminate
855be2	TriggerActionCharacterForceMove__command_check_auto_terminate	1	TriggerActionCharacterForceMove.command_check_auto_terminate
855cd4	TriggerActionCharacterForceMove__FindClosestPointIndex	0	TriggerActionCharacterForceMove.FindClosestPointIndex
855ecb	TriggerActionCharacter__initialize_local	1	TriggerActionCharacter.initialize_local
855f7b	TriggerActionCharacter__command_fire_action	1	TriggerActionCharacter.command_fire_action
855fb9	TriggerActionCharacter__TeleportCharacter	1	TriggerActionCharacter.TeleportCharacter
856137	TriggerActionCharacter__FilterExposedProperties	0	TriggerActionCharacter.FilterExposedProperties
85adb0	TriggerActionCharacter__command_has_trigger_error	1	TriggerActionCharacter.command_has_trigger_error
85b3ac	TriggerActionCharacter__command_debug_fix_height_of_placement	1	TriggerActionCharacter.command_debug_fix_height_of_placement
85b685	TriggerActionCharacter__StateDelayedTeleport	1	TriggerActionCharacter.StateDelayedTeleport
85b858	TriggerActionCharacter__ActionExecute	0	TriggerActionCharacter.ActionExecute
85cc72	TriggerActionCharacter__KillCharacter	1	TriggerActionCharacter.KillCharacter
85cd2d	TriggerActionCharacter__RecursiveSetCharActivationState	1	TriggerActionCharacter.RecursiveSetCharActivationState
85cf7b	TriggerActionCharacter__CheckPivotHeightOverGround	1	TriggerActionCharacter.CheckPivotHeightOverGround
85d2a3	TriggerActionCheckpoint__command_fire_action	1	TriggerActionCheckpoint.command_fire_action
85d2de	TriggerActionCheckpoint__command_restore_checkpoint	1	TriggerActionCheckpoint.command_restore_checkpoint
85d2fd	TriggerActionCheckpoint__initialize_local	1	TriggerActionCheckpoint.initialize_local
85d35d	TriggerActionCheckpoint__deinitialize	1	TriggerActionCheckpoint.deinitialize
85d38c	TriggerActionCheckpoint__FilterExposedProperties	0	TriggerActionCheckpoint.FilterExposedProperties
85d3a0	TriggerActionDelay__initialize_local	0	TriggerActionDelay.initialize_local
85d412	TriggerActionDelay__button_fire_action	1	TriggerActionDelay.button_fire_action
85d43d	TriggerActionDelay__command_fire_action	1	TriggerActionDelay.command_fire_action
85d47b	TriggerActionDelay__command_add_pending_action	1	TriggerActionDelay.command_add_pending_action
85d4f9	TriggerActionDelay__command_kill_pending_action	1	TriggerActionDelay.command_kill_pending_action
85d59c	TriggerActionDelay__command_rebuild_child_action_list	1	TriggerActionDelay.command_rebuild_child_action_list
85d645	TriggerActionDelay__GetDelayNumber	0	TriggerActionDelay.GetDelayNumber
85d73c	TriggerActionDelay__SetDelayFromChild	0	TriggerActionDelay.SetDelayFromChild
85d861	TriggerActionDelay__FilterExposedProperties	1	TriggerActionDelay.FilterExposedProperties
85df35	TriggerActionGameEvent__initialize_local	0	TriggerActionGameEvent.initialize_local
85df54	TriggerActionGameEvent__command_fire_action	1	TriggerActionGameEvent.command_fire_action
85dfcb	TriggerActionGameEvent__FilterExposedProperties	1	TriggerActionGameEvent.FilterExposedProperties
85e246	TriggerActionGameEvent__button_fire_action	1	TriggerActionGameEvent.button_fire_action
85e286	TriggerActionGameMode__command_fire_action	1	TriggerActionGameMode.command_fire_action
85e334	TriggerActionGeneral__initialize_local	0	TriggerActionGeneral.initialize_local
85e353	TriggerActionGeneral__button_fire_action	1	TriggerActionGeneral.button_fire_action
85e37e	TriggerActionGeneral__command_fire_action	1	TriggerActionGeneral.command_fire_action
85e3e8	TriggerActionGeneral__FilterExposedProperties	1	TriggerActionGeneral.FilterExposedProperties
85f5da	TriggerActionGeneral__command_has_trigger_error	1	TriggerActionGeneral.command_has_trigger_error
85f77b	TriggerActionGeneral__ActionExecute	1	TriggerActionGeneral.ActionExecute
85fa03	TriggerActionGeneral__TriggerResetCondition	1	TriggerActionGeneral.TriggerResetCondition
85fa76	TriggerActionGeneral__ResetConditionChild	1	TriggerActionGeneral.ResetConditionChild
85fb31	TriggerActionMovie__initialize_local	1	TriggerActionMovie.initialize_local
85fb89	TriggerActionMovie__button_fire_action	1	TriggerActionMovie.button_fire_action
85fba9	TriggerActionMovie__command_fire_action	1	TriggerActionMovie.command_fire_action
85fbd8	TriggerActionMovie__command_play_movie	0	TriggerActionMovie.command_play_movie
85fc30	TriggerActionMovie__command_game_event	0	TriggerActionMovie.command_game_event
85fc64	TriggerActionMovie__FilterExposedProperties	1	TriggerActionMovie.FilterExposedProperties
85fd53	TriggerActionMovie__command_has_trigger_error	1	TriggerActionMovie.command_has_trigger_error
85fdae	TriggerActionMovie__StatePlayMovie	1	TriggerActionMovie.StatePlayMovie
860306	TriggerActionParticle__initialize_local	0	TriggerActionParticle.initialize_local
860325	TriggerActionParticle__command_fire_action	1	TriggerActionParticle.command_fire_action
86038f	TriggerActionParticle__FilterExposedProperties	1	TriggerActionParticle.FilterExposedProperties
861445	TriggerActionParticle__ActionExecute	1	TriggerActionParticle.ActionExecute
8614bf	TriggerActionSound__initialize_local	0	TriggerActionSound.initialize_local
8614de	TriggerActionSound__button_fire_action	1	TriggerActionSound.button_fire_action
86150a	TriggerActionSound__command_fire_action	1	TriggerActionSound.command_fire_action
861583	TriggerActionSound__command_sound_done	1	TriggerActionSound.command_sound_done
8615ae	TriggerActionSound__command_pause_speak_system	0	TriggerActionSound.command_pause_speak_system
861606	TriggerActionSound__FilterExposedProperties	1	TriggerActionSound.FilterExposedProperties
862b11	TriggerActionSound__deinitialize	1	TriggerActionSound.deinitialize
862b37	TriggerActionSound__command_has_trigger_error	0	TriggerActionSound.command_has_trigger_error
862b6c	TriggerActionSound__ActionExecute	1	TriggerActionSound.ActionExecute
862d02	shared_handler_862d02	1	TriggerActionBase.command_register_child_action; TriggerActionCharacter.command_register_child_action; TriggerActionCharacterForceMove.command_register_child_action; TriggerActionCheckpoint.command_register_child_action; TriggerActionDelay.command_register_child_action; TriggerActionGameEvent.command_register_child_action; TriggerActionGameMode.command_register_child_action; TriggerActionGeneral.command_register_child_action; TriggerActionMovie.command_register_child_action; TriggerActionParticle.command_register_child_action; TriggerActionSound.command_register_child_action; TriggerCharacter.command_register_collision_listener
862d30	TriggerCharacter__command_unregister_collision_listener	1	TriggerCharacter.command_unregister_collision_listener
862d9c	TriggerCharacter__command_debug_fire_actions	1	TriggerCharacter.command_debug_fire_actions
862e84	TriggerCharacter__command_point_added	1	TriggerCharacter.command_point_added
8631b7	TriggerCharacter__command_point_removed	1	TriggerCharacter.command_point_removed
863298	TriggerCharacter__initialize_local	1	TriggerCharacter.initialize_local
8632cf	shared__command_debug_fire_actions	1	TriggerConditionBase.command_debug_fire_actions; TriggerConditionCharacter.command_debug_fire_actions; TriggerConditionCollision.command_debug_fire_actions; TriggerConditionGameMode.command_debug_fire_actions; TriggerConditionLogical.command_debug_fire_actions; TriggerConditionToggle.command_debug_fire_actions; TriggerConditionTutorial.command_debug_fire_actions
8632fa	TriggerConditionBase__initialize_local	1	TriggerConditionBase.initialize_local
8633c5	TriggerConditionCharacter__initialize_local	0	TriggerConditionCharacter.initialize_local
8633e4	TriggerConditionCharacter__initialize_external	0	TriggerConditionCharacter.initialize_external
863437	TriggerConditionCharacter__FilterExposedProperties	1	TriggerConditionCharacter.FilterExposedProperties
8635e4	TriggerConditionCharacter__StateFalse	1	TriggerConditionCharacter.StateFalse
863713	TriggerConditionCharacter__StateTrue	1	TriggerConditionCharacter.StateTrue
863875	TriggerConditionCollision__command_point_added	1	TriggerConditionCollision.command_point_added
863b29	TriggerConditionCollision__command_point_removed	1	TriggerConditionCollision.command_point_removed
863b9d	TriggerConditionCollision__command_remove_character	1	TriggerConditionCollision.command_remove_character
863c0f	TriggerConditionCollision__command_game_event	1	TriggerConditionCollision.command_game_event
863c8a	TriggerConditionCollision__initialize_local	1	TriggerConditionCollision.initialize_local
863d2f	TriggerConditionCollision__initialize_external	0	TriggerConditionCollision.initialize_external
863d82	TriggerConditionCollision__deinitialize	1	TriggerConditionCollision.deinitialize
863dd6	TriggerConditionCollision__FilterExposedProperties	1	TriggerConditionCollision.FilterExposedProperties
863ed5	TriggerConditionCollision__StateInactive	1	TriggerConditionCollision.StateInactive
86402f	TriggerConditionCollision__command_intruder_added	0	TriggerConditionCollision.command_intruder_added
864063	TriggerConditionCollision__StateActive	1	TriggerConditionCollision.StateActive
864377	TriggerConditionCollision__command_intruder_removed	0	TriggerConditionCollision.command_intruder_removed
8643c2	TriggerConditionCollision__RemoveIntruder	1	TriggerConditionCollision.RemoveIntruder
86446b	TriggerConditionGameEvent__initialize_local	1	TriggerConditionGameEvent.initialize_local
86448a	TriggerConditionGameEvent__initialize_external	1	TriggerConditionGameEvent.initialize_external
86458d	TriggerConditionGameEvent__FilterExposedProperties	1	TriggerConditionGameEvent.FilterExposedProperties
86481c	TriggerConditionGameEvent__StateConditionTrue	1	TriggerConditionGameEvent.StateConditionTrue
8649ec	TriggerConditionGameEvent__command_reset_trigger	0	TriggerConditionGameEvent.command_reset_trigger
864a3d	TriggerConditionGameEvent__command_trig_condition	0	TriggerConditionGameEvent.command_trig_condition
864a94	TriggerConditionGameEvent__command_reset_trigger	0	TriggerConditionGameEvent.command_reset_trigger
864ab5	TriggerConditionGameEvent__command_trig_condition	0	TriggerConditionGameEvent.command_trig_condition
864b0c	shared_handler_864b0c	0	MusicPlayer.command_get_current_setup; TriggerConditionGameMode.command_condition_true; UnderBossPlatformCarrier.command_get_platform
864b1e	TriggerConditionGameMode__initialize_local	0	TriggerConditionGameMode.initialize_local
864b3d	TriggerConditionGameMode__initialize_external	1	TriggerConditionGameMode.initialize_external
864c2a	TriggerConditionGameMode__FilterExposedProperties	1	TriggerConditionGameMode.FilterExposedProperties
86dc43	shared__ResetChildren	0	TriggerConditionGameEvent.ResetChildren; TriggerConditionTrue.ResetChildren; TriggerConditionVisibility.ResetChildren
86dc79	TriggerConditionVisibility__CanBeUsed	0	TriggerConditionVisibility.CanBeUsed
86dca5	TriggerConditionVisibility__SetPassiveModel	0	TriggerConditionVisibility.SetPassiveModel
86dcc4	TriggerConditionVisibility__SetGlowingModel	0	TriggerConditionVisibility.SetGlowingModel
86dce3	TriggerConditionVisibility__UpdateMaxDistSqrt	0	TriggerConditionVisibility.UpdateMaxDistSqrt
86dcf6	TriggerStaticPathObj__initialize_local	0	TriggerStaticPathObj.initialize_local
86dd2f	TriggerStopmodeWM__CreateNodeHere	1	TriggerStopmodeWM.CreateNodeHere
86de18	TriggerTutorial__command_menu_button_triggered	0	TriggerTutorial.command_menu_button_triggered
86de2b	TriggerTutorial__deinitialize	1	TriggerTutorial.deinitialize
86de58	TriggerConditionLogical__IsConditionTrue	1	TriggerConditionLogical.IsConditionTrue
86df18	TriggerConditionTrue__StateFireActions	1	TriggerConditionTrue.StateFireActions
86e04e	TriggerConditionTrue__None	1	TriggerConditionTrue.None
86e0ca	TriggerConditionTutorial___root	0	TriggerConditionTutorial._root
86e17c	TriggerConditionTutorial__StateFalse	1	TriggerConditionTutorial.StateFalse
86e270	TriggerConditionVisibility___root	1	TriggerConditionVisibility._root
86e319	TriggerConditionVisibility__StateFireActions	1	TriggerConditionVisibility.StateFireActions
86e46a	TriggerCounterScript__ResetCounter	0	TriggerCounterScript.ResetCounter
86e4e6	TriggerCounterScript__CheckForPassedStartValue	1	TriggerCounterScript.CheckForPassedStartValue
86e615	TriggerOscillateBox___root	1	TriggerOscillateBox._root
86e6c4	TriggerOscillateBox__FindCharacterRoot	1	TriggerOscillateBox.FindCharacterRoot
86e707	TriggerStaticPathObj__GetEdgeCost	1	TriggerStaticPathObj.GetEdgeCost
86e7a8	shared_handler_86e7a8	1	AnimationDataWM.StateDebug; DoorPathObject._root; TriggerStopmodeWM._root; anon_0x5e23cb.StateDebug
86e815	TriggerStopmodeWM__TestTransitionIntegrity	1	TriggerStopmodeWM.TestTransitionIntegrity
86e892	TriggerStopmodeWM__FindThinCollision	1	TriggerStopmodeWM.FindThinCollision
86e9b1	TriggerThreshold__initialize_local	1	TriggerThreshold.initialize_local
86eaa6	TriggerTutorial__StateMain	1	TriggerTutorial.StateMain
86ebaa	TriggerUniqueEffect___root	1	TriggerUniqueEffect._root
86ec53	TriggerUseFragment___root	1	TriggerUseFragment._root
86ecf8	TriggerUseFragment__FindTrigger	1	TriggerUseFragment.FindTrigger
86ed35	shared_handler_86ed35	1	SoundCtrl.command_register_sound_effect_node; TriggerConditionLogical.command_register_condition; TriggerConditionToggle.command_register_condition
86ed63	TriggerConditionLogical__initialize_local	0	TriggerConditionLogical.initialize_local
86ed82	TriggerConditionLogical__initialize_external	0	TriggerConditionLogical.initialize_external
86edd5	TriggerConditionLogical__StateFalse	1	TriggerConditionLogical.StateFalse
86ef07	TriggerConditionLogical__command_child_condition_changed	1	TriggerConditionLogical.command_child_condition_changed
86ef55	TriggerConditionLogical__StateTrue	1	TriggerConditionLogical.StateTrue
86f0e9	TriggerConditionLogical__command_child_condition_changed	1	TriggerConditionLogical.command_child_condition_changed
86f137	TriggerConditionToggle__initialize_local	0	TriggerConditionToggle.initialize_local
86f156	TriggerConditionToggle__initialize_external	0	TriggerConditionToggle.initialize_external
86f205	shared_handler_86f205	1	DelayedEmitterActivator.command_fade_emitters; TriggerConditionToggle.debug_fire_action
86f223	TriggerConditionToggle__FilterExposedProperties	1	TriggerConditionToggle.FilterExposedProperties
86f318	TriggerConditionToggle__StateFalse	1	TriggerConditionToggle.StateFalse
86f436	TriggerConditionToggle__command_fire_action	1	TriggerConditionToggle.command_fire_action
86f495	TriggerConditionToggle__StateTrue	1	TriggerConditionToggle.StateTrue
86f5b3	TriggerConditionToggle__command_fire_action	1	TriggerConditionToggle.command_fire_action
86f612	TriggerConditionTrue__initialize_external	0	TriggerConditionTrue.initialize_external
86f662	TriggerConditionTrue__command_reset_trigger	1	TriggerConditionTrue.command_reset_trigger
86f6e0	TriggerConditionTrue__FilterExposedProperties	1	TriggerConditionTrue.FilterExposedProperties
86f7d3	TriggerConditionTrue__StateMain	1	TriggerConditionTrue.StateMain
86f83e	TriggerConditionTrue__StateConditionTrue	1	TriggerConditionTrue.StateConditionTrue
86f9ae	TriggerConditionTrue__StateConditionFalse	0	TriggerConditionTrue.StateConditionFalse
86fa77	TriggerConditionTutorial__command_register_condition	1	TriggerConditionTutorial.command_register_condition
86faa5	shared_handler_86faa5	0	TriggerConditionTutorial.command_tutorial_starting; WeaponBase.command_detach
86faf8	TriggerConditionTutorial__initialize_local	0	TriggerConditionTutorial.initialize_local
86fb17	TriggerConditionTutorial__initialize_external	1	TriggerConditionTutorial.initialize_external
86fbbe	TriggerConditionTutorial__deinitialize	1	TriggerConditionTutorial.deinitialize
86fbeb	TriggerConditionTutorial__FilterExposedProperties	1	TriggerConditionTutorial.FilterExposedProperties
86ff57	TriggerConditionTutorial__command_tutorial_event	1	TriggerConditionTutorial.command_tutorial_event
870186	TriggerConditionTutorial__command_update_textbox	0	TriggerConditionTutorial.command_update_textbox
8704a3	TriggerConditionTutorial__StateTrue	1	TriggerConditionTutorial.StateTrue
8705b0	TriggerConditionVisibility__command_can_be_used	1	TriggerConditionVisibility.command_can_be_used
8705de	TriggerConditionVisibility__command_trigger_running	0	TriggerConditionVisibility.command_trigger_running
87060b	TriggerConditionVisibility__initialize_local	1	TriggerConditionVisibility.initialize_local
870735	TriggerConditionVisibility__initialize_external	1	TriggerConditionVisibility.initialize_external
8707ea	TriggerConditionVisibility__deinitialize	1	TriggerConditionVisibility.deinitialize
870836	TriggerConditionVisibility__stopmode_begin	0	TriggerConditionVisibility.stopmode_begin
870857	TriggerConditionVisibility__FilterExposedProperties	1	TriggerConditionVisibility.FilterExposedProperties
8708b3	TriggerConditionVisibility__StateFalse	1	TriggerConditionVisibility.StateFalse
870baf	TriggerConditionVisibility__command_trigger_use_condition	1	TriggerConditionVisibility.command_trigger_use_condition
870c0e	TriggerConditionVisibility__StateTrue	1	TriggerConditionVisibility.StateTrue
870e26	TriggerCounterScript__command_increment	1	TriggerCounterScript.command_increment
870e59	TriggerCounterScript__command_decrement	1	TriggerCounterScript.command_decrement
870e8f	TriggerFireBarrelEffect__command_reset_oscillation	0	TriggerFireBarrelEffect.command_reset_oscillation
87113c	TriggerFireBarrelEffect__command_collision	1	TriggerFireBarrelEffect.command_collision
8713d5	TriggerFireBarrelEffect__initialize_local	1	TriggerFireBarrelEffect.initialize_local
8715b4	TriggerFireBarrelEffect__deinitialize	1	TriggerFireBarrelEffect.deinitialize
8715f2	TriggerFireBarrelEffect__command_debug	0	TriggerFireBarrelEffect.command_debug
87160d	TriggerKill__command_point_added	1	TriggerKill.command_point_added
8717fd	TriggerKill__initialize_local	1	TriggerKill.initialize_local
871861	TriggerKill__None	1	TriggerKill.None
8718e6	TriggerOscillateBox__command_reset_oscillation	0	TriggerOscillateBox.command_reset_oscillation
871b96	TriggerOscillateBox__command_collision	1	TriggerOscillateBox.command_collision
872402	TriggerOscillateBox__initialize_local	1	TriggerOscillateBox.initialize_local
87268d	TriggerOscillateBox__deinitialize	1	TriggerOscillateBox.deinitialize
8726cb	TriggerOscillateBox__command_debug	0	TriggerOscillateBox.command_debug
8726e6	TriggerSendEnableDisable__command_got_enabled	1	TriggerSendEnableDisable.command_got_enabled
872710	TriggerSendEnableDisable__command_got_disabled	1	TriggerSendEnableDisable.command_got_disabled
87273a	TriggerSendEnableDisable__SendCommandEnabled	1	TriggerSendEnableDisable.SendCommandEnabled
8727ac	TriggerSendEnableDisable__SendCommandDisabled	1	TriggerSendEnableDisable.SendCommandDisabled
87281e	TriggerStopmodeWM__stopmode_begin	1	TriggerStopmodeWM.stopmode_begin
872876	TriggerStopmodeWM__button_create_condition_collision	1	TriggerStopmodeWM.button_create_condition_collision
8728c4	TriggerStopmodeWM__button_create_condition_gameevent	1	TriggerStopmodeWM.button_create_condition_gameevent
872912	TriggerStopmodeWM__button_create_condition_true	1	TriggerStopmodeWM.button_create_condition_true
872960	TriggerStopmodeWM__button_create_action_delay	1	TriggerStopmodeWM.button_create_action_delay
8729ae	TriggerStopmodeWM__button_create_action_general	1	TriggerStopmodeWM.button_create_action_general
8729fc	TriggerStopmodeWM__button_create_action_character	1	TriggerStopmodeWM.button_create_action_character
872a4a	TriggerStopmodeWM__button_create_action_sound	1	TriggerStopmodeWM.button_create_action_sound
872a98	TriggerStopmodeWM__button_create_action_particle	1	TriggerStopmodeWM.button_create_action_particle
872ae6	TriggerStopmodeWM__button_create_action_gameevent	1	TriggerStopmodeWM.button_create_action_gameevent
872b34	TriggerStopmodeWM__button_select_bad_entityref	1	TriggerStopmodeWM.button_select_bad_entityref
872b6d	TriggerStopmodeWM__button_select_next_bad_entityref	1	TriggerStopmodeWM.button_select_next_bad_entityref
872bc2	TriggerStopmodeWM__button_find_thin_collision	1	TriggerStopmodeWM.button_find_thin_collision
872c63	TriggerStopmodeWM__TestIntegrityRecursive	1	TriggerStopmodeWM.TestIntegrityRecursive
872d0f	TriggerTutorial__command_trig	1	TriggerTutorial.command_trig
872d73	TriggerTutorial__initialize_external	1	TriggerTutorial.initialize_external
872dd8	TriggerTutorial__RecursiveTutorialStarting	1	TriggerTutorial.RecursiveTutorialStarting
872e4a	TriggerUniqueEffect__command_point_added	1	TriggerUniqueEffect.command_point_added
87320b	TriggerUniqueEffect__initialize_local	1	TriggerUniqueEffect.initialize_local
87326f	TriggerUseFragment__command_return_height_list	1	TriggerUseFragment.command_return_height_list
8733f3	TriggerUseFragment__command_fire_start_action	1	TriggerUseFragment.command_fire_start_action
873419	TriggerUseFragment__initialize_local	1	TriggerUseFragment.initialize_local
873529	TriggerUseFragment__command_find_trigger	0	TriggerUseFragment.command_find_trigger
873568	TriggerUseFragment__FilterExposedProperties	1	TriggerUseFragment.FilterExposedProperties
873e94	TriggerConditionVisibility__command_is_visibility_trigger_allowed	0	TriggerConditionVisibility.command_is_visibility_trigger_allowed
874795	TriggerFireBarrelEffect__Active	1	TriggerFireBarrelEffect.Active
874b7a	TriggerOscillateBox__Active	1	TriggerOscillateBox.Active
879b60	TriggerCharacter__IsFrozen	0	TriggerCharacter.IsFrozen
879b87	TriggerCharacter__UpdateReactivation	1	TriggerCharacter.UpdateReactivation
879bdb	TriggerCharacter__FireInternalActivateAction	1	TriggerCharacter.FireInternalActivateAction
879c07	TriggerCharacter__FireExternalActivateAction	1	TriggerCharacter.FireExternalActivateAction
879c3e	TriggerCharacter__FireProgressAction	1	TriggerCharacter.FireProgressAction
879c6a	TriggerCharacter__FireCancelAction	1	TriggerCharacter.FireCancelAction
879c96	TriggerCharacter__FireInternalReleaseAction	1	TriggerCharacter.FireInternalReleaseAction
879cc2	TriggerCharacter__FireExternalReleaseAction	1	TriggerCharacter.FireExternalReleaseAction
879cf9	TriggerCharacter__SetSequenceTime	0	TriggerCharacter.SetSequenceTime
879d3b	TriggerCharacter__SetModelVisible	0	TriggerCharacter.SetModelVisible
879d6b	TriggerCharacter__HasModels	0	TriggerCharacter.HasModels
879d82	TriggerCharacter__DetermineUsedModel	0	TriggerCharacter.DetermineUsedModel
879d9b	UberRageBehavior__StateActive	1	UberRageBehavior.StateActive
879e74	UberRageBehavior__command_init	1	UberRageBehavior.command_init
879ea1	UberRageBehavior__command_check_preconditions	0	UberRageBehavior.command_check_preconditions
879ecb	UnderbossCombat__SetBehavior	0	UnderbossCombat.SetBehavior
879f18	UnderbossCombat__FireEventOnPhaseChange	1	UnderbossCombat.FireEventOnPhaseChange
879f8a	UnderbossCombat__HandleHealthBar	1	UnderbossCombat.HandleHealthBar
87a03d	shared__JustifyHealth	1	EnemyDef.JustifyHealth; UnderbossDef.JustifyHealth
87a1c2	UnderbossDef__JustifyHangBack	0	UnderbossDef.JustifyHangBack
87a207	UnderbossDef__JustifyAttackReaction	1	UnderbossDef.JustifyAttackReaction
87a3d4	UnderbossDef__JustifyProbAttack	1	UnderbossDef.JustifyProbAttack
87a534	UnderbossDef__JustifyTimeBetweenSideStep	1	UnderbossDef.JustifyTimeBetweenSideStep
87a56f	UnderbossDef__JustifyDamageModifier	1	UnderbossDef.JustifyDamageModifier
87a5d0	UnderbossFlee__GetNewFleeDistSquared	1	UnderbossFlee.GetNewFleeDistSquared
87a663	UnderbossFlee__StopFleeing	1	UnderbossFlee.StopFleeing
87a6c3	UnderbossFlee__IsNeighbours	0	UnderbossFlee.IsNeighbours
87a6e5	UnderbossLib__GetAttackTargetOfEnemy	0	UnderbossLib.GetAttackTargetOfEnemy
87a6ff	UnderbossPhase1__UnderBossDeath	1	UnderbossPhase1.UnderBossDeath
87a7b8	Underboss__SetState	0	Underboss.SetState
87a823	TriggerCharacter___root	0	TriggerCharacter._root
87a890	TriggerCharacter__IsActivatorQuarantined	1	TriggerCharacter.IsActivatorQuarantined
87a980	TriggerCharacter__SetFollowPivot	1	TriggerCharacter.SetFollowPivot
87aa0c	TriggerCharacter__StopFollow	1	TriggerCharacter.StopFollow
87aa77	TriggerCharacter__FindParentFragment	1	TriggerCharacter.FindParentFragment
87aac0	twilightladybackflipbehavior__StateCounterAttackAndBreak	1	twilightladybackflipbehavior.StateCounterAttackAndBreak
87ac18	TwilightLadyrHeadCtrl__UpdateHeadBone	1	TwilightLadyrHeadCtrl.UpdateHeadBone
87acbf	UnderbossCombat___root	0	UnderbossCombat._root
87ad65	shared__JustifyZones	1	EnemyDef.JustifyZones; UnderbossDef.JustifyZones
87ade4	UnderbossDef__FilterComboEntity	1	UnderbossDef.FilterComboEntity
87b21e	UnderbossFlee___root	0	UnderbossFlee._root
87b2c2	UnderbossFlee__IsFleeing	1	UnderbossFlee.IsFleeing
87b2f0	UnderbossFlee__StartFleeing	1	UnderbossFlee.StartFleeing
87b363	UnderbossLib__IsTargetValid	0	UnderbossLib.IsTargetValid
87b39d	UnderbossMovement___root	0	UnderbossMovement._root
87b443	UnderbossPhase1___root	1	UnderbossPhase1._root
87b51d	UnderbossPhase1__GetPlayerControlledAttacker	1	UnderbossPhase1.GetPlayerControlledAttacker
87b669	shared___root	1	AchievementCtrl._root; CharacterGroup._root; UnderbossPlatform._root
87b6d6	Underboss___root	0	Underboss._root
87b77a	TriggerCharacter__command_character_collision_enter	1	TriggerCharacter.command_character_collision_enter
87b93d	TriggerCharacter__command_lock_unlocked	1	TriggerCharacter.command_lock_unlocked
87b96e	shared_handler_87b96e	0	AttackEnemy.command_is_behavior_running; AttackKillTargetPartner.command_is_behavior_running; Behavior.command_get_follow_pivot; Behavior.command_is_behavior_running; Behavior.command_is_running; BehaviorAttack.command_is_behavior_running; BehaviorBrainlessAutotarget.command_is_behavior_running; BehaviorChase.command_is_behavior_running; BehaviorEnforceSameHeight.command_is_behavior_running; BehaviorIdle.command_is_behavior_running; BehaviorMovementTest.command_is_behavior_running; BehaviorStepBack.command_is_behavior_running (+66 more)
87b976	TriggerCharacter__command_reset_use_trigger	1	TriggerCharacter.command_reset_use_trigger
87b9b3	TriggerCharacter__command_is_used	1	TriggerCharacter.command_is_used
87b9fa	TriggerCharacter__command_is_character_inside	1	TriggerCharacter.command_is_character_inside
87baf8	TriggerCharacter__command_can_be_used	1	TriggerCharacter.command_can_be_used
87bb4f	TriggerCharacter__command_viewport_render_begin	1	TriggerCharacter.command_viewport_render_begin
87bbbb	TriggerCharacter__command_set_quarantine_time_1	0	TriggerCharacter.command_set_quarantine_time_1
87bbe2	TriggerCharacter__command_set_quarantine_time_2	0	TriggerCharacter.command_set_quarantine_time_2
87bc09	TriggerCharacter__command_game_event	0	TriggerCharacter.command_game_event
87bc25	TriggerCharacter__initialize_local	1	TriggerCharacter.initialize_local
87c018	TriggerCharacter__stopModeUpdate	1	TriggerCharacter.stopModeUpdate
87c068	TriggerCharacter__StateInactive	1	TriggerCharacter.StateInactive
87c5c4	TriggerCharacter__command_enter_active_state	0	TriggerCharacter.command_enter_active_state
87c5ef	TriggerCharacter__command_reactivate	0	TriggerCharacter.command_reactivate
87c640	TriggerCharacter__StateInsideTrigger	1	TriggerCharacter.StateInsideTrigger
87d034	TriggerCharacter__command_reactivate	0	TriggerCharacter.command_reactivate
87d044	TriggerCharacter__command_trigger_use_condition	1	TriggerCharacter.command_trigger_use_condition
87d3d8	TriggerCharacter__command_can_show_use_ui	0	TriggerCharacter.command_can_show_use_ui
87d3f2	TriggerCharacter__command_terminate	0	TriggerCharacter.command_terminate
87d406	shared_handler_87d406	0	SceneScope.command_is_loading_done; TriggerCharacter.command_is_held
87d421	TriggerCharacter__command_animation_event_received	1	TriggerCharacter.command_animation_event_received
87d678	TriggerCharacter__StateSlideDoor	0	TriggerCharacter.StateSlideDoor
87e560	TriggerCharacter__command_terminate	0	TriggerCharacter.command_terminate
87e574	TriggerCharacter__command_animation_event_received	1	TriggerCharacter.command_animation_event_received
87e65d	TriggerCharacter__StateLift	0	TriggerCharacter.StateLift
87f4ad	TriggerCharacter__command_terminate	0	TriggerCharacter.command_terminate
87f4c1	TriggerCharacter__command_viewport_render_begin	1	TriggerCharacter.command_viewport_render_begin
87f527	TriggerCharacter__command_start_animation_state	0	TriggerCharacter.command_start_animation_state
87f54f	TriggerCharacter__command_squeeze_under_started	1	TriggerCharacter.command_squeeze_under_started
87f605	TriggerCharacter__StateHold	1	TriggerCharacter.StateHold
87fb41	TriggerCharacter__command_terminate	0	TriggerCharacter.command_terminate
87fb55	TriggerCharacter__StateGateFall	1	TriggerCharacter.StateGateFall
87fd26	TriggerCharacter__command_terminate	0	TriggerCharacter.command_terminate
87fd3a	TriggerCharacter__StateSqueezeUnder	1	TriggerCharacter.StateSqueezeUnder
880022	TriggerCharacter__command_terminate	0	TriggerCharacter.command_terminate
880036	TriggerCharacter__command_end_animation_state	0	TriggerCharacter.command_end_animation_state
880055	TriggerCharacter__command_terminate	0	TriggerCharacter.command_terminate
880069	TriggerCharacter__StateTrigger	1	TriggerCharacter.StateTrigger
880105	TriggerCharacter__FireActivatedAction	1	TriggerCharacter.FireActivatedAction
88016d	TriggerCharacter__FireReleasedAction	1	TriggerCharacter.FireReleasedAction
8801d5	TriggerCharacter__RegisterOnPlayerActivators	1	TriggerCharacter.RegisterOnPlayerActivators
8802fc	TriggerCharacter__GetActivatorByPlayableType	1	TriggerCharacter.GetActivatorByPlayableType
8803eb	TriggerCharacter__SetGlowingModel	1	TriggerCharacter.SetGlowingModel
8805bf	TriggerCharacter__SetActiveModel	1	TriggerCharacter.SetActiveModel
880793	TriggerCharacter__SetPassiveModel	1	TriggerCharacter.SetPassiveModel
880967	TriggerCharacter__SetUsedModel	1	TriggerCharacter.SetUsedModel
880b3b	TriggerCharacter__HandleVisualAppearance	1	TriggerCharacter.HandleVisualAppearance
880ba8	TriggerCharacter__UpdateModels	1	TriggerCharacter.UpdateModels
880cab	TriggerCharacter__DetermineGlowForPlayable	1	TriggerCharacter.DetermineGlowForPlayable
880e9a	TriggerCharacter__RecursiveFindUseTriggers	1	TriggerCharacter.RecursiveFindUseTriggers
880f40	shared_handler_880f40	0	CharacterCamera.command_get_look_at_entity; LevelSceneCtrl.command_get_head_model; TriggerActionCheckpoint.command_get_stream_block; TriggerConditionVisibility.command_get_activator_type; twilightladybackflipbehavior.command_check_preconditions
880f52	twilightladybackflipbehavior__command_init	1	twilightladybackflipbehavior.command_init
881044	twilightladybackflipbehavior__command_clear	1	twilightladybackflipbehavior.command_clear
881085	shared__FilterExposedProperties	1	AttackEnemy.FilterExposedProperties; AttackKillTargetPartner.FilterExposedProperties; Behavior.FilterExposedProperties; BehaviorAttack.FilterExposedProperties; BehaviorBrainlessAutotarget.FilterExposedProperties; BehaviorChase.FilterExposedProperties; BehaviorEnforceSameHeight.FilterExposedProperties; BehaviorIdle.FilterExposedProperties; BehaviorMovementTest.FilterExposedProperties; BehaviorStepBack.FilterExposedProperties; BehaviorTutorial.FilterExposedProperties; BehaviorWaypointMove.FilterExposedProperties (+21 more)
8810e6	twilightladybackflipbehavior__command_fill_debug_view	1	twilightladybackflipbehavior.command_fill_debug_view
88130b	twilightladybackflipbehavior__StateActive	0	twilightladybackflipbehavior.StateActive
882c13	shared__CharacterFaceTarget	1	AttackEnemy.CharacterFaceTarget; twilightladybackflipbehavior.CharacterFaceTarget
882d3a	TwilightLadyrHeadCtrl__HeadCharacterUpdate	1	TwilightLadyrHeadCtrl.HeadCharacterUpdate
882f65	TwilightLadyrHeadCtrl__initialize_external	0	TwilightLadyrHeadCtrl.initialize_external
882f8f	shared__command_got_focus	0	BehaviorAttack.command_got_focus; BehaviorChase.command_got_focus; BehaviorEnforceSameHeight.command_got_focus; BehaviorIdle.command_got_focus; BehaviorMovementTest.command_got_focus; BehaviorStepBack.command_got_focus; ChaseEnemy.command_got_focus; CircleTargetEnemy02.command_got_focus; FollowPartner.command_got_focus; LeaderEnemy.command_got_focus; SecondaryAttackerEnemy.command_got_focus; UberRageBehavior.command_got_focus (+3 more)
882fba	UnderbossCombat__command_check_preconditions	1	UnderbossCombat.command_check_preconditions
88300c	UnderbossCombat__command_select_new_target	1	UnderbossCombat.command_select_new_target
883147	UnderbossCombat__command_time_to_attack	0	UnderbossCombat.command_time_to_attack
883175	UnderbossCombat__command_attack_animation_stated	1	UnderbossCombat.command_attack_animation_stated
8831b8	shared__command_debug_tactical_information	0	CombatPartner.command_debug_tactical_information; UnderbossCombat.command_debug_tactical_information
8831fe	UnderbossCombat__command_get_phase_behaviour	0	UnderbossCombat.command_get_phase_behaviour
88325e	shared__command_got_focus	0	CombatPartner.command_got_focus; UnderbossCombat.command_got_focus
88328c	UnderbossCombat__command_recieve_anim_support_event	0	UnderbossCombat.command_recieve_anim_support_event
8832a4	UnderbossCombat__command_is_attack_successful	1	UnderbossCombat.command_is_attack_successful
8832e5	UnderbossCombat__command_attacker_failed_combo	1	UnderbossCombat.command_attacker_failed_combo
883311	UnderbossCombat__command_attacker_finished_combo	1	UnderbossCombat.command_attacker_finished_combo
88333d	UnderbossCombat__command_delay	0	UnderbossCombat.command_delay
88335b	UnderbossCombat__command_react_to_attack	1	UnderbossCombat.command_react_to_attack
8833af	UnderbossCombat__command_when_attacked	1	UnderbossCombat.command_when_attacked
8833db	UnderbossCombat__command_fill_debug_view	1	UnderbossCombat.command_fill_debug_view
8838eb	UnderbossCombat__command_init	1	UnderbossCombat.command_init
883be4	UnderbossCombat__StateActive	1	UnderbossCombat.StateActive
8840f0	UnderbossCombat__command_lost_focus	1	UnderbossCombat.command_lost_focus
88413e	UnderbossCombat__command_debug_goto_phase_4	1	UnderbossCombat.command_debug_goto_phase_4
8841f3	UnderbossDef__command_get_damage_modifier	1	UnderbossDef.command_get_damage_modifier
884233	UnderbossDef__command_get_hang_back_time	1	UnderbossDef.command_get_hang_back_time
88426a	UnderbossDef__initialize_local	1	UnderbossDef.initialize_local
8842b6	UnderbossDef__FilterExposedProperties	1	UnderbossDef.FilterExposedProperties
884a6f	UnderbossFlee__StateActive	0	UnderbossFlee.StateActive
885eb7	UnderbossFlee__command_lost_focus	0	UnderbossFlee.command_lost_focus
885ede	UnderbossFlee__command_when_attacked	0	UnderbossFlee.command_when_attacked
885eff	UnderbossFlee__command_got_focus	1	UnderbossFlee.command_got_focus
885f60	UnderbossFlee__command_fill_debug_view	1	UnderbossFlee.command_fill_debug_view
886106	UnderbossFlee__command_init	0	UnderbossFlee.command_init
88643d	UnderbossFlee__IsGotoPosReached	1	UnderbossFlee.IsGotoPosReached
8865b3	UnderbossFlee__FaceTarget	1	UnderbossFlee.FaceTarget
8867e2	UnderbossFlee__LinearFlee	1	UnderbossFlee.LinearFlee
88685a	UnderbossFlee__IsOnSameLevelAsUnderboss	1	UnderbossFlee.IsOnSameLevelAsUnderboss
886913	UnderbossFlee__CircularFlee	0	UnderbossFlee.CircularFlee
886eed	UnderbossFlee__IsNewBaseOK	0	UnderbossFlee.IsNewBaseOK
8873c5	UnderbossLib__HandleTarget	1	UnderbossLib.HandleTarget
887545	UnderbossLib__ShouldGetNewTarget	0	UnderbossLib.ShouldGetNewTarget
88784a	UnderbossLib__StopAttacker	1	UnderbossLib.StopAttacker
887952	UnderbossMinionsRagdollAdmin__command_remove_enemies	1	UnderbossMinionsRagdollAdmin.command_remove_enemies
887a07	UnderbossMovement__command_defaut_movement	0	UnderbossMovement.command_defaut_movement
888829	UnderbossMovement__command_fill_debug_view	1	UnderbossMovement.command_fill_debug_view
888a70	UnderbossMovement__command_init	1	UnderbossMovement.command_init
888a9d	UnderbossMovement__IsTargetFleeing	1	UnderbossMovement.IsTargetFleeing
888c33	UnderbossPhase1__command_attack_animation_stated	0	UnderbossPhase1.command_attack_animation_stated
888c4b	UnderbossPhase1__command_hit_by	1	UnderbossPhase1.command_hit_by
888e73	UnderbossPhase1__command_got_focus	1	UnderbossPhase1.command_got_focus
889003	UnderbossPhase1__command_fill_debug_view	1	UnderbossPhase1.command_fill_debug_view
88948d	UnderbossPhase1__command_init	1	UnderbossPhase1.command_init
889c46	UnderbossPhase1__StateFleeToJumpPoint	0	UnderbossPhase1.StateFleeToJumpPoint
88a892	UnderbossPhase1__command_lost_focus	1	UnderbossPhase1.command_lost_focus
88a8e0	UnderbossPhase1__command_lost_focus	1	UnderbossPhase1.command_lost_focus
88a921	UnderbossPhase1__command_when_attacked	0	UnderbossPhase1.command_when_attacked
88a97c	UnderbossPhase1__command_recieve_anim_support_event	1	UnderbossPhase1.command_recieve_anim_support_event
88a9c9	UnderbossPhase1__command_jump_anim_part_done	0	UnderbossPhase1.command_jump_anim_part_done
88a9ed	UnderbossPhase1__command_delay	0	UnderbossPhase1.command_delay
88aa08	UnderbossPhase1__command_react_to_attack	1	UnderbossPhase1.command_react_to_attack
88b203	UnderbossPhase1__StateStopAttacker	1	UnderbossPhase1.StateStopAttacker
88b74f	UnderbossPhase1__JustAttacked	1	UnderbossPhase1.JustAttacked
88bcb7	UnderbossPhase1__command_attacker_finished_combo	0	UnderbossPhase1.command_attacker_finished_combo
88bce5	UnderbossPhase1__command_when_attacked	0	UnderbossPhase1.command_when_attacked
88bcff	UnderbossPhase1__RunBackToFlamePos	0	UnderbossPhase1.RunBackToFlamePos
88d743	UnderbossPhase1__command_jump_anim_part_done	0	UnderbossPhase1.command_jump_anim_part_done
88d79e	UnderbossPhase1__command_debug_teleport_to_phase_4	1	UnderbossPhase1.command_debug_teleport_to_phase_4
88d868	UnderbossPhase1__StateFlameThrower	0	UnderbossPhase1.StateFlameThrower
88e4d0	UnderbossPhase1__command_lost_focus	1	UnderbossPhase1.command_lost_focus
88e511	UnderbossPhase1__command_box_hit	1	UnderbossPhase1.command_box_hit
88e592	UnderbossPhase1__command_flamer_start	1	UnderbossPhase1.command_flamer_start
88e6a8	UnderbossPhase1__command_flamer_stop	1	UnderbossPhase1.command_flamer_stop
88e74a	UnderbossPhase1__command_flamer_done	1	UnderbossPhase1.command_flamer_done
88e8d5	UnderbossPhase1__command_jump_anim_part_done	1	UnderbossPhase1.command_jump_anim_part_done
88e961	UnderbossPhase1__UnderBossWobble	1	UnderbossPhase1.UnderBossWobble
88ed62	UnderbossPhase1__command_jump_anim_part_done	1	UnderbossPhase1.command_jump_anim_part_done
88ee37	UnderbossPhase1__JumpOnCharacter	0	UnderbossPhase1.JumpOnCharacter
890013	UnderbossPhase1__command_jump_anim_part_done	0	UnderbossPhase1.command_jump_anim_part_done
890620	UnderbossPhase1__ValidJumpTarget	1	UnderbossPhase1.ValidJumpTarget
890700	shared_handler_890700	0	LockPickShaker.command_failure; Menu3DSprite.initialize_local; UnderBossPlatformCarrier.command_carry_ragdoll
89072b	UnderBossPlatformCarrier__Moving	1	UnderBossPlatformCarrier.Moving
890905	shared_handler_890905	0	UnderbossPlatformMotion.command_swing; WaypointAutoPlaySystem.command_start_auto_play_system
89095d	UnderbossPlatformMotion__None	1	UnderbossPlatformMotion.None
890987	UnderbossPlatformMotion__SetChildrenKinematic	1	UnderbossPlatformMotion.SetChildrenKinematic
890a79	shared_handler_890a79	0	MusicSetup.command_set_default_track_state; UnderbossPlatform.command_register_callback_node
890a8b	UnderbossPlatform__command_hit	1	UnderbossPlatform.command_hit
890ac2	shared_handler_890ac2	0	BehaviorHandler.command_get_behavior; CharacterHeadCtrl.command_get_animation_ctrl; GameStateCtrl.command_get_settings_state; LevelSceneCtrl.command_get_electric_model; UnderBossPlatformCarrier.command_get_chain; UnderbossPlatform.command_get_grab_point
890ad4	UnderbossPlatform__command_point_added	1	UnderbossPlatform.command_point_added
890f95	UnderbossPlatform__initialize_local	1	UnderbossPlatform.initialize_local
891059	shared__command_got_focus	0	BehaviorBrainlessAutotarget.command_got_focus; CombatHelpPartner.command_got_focus; Underboss.command_got_focus
891084	Underboss__command_is_attack_successful	1	Underboss.command_is_attack_successful
8910c5	Underboss__command_attacker_failed_combo	1	Underboss.command_attacker_failed_combo
8910f1	Underboss__command_attacker_finished_combo	1	Underboss.command_attacker_finished_combo
89111d	Underboss__command_when_attacked	1	Underboss.command_when_attacked
891149	Underboss__command_react_to_attack	1	Underboss.command_react_to_attack
891175	Underboss__command_hit_by	1	Underboss.command_hit_by
8911a1	Underboss__command_delay	0	Underboss.command_delay
8911bf	Underboss__command_fill_debug_view	1	Underboss.command_fill_debug_view
891839	Underboss__command_init	1	Underboss.command_init
8919a7	Underboss__StateActive	1	Underboss.StateActive
891bbb	Underboss__Evaluate	1	Underboss.Evaluate
891c41	UseBehavior__command_set_use_trigger	0	UseBehavior.command_set_use_trigger
891c53	shared__command_pause_force_state	0	Behavior.command_pause_force_state; UseBehavior.command_pause_force_state
891c63	UseBehavior__command_fill_debug_view	1	UseBehavior.command_fill_debug_view
891e39	UseBehavior__command_init	1	UseBehavior.command_init
891eb4	UseBehavior__command_clear	1	UseBehavior.command_clear
891f00	UseBehavior__StateActive	1	UseBehavior.StateActive
8927b0	UnderbossPhase1__StateActive	0	UnderbossPhase1.StateActive
8957e0	TriggerCharacter__StatePullLever	0	TriggerCharacter.StatePullLever
896bb0	TriggerCharacter__StatePullSwitch	1	TriggerCharacter.StatePullSwitch
8971ac	UnderBossPlatformCarrier__initialize_local	1	UnderBossPlatformCarrier.initialize_local
897463	UnderbossPlatformMotion__Active	1	UnderbossPlatformMotion.Active
8a9645	VibrationMotorCtrl__SetVibration	1	VibrationMotorCtrl.SetVibration
8a9773	ViewportNodeManager__None	1	ViewportNodeManager.None
8a9803	visionblocker__command_path_generation_ended	0	visionblocker.command_path_generation_ended
8a9821	visionblocker__initialize_local	0	visionblocker.initialize_local
8a982f	visionblocker__FilterExposedProperties	1	visionblocker.FilterExposedProperties
8a9863	WarningWindowCtrl__initialize_local	1	WarningWindowCtrl.initialize_local
8a9893	shared__initialize_external	1	GroupManager.initialize_external; SubtitleHUD.initialize_external; WarningWindowCtrl.initialize_external
8a98c2	WarningWindowCtrl__command_game_event	1	WarningWindowCtrl.command_game_event
8a9900	WarningWindowCtrl__debug_show	1	WarningWindowCtrl.debug_show
8a992a	WarningWindowCtrl__debug_hide	1	WarningWindowCtrl.debug_hide
8a9947	WarningWindowCtrl__SetupWindow	1	WarningWindowCtrl.SetupWindow
8a99a0	WarningWindowCtrl__SetRightButtonTextSlotIndex	0	WarningWindowCtrl.SetRightButtonTextSlotIndex
8a99b7	WarningWindowCtrl__SetLeftButtonTextSlotIndex	0	WarningWindowCtrl.SetLeftButtonTextSlotIndex
8a99ce	WarningWindowCtrl__HideWarning	1	WarningWindowCtrl.HideWarning
8a9a1f	WaypointAutoPlaySystem__deinitialize	0	WaypointAutoPlaySystem.deinitialize
8a9a32	WaypointCompleteAutoTest__command_check_preconditions	0	WaypointCompleteAutoTest.command_check_preconditions
8a9a6e	WaypointCompleteAutoTest__deinitialize	0	WaypointCompleteAutoTest.deinitialize
8a9a88	WaypointCompleteAutoTest__SetPartner	1	WaypointCompleteAutoTest.SetPartner
8a9b10	WaypointCompleteAutoTest__WriteLog	1	WaypointCompleteAutoTest.WriteLog
8a9b66	WaypointController__SetPhysicsWorld	0	WaypointController.SetPhysicsWorld
8a9bbb	WaypointProgressionCtrl__OpenLogFile	1	WaypointProgressionCtrl.OpenLogFile
8a9c55	shared_handler_8a9c55	1	CharacterComboDatabase.command_register_combo_string; SoundGrp.command_add_sound; UnderbossMinionsRagdollAdmin.command_add_to_spawner_list; ViewportRenderHandler.command_add_viewport_render_listener; WeaponLib.RegisterAsPickupableWeapon
8a9c82	WeaponLib__UnregisterAsPickupableWeapon	1	WeaponLib.UnregisterAsPickupableWeapon
8a9cd3	WorldLib__VolumeCalculation	1	WorldLib.VolumeCalculation
8a9d27	WorldLib__SetTimeMultiplier	1	WorldLib.SetTimeMultiplier
8a9db5	WorldLib__TestIsLowViolence	1	WorldLib.TestIsLowViolence
8a9df5	ViewportNodeManager__active	1	ViewportNodeManager.active
8a9f5a	visionblocker__command_path_generation_started	0	visionblocker.command_path_generation_started
8a9f77	WarningWindowCtrl__SetParameterFromString	0	WarningWindowCtrl.SetParameterFromString
8a9fa2	WaypointCompleteAutoTest__FilterExposedProperties	1	WaypointCompleteAutoTest.FilterExposedProperties
8aa053	WaypointCompleteAutoTest__KillAllEnemies	1	WaypointCompleteAutoTest.KillAllEnemies
8aa12b	WaypointController___root	1	WaypointController._root
8aa1fb	WaypointController__StateInitAutoStart	1	WaypointController.StateInitAutoStart
8aa493	WaypointController__LocateAutoPlayNode	1	WaypointController.LocateAutoPlayNode
8aa4e5	WaypointController__SetNextExclusiveCharacter	1	WaypointController.SetNextExclusiveCharacter
8aa568	WaypointController__GetCashIndex	1	WaypointController.GetCashIndex
8aa631	shared_handler_8aa631	1	BehaviorWaypointMove.VectorToString; WaypointCompleteAutoTest.VectorToString; WaypointController.VectorToStr
8aa800	WaypointProgressionCtrl___root	0	WaypointProgressionCtrl._root
8aa898	WaypointProgressionCtrl__StateLocateNOAndRSH	1	WaypointProgressionCtrl.StateLocateNOAndRSH
8aa96c	WaypointProgressionCtrl__StateInitRorschach	1	WaypointProgressionCtrl.StateInitRorschach
8aab0f	WaypointProgressionCtrl__StateInitNiteOwl	0	WaypointProgressionCtrl.StateInitNiteOwl
8aacb2	WaypointProgressionCtrl__StateProgressionMonitor	1	WaypointProgressionCtrl.StateProgressionMonitor
8ab1e2	WaypointProgressionCtrl__ExitLogFile	0	WaypointProgressionCtrl.ExitLogFile
8ab2c4	waypoint___root	1	waypoint._root
8ab39e	WindAffector___root	1	WindAffector._root
8ab441	WorldLib__GetPhysicsActorFromNode	1	WorldLib.GetPhysicsActorFromNode
8ab6b9	WorldLib__GetNodeFromActor	1	WorldLib.GetNodeFromActor
8ab701	VibrationMotorCtrl__command_damage_received	1	VibrationMotorCtrl.command_damage_received
8ab7d6	VibrationMotorCtrl__command_do_rumble_effect	1	VibrationMotorCtrl.command_do_rumble_effect
8ab83e	VibrationMotorCtrl__command_init	1	VibrationMotorCtrl.command_init
8ab8d6	VibrationMotorCtrl__command_deinit	0	VibrationMotorCtrl.command_deinit
8ab90b	VibrationMotorCtrl__command_clear	1	VibrationMotorCtrl.command_clear
8ab937	VibrationMotorCtrl__StateActive	1	VibrationMotorCtrl.StateActive
8abb4e	VibrationMotorCtrl__StateCloseDown	1	VibrationMotorCtrl.StateCloseDown
8abbb2	ViewportNodeManager__initialize_external	1	ViewportNodeManager.initialize_external
8abc42	ViewportNodeManager__command_game_event	1	ViewportNodeManager.command_game_event
8abcb9	shared_handler_8abcb9	0	ViewportNodeManager.command_remove_entity; ViewportNodeManager.deinitialize; ViewportNodeManager.initialize_local; WaypointProgressionCtrl.script_destruct
8abcda	ViewportNodeManager__command_viewport_render_begin	1	ViewportNodeManager.command_viewport_render_begin
8abf00	ViewportNodeManager__command_add_entity	1	ViewportNodeManager.command_add_entity
8abf85	shared_handler_8abf85	0	CharacterComboDatabase.initialize_external; CharacterEnviromentClothCtrl.initialize_local; CullingVisibilityGroup.button_show_my_groups; ViewportRenderHandler.initialize_local
8abfa6	ViewportRenderHandler__viewportRenderBegin	1	ViewportRenderHandler.viewportRenderBegin
8ac074	ViewportRenderHandler__command_remove_viewport_render_listener	1	ViewportRenderHandler.command_remove_viewport_render_listener
8ac0de	WarningWindowCtrl__command_show_warning	1	WarningWindowCtrl.command_show_warning
8ac18d	WarningWindowCtrl__StateShow	1	WarningWindowCtrl.StateShow
8ad159	WarningWindowCtrl__command_hide_warning	1	WarningWindowCtrl.command_hide_warning
8ad1c3	WaypointAutoPlaySystem__StateAutoRunLevel	0	WaypointAutoPlaySystem.StateAutoRunLevel
8ae103	shared_handler_8ae103	0	FireVolumeBox.command_stop; WaypointAutoPlaySystem.command_stop_auto_run_level; WaypointCompleteAutoTest.command_terminate
8ae117	WaypointCompleteAutoTest__command_initialize	1	WaypointCompleteAutoTest.command_initialize
8ae1c2	WaypointCompleteAutoTest__StateActive	1	WaypointCompleteAutoTest.StateActive
8ae9de	WaypointCompleteAutoTest__StateTeleport	0	WaypointCompleteAutoTest.StateTeleport
8af58a	WaypointController__command_is_valid	0	WaypointController.command_is_valid
8af5b0	WaypointController__command_annotate_on_off	1	WaypointController.command_annotate_on_off
8af65a	WaypointController__deinitialize	1	WaypointController.deinitialize
8af6bb	WaypointController__command_add_next_waypoint_STOP_MODE	1	WaypointController.command_add_next_waypoint_STOP_MODE
8af976	WaypointController__command_create_start	1	WaypointController.command_create_start
8af9bb	WaypointController__command_create_end	1	WaypointController.command_create_end
8afa00	WaypointController__command_force_recalc	0	WaypointController.command_force_recalc
8afad7	WaypointController__command_stop_auto_run_level	1	WaypointController.command_stop_auto_run_level
8afb3d	WaypointController__command_waypoint_check_for_character	1	WaypointController.command_waypoint_check_for_character
8afc0b	WaypointController__command_can_see	1	WaypointController.command_can_see
8afc54	WaypointController__command_adjust_waypoint_height	1	WaypointController.command_adjust_waypoint_height
8b005b	WaypointController__command_adjust_all_waypoints	1	WaypointController.command_adjust_all_waypoints
8b00be	WaypointController__initialize_local	0	WaypointController.initialize_local
8b00f6	WaypointController__command_get_next_waypoint	1	WaypointController.command_get_next_waypoint
8b012b	WaypointController__command_get_next_waypoint_advanced	0	WaypointController.command_get_next_waypoint_advanced
8b056c	WaypointController__command_set_physics_collission_type_and_group	1	WaypointController.command_set_physics_collission_type_and_group
8b0641	WaypointController__FilterExposedProperties	1	WaypointController.FilterExposedProperties
8b0988	WaypointController__CanSee	0	WaypointController.CanSee
8b0da1	WaypointController__IterateForwardFromWaypoint	0	WaypointController.IterateForwardFromWaypoint
8b1062	WaypointController__WayPointInit	1	WaypointController.WayPointInit
8b124e	WaypointProgressionCtrl__initialize_local	0	WaypointProgressionCtrl.initialize_local
8b1270	WaypointProgressionCtrl__initialize_external	1	WaypointProgressionCtrl.initialize_external
8b12e8	WaypointProgressionCtrl__playmode_end	0	WaypointProgressionCtrl.playmode_end
8b1325	WaypointProgressionCtrl__command_game_event	0	WaypointProgressionCtrl.command_game_event
8b13c3	WaypointProgressionCtrl__command_write_to_log	1	WaypointProgressionCtrl.command_write_to_log
8b13fc	WaypointProgressionCtrl__command_write_to_log_indent	1	WaypointProgressionCtrl.command_write_to_log_indent
8b1583	WaypointProgressionCtrl__StateInitialize	1	WaypointProgressionCtrl.StateInitialize
8b19d3	shared_handler_8b19d3	0	LocalizationTool.command_reactivate; WaypointProgressionCtrl.command_terminate
8b19e7	WaypointProgressionCtrl__command_terminate	0	WaypointProgressionCtrl.command_terminate
8b19fb	waypoint__command_set_name	1	waypoint.command_set_name
8b1d51	waypoint__FilterExposedProperties	1	waypoint.FilterExposedProperties
8b1fc5	waypoint__command_force_recalc	0	waypoint.command_force_recalc
8b1fda	waypoint__command_initialize	1	waypoint.command_initialize
8b2024	waypoint__deinitialize	1	waypoint.deinitialize
8b2056	waypoint__command_add_next	1	waypoint.command_add_next
8b2078	waypoint__command_forward_display	1	waypoint.command_forward_display
8b2182	waypoint__command_show_debug	0	waypoint.command_show_debug
8b2f41	waypoint__command_delete_self	1	waypoint.command_delete_self
8b2f6c	waypoint__command_get_follow	0	waypoint.command_get_follow
8b2fd7	waypoint__command_get_next_waypoints	1	waypoint.command_get_next_waypoints
8b3091	waypoint__command_activate_recursive	1	waypoint.command_activate_recursive
8b3161	waypoint__command_within_height_limits	1	waypoint.command_within_height_limits
8b31fb	WeaponBase__command_set_ref_model	0	WeaponBase.command_set_ref_model
8b320d	WeaponBase__command_do_actual_pickup	1	WeaponBase.command_do_actual_pickup
8b32c2	WeaponBase__command_do_actual_pickup_left_hand	1	WeaponBase.command_do_actual_pickup_left_hand
8b3377	WeaponBase__command_detach_at_pos	1	WeaponBase.command_detach_at_pos
8b33e0	WeaponBase__command_take_durability_damage	0	WeaponBase.command_take_durability_damage
8b3578	WeaponBase__command_viewport_render_begin	1	WeaponBase.command_viewport_render_begin
8b35fc	WeaponBase__initialize_external	1	WeaponBase.initialize_external
8b3816	WeaponBase__deinitialize	1	WeaponBase.deinitialize
8b38c3	WeaponBase__SetSheetFromModel	1	WeaponBase.SetSheetFromModel
8b3a00	WeaponLib__GetClosestWeapon	1	WeaponLib.GetClosestWeapon
8b3b59	WeaponSpawner__initialize_external	1	WeaponSpawner.initialize_external
8b3cc0	WeaponSpawner__deinitialize	1	WeaponSpawner.deinitialize
8b3ce6	WeaponSpawner__script_construct	1	WeaponSpawner.script_construct
8b3d92	WeaponSpawner__StopModeUpdate	1	WeaponSpawner.StopModeUpdate
8b3e0e	WeaponSpawner__FilterExposedProperties	1	WeaponSpawner.FilterExposedProperties
8b3e9a	WindAffector__initialize_local	1	WindAffector.initialize_local
8b4043	WindAffector__initialize_external	1	WindAffector.initialize_external
8b40a5	WindAffector__active	0	WindAffector.active
8b44c9	WorldLib__SetCollisionGroupForNode	1	WorldLib.SetCollisionGroupForNode
8b468e	WorldLib__GetVolumeBasedOnContactForce	1	WorldLib.GetVolumeBasedOnContactForce
8b4745	WorldLib__GetVolumeBasedOnMassAndForce	1	WorldLib.GetVolumeBasedOnMassAndForce
8b4780	WeaponBase__StateDetach	1	WeaponBase.StateDetach
8b5028	WeaponBase__StateDetachAtPos	0	WeaponBase.StateDetachAtPos
8b53e0	WeaponBase__StateAttach	1	WeaponBase.StateAttach
8b65ba	ViewportRenderHandler__None	1	ViewportRenderHandler.None
