40228c	Voice_XAudio2__vfunc_02	0	medium: RTTI: slot 2 of vtable 0x9e5a24 (Voice_XAudio2); class membership read from RTTI, method meaning not established
40262c	Voice_XAudio2__vfunc_03	0	medium: RTTI: slot 3 of vtable 0x9e5a24 (Voice_XAudio2); class membership read from RTTI, method meaning not established
402668	XAudio2VoiceCallback__vfunc_04	0	medium: RTTI: slot 4 of vtable 0x9e5aa8 (XAudio2VoiceCallback); class membership read from RTTI, method meaning not established
40269d	XAudio2VoiceCallback__vfunc_07	0	medium: RTTI: slot 7 of vtable 0x9e5aa8 (XAudio2VoiceCallback); class membership read from RTTI, method meaning not established
4026ba	Voice_XAudio2__vfunc_01	0	medium: RTTI: slot 1 of vtable 0x9e5a24 (Voice_XAudio2); class membership read from RTTI, method meaning not established
40271b	Voice_XAudio2__vfunc_04	0	medium: RTTI: slot 4 of vtable 0x9e5a24 (Voice_XAudio2); class membership read from RTTI, method meaning not established
402a3d	Voice_XAudio2__vfunc_05	0	medium: RTTI: slot 5 of vtable 0x9e5a24 (Voice_XAudio2); class membership read from RTTI, method meaning not established
402b37	cstr_len	0	high: read: strlen with NULL check
402b54	SoundEffectDSP__vfunc_00	0	medium: RTTI: slot 0 of vtable 0x9e5b58 (SoundEffectDSP); class membership read from RTTI, method meaning not established
402e50	EnvironmentFilterEffectXAudio2__vfunc_08	0	medium: RTTI: slot 8 of vtable 0x9e5df4 (EnvironmentFilterEffectXAudio2); class membership read from RTTI, method meaning not established
402e59	EnvironmentFilterEffectXAudio2__vfunc_10	0	medium: RTTI: slot 10 of vtable 0x9e5df4 (EnvironmentFilterEffectXAudio2); class membership read from RTTI, method meaning not established
402f0e	EnvironmentFilterEffectXAudio2__vfunc_03	0	medium: RTTI: slot 3 of vtable 0x9e5ddc (EnvironmentFilterEffectXAudio2); class membership read from RTTI, method meaning not established
4030be	EnvironmentFilterEffectXAudio2__vfunc_04	0	medium: RTTI: slot 4 of vtable 0x9e5ddc (EnvironmentFilterEffectXAudio2); class membership read from RTTI, method meaning not established
403106	EqualizerEffectXAudio2__vfunc_10	0	medium: RTTI: slot 10 of vtable 0x9e5cc4 (EqualizerEffectXAudio2); class membership read from RTTI, method meaning not established
4032ce	EqualizerEffectXAudio2__vfunc_03	0	medium: RTTI: slot 3 of vtable 0x9e5ca8 (EqualizerEffectXAudio2); class membership read from RTTI, method meaning not established
4032e8	CompressorEffectXAudio2__vfunc_10	0	medium: RTTI: slot 10 of vtable 0x9e5d1c (CompressorEffectXAudio2); class membership read from RTTI, method meaning not established
4034f4	CompressorEffectXAudio2__vfunc_03	0	medium: RTTI: slot 3 of vtable 0x9e5d04 (CompressorEffectXAudio2); class membership read from RTTI, method meaning not established
40350b	MasterDownMixEffectXAudio2__vfunc_08	0	medium: RTTI: slot 8 of vtable 0x9e5d74 (MasterDownMixEffectXAudio2); class membership read from RTTI, method meaning not established
40353d	MasterDownMixEffectXAudio2__vfunc_10	0	medium: RTTI: slot 10 of vtable 0x9e5d74 (MasterDownMixEffectXAudio2); class membership read from RTTI, method meaning not established
4035b4	MasterDownMixEffectXAudio2__vfunc_03	0	medium: RTTI: slot 3 of vtable 0x9e5d5c (MasterDownMixEffectXAudio2); class membership read from RTTI, method meaning not established
4035ca	MasterDownMixEffectXAudio2__vfunc_04	0	medium: RTTI: slot 4 of vtable 0x9e5d5c (MasterDownMixEffectXAudio2); class membership read from RTTI, method meaning not established
4036af	SoundEffectXAudio2DSP__vfunc_00	0	medium: RTTI: slot 0 of vtable 0x9e5be0 (SoundEffectXAudio2DSP); class membership read from RTTI, method meaning not established
40372a	EqualizerEffectXAudio2__vfunc_14	0	medium: RTTI: slot 14 of vtable 0x9e5cc4 (EqualizerEffectXAudio2); class membership read from RTTI, method meaning not established
403794	CompressorEffectXAudio2__vfunc_14	0	medium: RTTI: slot 14 of vtable 0x9e5d1c (CompressorEffectXAudio2); class membership read from RTTI, method meaning not established
403801	MasterDownMixEffectXAudio2__vfunc_14	0	medium: RTTI: slot 14 of vtable 0x9e5d74 (MasterDownMixEffectXAudio2); class membership read from RTTI, method meaning not established
403eda	EnvironmentFilterEffectXAudio2__vfunc_14	0	medium: RTTI: slot 14 of vtable 0x9e5df4 (EnvironmentFilterEffectXAudio2); class membership read from RTTI, method meaning not established
403fd3	SoundEffectXAudio2DSP__vfunc_01	0	medium: RTTI: slot 1 of vtable 0x9e5be0 (SoundEffectXAudio2DSP); class membership read from RTTI, method meaning not established
405904	Vec3_CopyTo	0	high: read: copies 3 dwords this->arg
405995	StreamBuffer__vfunc_11	0	medium: RTTI: slot 11 of vtable 0x9e67f4 (StreamBuffer), inherited by 4 other vtables; class membership read from RTTI, method meaning not established
4059ba	StreamBuffer__vfunc_00	0	medium: RTTI: slot 0 of vtable 0x9e67f4 (StreamBuffer); class membership read from RTTI, method meaning not established
405dc0	MultipartBuffer__vfunc_06	0	medium: RTTI: slot 6 of vtable 0x9e6884 (MultipartBuffer); class membership read from RTTI, method meaning not established
405dd2	MultipartBuffer__vfunc_07	0	medium: RTTI: slot 7 of vtable 0x9e6884 (MultipartBuffer); class membership read from RTTI, method meaning not established
405dfc	MultipartBuffer__vfunc_09	0	medium: RTTI: slot 9 of vtable 0x9e6884 (MultipartBuffer); class membership read from RTTI, method meaning not established
405e6a	MultipartBuffer__vfunc_12	0	medium: RTTI: slot 12 of vtable 0x9e6884 (MultipartBuffer); class membership read from RTTI, method meaning not established
405ec5	MultipartBuffer__vfunc_13	0	medium: RTTI: slot 13 of vtable 0x9e6884 (MultipartBuffer); class membership read from RTTI, method meaning not established
405ed2	MultipartBuffer__vfunc_14	0	medium: RTTI: slot 14 of vtable 0x9e6884 (MultipartBuffer); class membership read from RTTI, method meaning not established
405ee1	MultipartBuffer__vfunc_15	0	medium: RTTI: slot 15 of vtable 0x9e6884 (MultipartBuffer); class membership read from RTTI, method meaning not established
405efc	MultipartBuffer__vfunc_16	0	medium: RTTI: slot 16 of vtable 0x9e6884 (MultipartBuffer); class membership read from RTTI, method meaning not established
405f26	MultipartBuffer__vfunc_17	0	medium: RTTI: slot 17 of vtable 0x9e6884 (MultipartBuffer); class membership read from RTTI, method meaning not established
40919a	Str_Destroy	0	high: read: frees heap buffer (+4) when not inline (+0xc) and owned flag 0x80000000; 1474 callers
4091e7	Str_Reserve	0	medium: __FILE__ libs/toolbox/str.h; called from Str_AssignCStr
40957f	MeshData__vfunc_03	0	medium: RTTI: slot 3 of vtable 0x9e69fc (MeshData), inherited by 1 other vtables; class membership read from RTTI, method meaning not established
4096e7	AsciiTable__Column__vfunc_00	0	medium: RTTI: slot 0 of vtable 0x9e6950 (AsciiTable::Column); class membership read from RTTI, method meaning not established
409930	MultipartBuffer__vfunc_00	0	medium: RTTI: slot 0 of vtable 0x9e6884 (MultipartBuffer); class membership read from RTTI, method meaning not established
4099f0	MultipartBuffer__vfunc_08	0	medium: RTTI: slot 8 of vtable 0x9e6884 (MultipartBuffer); class membership read from RTTI, method meaning not established
409a19	MultipartBuffer__vfunc_10	0	medium: RTTI: slot 10 of vtable 0x9e6884 (MultipartBuffer); class membership read from RTTI, method meaning not established
409cc4	Str_AssignCStr	0	high: read: len=0x402b37, reserve 0x4091e7 (str.h assert), memcpy
40a5b5	MeshData__vfunc_00	0	medium: RTTI: slot 0 of vtable 0x9e69fc (MeshData), inherited by 1 other vtables; class membership read from RTTI, method meaning not established
40a5f8	MeshData__vfunc_01	0	medium: RTTI: slot 1 of vtable 0x9e69fc (MeshData); class membership read from RTTI, method meaning not established
40a661	Str_Format	0	medium: string "StrWarning fstr: buffer overflow"; 214 callers
40b7df	MeshData__vfunc_02	0	medium: RTTI: slot 2 of vtable 0x9e69fc (MeshData); class membership read from RTTI, method meaning not established
40bbc2	AsciiTable__StringColumn__vfunc_00	0	medium: RTTI: slot 0 of vtable 0x9e6a6c (AsciiTable::StringColumn); class membership read from RTTI, method meaning not established
41429c	ImageFile__vfunc_00	0	medium: RTTI: slot 0 of vtable 0x9e6f54 (ImageFile); class membership read from RTTI, method meaning not established
4142d7	BMPFile__vfunc_05	0	medium: RTTI: slot 5 of vtable 0x9e6f7c (BMPFile); class membership read from RTTI, method meaning not established
4142e9	BMPFile__vfunc_07	0	medium: RTTI: slot 7 of vtable 0x9e6f7c (BMPFile); class membership read from RTTI, method meaning not established
4145ac	BMPFile__vfunc_02	0	medium: RTTI: slot 2 of vtable 0x9e6f7c (BMPFile); class membership read from RTTI, method meaning not established
4147e5	JPGFile__vfunc_05	0	medium: RTTI: slot 5 of vtable 0x9e6fdc (JPGFile); class membership read from RTTI, method meaning not established
4147f7	JPGFile__vfunc_07	0	medium: RTTI: slot 7 of vtable 0x9e6fdc (JPGFile); class membership read from RTTI, method meaning not established
414959	JPGFile__vfunc_01	0	medium: RTTI: slot 1 of vtable 0x9e6fdc (JPGFile); class membership read from RTTI, method meaning not established
414aa2	PngFile__vfunc_05	0	medium: RTTI: slot 5 of vtable 0x9e703c (PngFile); class membership read from RTTI, method meaning not established
414ab4	PngFile__vfunc_06	0	medium: RTTI: slot 6 of vtable 0x9e703c (PngFile); class membership read from RTTI, method meaning not established
414abe	PngFile__vfunc_07	0	medium: RTTI: slot 7 of vtable 0x9e703c (PngFile); class membership read from RTTI, method meaning not established
415407	BMPFile__vfunc_00	0	medium: RTTI: slot 0 of vtable 0x9e6f7c (BMPFile); class membership read from RTTI, method meaning not established
415816	JPGFile__vfunc_00	0	medium: RTTI: slot 0 of vtable 0x9e6fdc (JPGFile); class membership read from RTTI, method meaning not established
415832	PngFile__vfunc_00	0	medium: RTTI: slot 0 of vtable 0x9e703c (PngFile); class membership read from RTTI, method meaning not established
416302	BMPFile__vfunc_01	0	medium: RTTI: slot 1 of vtable 0x9e6f7c (BMPFile); class membership read from RTTI, method meaning not established
4165bd	JPGFile__vfunc_02	0	medium: RTTI: slot 2 of vtable 0x9e6fdc (JPGFile); class membership read from RTTI, method meaning not established
4167e3	PngFile__vfunc_01	0	medium: RTTI: slot 1 of vtable 0x9e703c (PngFile); class membership read from RTTI, method meaning not established
41a782	FileBuffer__vfunc_11	0	medium: RTTI: slot 11 of vtable 0x9ea86c (FileBuffer); class membership read from RTTI, method meaning not established
41a805	SubAllocator__vfunc_10	0	medium: RTTI: slot 10 of vtable 0x9e73ac (SubAllocator), inherited by 8 other vtables; class membership read from RTTI, method meaning not established
41a815	SubAllocator__vfunc_17	0	medium: RTTI: slot 17 of vtable 0x9e73ac (SubAllocator), inherited by 8 other vtables; class membership read from RTTI, method meaning not established
41a85b	IndirectionAllocator__vfunc_06	0	medium: RTTI: slot 6 of vtable 0x9e7440 (IndirectionAllocator), inherited by 1 other vtables; class membership read from RTTI, method meaning not established
41a9e6	SystemSubAllocator__vfunc_02	0	medium: RTTI: slot 2 of vtable 0x9e7ccc (SystemSubAllocator); class membership read from RTTI, method meaning not established
41a9f4	SystemSubAllocator__vfunc_03	0	medium: RTTI: slot 3 of vtable 0x9e7ccc (SystemSubAllocator); class membership read from RTTI, method meaning not established
41aa04	SystemSubAllocator__vfunc_05	0	medium: RTTI: slot 5 of vtable 0x9e7ccc (SystemSubAllocator); class membership read from RTTI, method meaning not established
41aa3d	SystemSubAllocator__vfunc_04	0	medium: RTTI: slot 4 of vtable 0x9e7ccc (SystemSubAllocator); class membership read from RTTI, method meaning not established
41aa75	SystemSubAllocator__vfunc_06	0	medium: RTTI: slot 6 of vtable 0x9e7ccc (SystemSubAllocator); class membership read from RTTI, method meaning not established
41ab08	SystemSubAllocator__vfunc_14	0	medium: RTTI: slot 14 of vtable 0x9e7ccc (SystemSubAllocator); class membership read from RTTI, method meaning not established
41ab4e	SystemSubAllocator__vfunc_19	0	medium: RTTI: slot 19 of vtable 0x9e7ccc (SystemSubAllocator); class membership read from RTTI, method meaning not established
41ab8e	SystemSubAllocator__vfunc_20	0	medium: RTTI: slot 20 of vtable 0x9e7ccc (SystemSubAllocator); class membership read from RTTI, method meaning not established
41abef	SystemSubAllocator__vfunc_13	0	medium: RTTI: slot 13 of vtable 0x9e7ccc (SystemSubAllocator); class membership read from RTTI, method meaning not established
41ac22	SystemSubAllocator__vfunc_21	0	medium: RTTI: slot 21 of vtable 0x9e7ccc (SystemSubAllocator); class membership read from RTTI, method meaning not established
41ac7e	SubAllocator__vfunc_11	0	medium: RTTI: slot 11 of vtable 0x9e73ac (SubAllocator); class membership read from RTTI, method meaning not established
41acd4	SequentialSubAllocator__vfunc_03	0	medium: RTTI: slot 3 of vtable 0x9e7b7c (SequentialSubAllocator); class membership read from RTTI, method meaning not established
41ad64	SequentialSubAllocator__vfunc_11	0	medium: RTTI: slot 11 of vtable 0x9e7b7c (SequentialSubAllocator); class membership read from RTTI, method meaning not established
41adca	SequentialSubAllocator__vfunc_14	0	medium: RTTI: slot 14 of vtable 0x9e7b7c (SequentialSubAllocator), inherited by 2 other vtables; class membership read from RTTI, method meaning not established
41adf8	SequentialSubAllocator__vfunc_01	0	medium: RTTI: slot 1 of vtable 0x9e7b7c (SequentialSubAllocator); class membership read from RTTI, method meaning not established
41ae57	PoolSubAllocator__vfunc_02	0	medium: RTTI: slot 2 of vtable 0x9e7c24 (PoolSubAllocator); class membership read from RTTI, method meaning not established
41aec0	PoolSubAllocator__vfunc_03	0	medium: RTTI: slot 3 of vtable 0x9e7c24 (PoolSubAllocator); class membership read from RTTI, method meaning not established
41af34	PoolSubAllocator__vfunc_04	0	medium: RTTI: slot 4 of vtable 0x9e7c24 (PoolSubAllocator); class membership read from RTTI, method meaning not established
41af8b	PoolSubAllocator__vfunc_06	0	medium: RTTI: slot 6 of vtable 0x9e7c24 (PoolSubAllocator); class membership read from RTTI, method meaning not established
41affc	PoolSubAllocator__vfunc_11	0	medium: RTTI: slot 11 of vtable 0x9e7c24 (PoolSubAllocator); class membership read from RTTI, method meaning not established
41b082	PoolSubAllocator__vfunc_21	0	medium: RTTI: slot 21 of vtable 0x9e7c24 (PoolSubAllocator); class membership read from RTTI, method meaning not established
41b094	PoolSubAllocator__vfunc_20	0	medium: RTTI: slot 20 of vtable 0x9e7c24 (PoolSubAllocator); class membership read from RTTI, method meaning not established
41b13f	MemoryManager_FindAllocator	0	high: read: scans range table (+0x94, count +0x164)
41b26d	MemoryManager_Free	0	high: read: 0x41b13f(ptr) finds allocator by address range, calls vtbl+0x10(ptr); 1366 callers
41b2ea	SubAllocator__vfunc_00	0	medium: RTTI: slot 0 of vtable 0x9e73ac (SubAllocator), inherited by 1 other vtables; class membership read from RTTI, method meaning not established
41b30f	IndirectionAllocator__vfunc_00	0	medium: RTTI: slot 0 of vtable 0x9e7440 (IndirectionAllocator), inherited by 1 other vtables; class membership read from RTTI, method meaning not established
41b334	LowLevelAllocator__vfunc_00	0	medium: RTTI: slot 0 of vtable 0x9e7510 (LowLevelAllocator), inherited by 1 other vtables; class membership read from RTTI, method meaning not established
41b36e	SequentialSubAllocator__vfunc_04	0	medium: RTTI: slot 4 of vtable 0x9e7b7c (SequentialSubAllocator); class membership read from RTTI, method meaning not established
41b899	DefaultLowLevelAllocator__vfunc_01	0	medium: RTTI: slot 1 of vtable 0x9e76b4 (DefaultLowLevelAllocator); class membership read from RTTI, method meaning not established
41b8a6	DefaultLowLevelAllocator__vfunc_02	0	medium: RTTI: slot 2 of vtable 0x9e76b4 (DefaultLowLevelAllocator); class membership read from RTTI, method meaning not established
41bdac	BlockSubAllocator__vfunc_08	0	medium: RTTI: slot 8 of vtable 0x9e7acc (BlockSubAllocator); class membership read from RTTI, method meaning not established
41be14	BlockSubAllocator__vfunc_36	0	medium: RTTI: slot 36 of vtable 0x9e7acc (BlockSubAllocator); class membership read from RTTI, method meaning not established
41be80	BlockSubAllocator__vfunc_35	0	medium: RTTI: slot 35 of vtable 0x9e7acc (BlockSubAllocator); class membership read from RTTI, method meaning not established
41c1b9	MemoryManager_Alloc	0	high: read: allocator[id]->vtbl+8/+0xc (aligned); failure path string "AllocateMem function"
41c30c	MemoryManager_AllocTagged	0	high: read: wrapper of 0x41c1b9(size,allocId,file,line,..); 1203 callers
41c324	MemoryManager_AllocTagged2	0	medium: wrapper of 0x41c1b9, other argument order
41c64b	BlockSubAllocator__vfunc_00	0	medium: RTTI: slot 0 of vtable 0x9e7acc (BlockSubAllocator); class membership read from RTTI, method meaning not established
41c667	BlockSubAllocator__vfunc_02	0	medium: RTTI: slot 2 of vtable 0x9e7acc (BlockSubAllocator); class membership read from RTTI, method meaning not established
41c6d2	BlockSubAllocator__vfunc_03	0	medium: RTTI: slot 3 of vtable 0x9e7acc (BlockSubAllocator); class membership read from RTTI, method meaning not established
41c740	BlockSubAllocator__vfunc_01	0	medium: RTTI: slot 1 of vtable 0x9e7acc (BlockSubAllocator); class membership read from RTTI, method meaning not established
41c79c	BlockSubAllocator__vfunc_18	0	medium: RTTI: slot 18 of vtable 0x9e7acc (BlockSubAllocator); class membership read from RTTI, method meaning not established
41c7f8	BlockSubAllocator__vfunc_15	0	medium: RTTI: slot 15 of vtable 0x9e7acc (BlockSubAllocator); class membership read from RTTI, method meaning not established
41c854	BlockSubAllocator__vfunc_20	0	medium: RTTI: slot 20 of vtable 0x9e7acc (BlockSubAllocator); class membership read from RTTI, method meaning not established
41c8b4	BlockSubAllocator__vfunc_21	0	medium: RTTI: slot 21 of vtable 0x9e7acc (BlockSubAllocator); class membership read from RTTI, method meaning not established
41c914	BlockSubAllocator__vfunc_13	0	medium: RTTI: slot 13 of vtable 0x9e7acc (BlockSubAllocator); class membership read from RTTI, method meaning not established
41cd00	BlockSubAllocator__vfunc_04	0	medium: RTTI: slot 4 of vtable 0x9e7acc (BlockSubAllocator); class membership read from RTTI, method meaning not established
41cd60	BlockSubAllocator__vfunc_05	0	medium: RTTI: slot 5 of vtable 0x9e7acc (BlockSubAllocator); class membership read from RTTI, method meaning not established
41cdc0	BlockSubAllocator__vfunc_07	0	medium: RTTI: slot 7 of vtable 0x9e7acc (BlockSubAllocator); class membership read from RTTI, method meaning not established
41dc24	BlockSubAllocator__vfunc_11	0	medium: RTTI: slot 11 of vtable 0x9e7acc (BlockSubAllocator); class membership read from RTTI, method meaning not established
41df82	IndirectionAllocator__vfunc_03	0	medium: RTTI: slot 3 of vtable 0x9e7440 (IndirectionAllocator); class membership read from RTTI, method meaning not established
41e046	IndirectionAllocator__vfunc_04	0	medium: RTTI: slot 4 of vtable 0x9e7440 (IndirectionAllocator), inherited by 1 other vtables; class membership read from RTTI, method meaning not established
41e0f2	IndirectionAllocator__vfunc_05	0	medium: RTTI: slot 5 of vtable 0x9e7440 (IndirectionAllocator); class membership read from RTTI, method meaning not established
41e197	FrameBasedSubAllocator__vfunc_34	0	medium: RTTI: slot 34 of vtable 0x9e8184 (FrameBasedSubAllocator), inherited by 1 other vtables; class membership read from RTTI, method meaning not established
41e1a7	FrameBasedSubAllocator__vfunc_11	0	medium: RTTI: slot 11 of vtable 0x9e8184 (FrameBasedSubAllocator); class membership read from RTTI, method meaning not established
41e1d5	FrameBasedSubAllocator__vfunc_03	0	medium: RTTI: slot 3 of vtable 0x9e8184 (FrameBasedSubAllocator); class membership read from RTTI, method meaning not established
41e281	FrameBasedSubAllocator__vfunc_04	0	medium: RTTI: slot 4 of vtable 0x9e8184 (FrameBasedSubAllocator); class membership read from RTTI, method meaning not established
41e2db	FrameBasedSubAllocator__vfunc_08	0	medium: RTTI: slot 8 of vtable 0x9e8184 (FrameBasedSubAllocator); class membership read from RTTI, method meaning not established
41e31f	FrameBasedSubAllocator__vfunc_01	0	medium: RTTI: slot 1 of vtable 0x9e8184 (FrameBasedSubAllocator); class membership read from RTTI, method meaning not established
41e397	FrameBasedSubAllocator__vfunc_35	0	medium: RTTI: slot 35 of vtable 0x9e8184 (FrameBasedSubAllocator); class membership read from RTTI, method meaning not established
41e3f5	FrameBasedSubAllocator__vfunc_36	0	medium: RTTI: slot 36 of vtable 0x9e8184 (FrameBasedSubAllocator); class membership read from RTTI, method meaning not established
41e457	FrameBasedSubAllocator__vfunc_20	0	medium: RTTI: slot 20 of vtable 0x9e8184 (FrameBasedSubAllocator); class membership read from RTTI, method meaning not established
41e5c1	DefragmentingAllocator__vfunc_05	0	medium: RTTI: slot 5 of vtable 0x9e7520 (DefragmentingAllocator); class membership read from RTTI, method meaning not established
41e6e3	BestFitSubAllocator__vfunc_03	0	medium: RTTI: slot 3 of vtable 0x9e8494 (BestFitSubAllocator); class membership read from RTTI, method meaning not established
41e8ea	BestFitSubAllocator__vfunc_07	0	medium: RTTI: slot 7 of vtable 0x9e8494 (BestFitSubAllocator); class membership read from RTTI, method meaning not established
41e954	BestFitSubAllocator__vfunc_20	0	medium: RTTI: slot 20 of vtable 0x9e8494 (BestFitSubAllocator); class membership read from RTTI, method meaning not established
41e9e2	BestFitSubAllocator__vfunc_21	0	medium: RTTI: slot 21 of vtable 0x9e8494 (BestFitSubAllocator); class membership read from RTTI, method meaning not established
41ea47	BestFitSubAllocator__vfunc_22	0	medium: RTTI: slot 22 of vtable 0x9e8494 (BestFitSubAllocator); class membership read from RTTI, method meaning not established
41eaf3	BestFitSubAllocator__vfunc_23	0	medium: RTTI: slot 23 of vtable 0x9e8494 (BestFitSubAllocator); class membership read from RTTI, method meaning not established
41eb46	BestFitSubAllocator__vfunc_26	0	medium: RTTI: slot 26 of vtable 0x9e8494 (BestFitSubAllocator); class membership read from RTTI, method meaning not established
41eb53	BestFitSubAllocator__vfunc_27	0	medium: RTTI: slot 27 of vtable 0x9e8494 (BestFitSubAllocator); class membership read from RTTI, method meaning not established
41eb6a	BestFitSubAllocator__vfunc_28	0	medium: RTTI: slot 28 of vtable 0x9e8494 (BestFitSubAllocator); class membership read from RTTI, method meaning not established
41eb81	BestFitSubAllocator__vfunc_29	0	medium: RTTI: slot 29 of vtable 0x9e8494 (BestFitSubAllocator); class membership read from RTTI, method meaning not established
41eb91	BestFitSubAllocator__vfunc_30	0	medium: RTTI: slot 30 of vtable 0x9e8494 (BestFitSubAllocator); class membership read from RTTI, method meaning not established
41ebc9	BestFitSubAllocator__vfunc_31	0	medium: RTTI: slot 31 of vtable 0x9e8494 (BestFitSubAllocator); class membership read from RTTI, method meaning not established
41ebd3	BestFitSubAllocator__vfunc_32	0	medium: RTTI: slot 32 of vtable 0x9e8494 (BestFitSubAllocator); class membership read from RTTI, method meaning not established
41ec00	PerThreadSubAllocator__vfunc_02	0	medium: RTTI: slot 2 of vtable 0x9e8394 (PerThreadSubAllocator); class membership read from RTTI, method meaning not established
41ec12	PerThreadSubAllocator__vfunc_03	0	medium: RTTI: slot 3 of vtable 0x9e8394 (PerThreadSubAllocator); class membership read from RTTI, method meaning not established
41ec24	PerThreadSubAllocator__vfunc_04	0	medium: RTTI: slot 4 of vtable 0x9e8394 (PerThreadSubAllocator); class membership read from RTTI, method meaning not established
41ec36	PerThreadSubAllocator__vfunc_05	0	medium: RTTI: slot 5 of vtable 0x9e8394 (PerThreadSubAllocator); class membership read from RTTI, method meaning not established
41ec48	PerThreadSubAllocator__vfunc_06	0	medium: RTTI: slot 6 of vtable 0x9e8394 (PerThreadSubAllocator); class membership read from RTTI, method meaning not established
41ec5a	PerThreadSubAllocator__vfunc_07	0	medium: RTTI: slot 7 of vtable 0x9e8394 (PerThreadSubAllocator); class membership read from RTTI, method meaning not established
4218f2	IndirectionAllocator__vfunc_01	0	medium: RTTI: slot 1 of vtable 0x9e7440 (IndirectionAllocator), inherited by 1 other vtables; class membership read from RTTI, method meaning not established
421957	IndirectionAllocator__vfunc_02	0	medium: RTTI: slot 2 of vtable 0x9e7440 (IndirectionAllocator); class membership read from RTTI, method meaning not established
421a30	FrameBasedSubAllocator__vfunc_00	0	medium: RTTI: slot 0 of vtable 0x9e8184 (FrameBasedSubAllocator); class membership read from RTTI, method meaning not established
421a52	FirstFitSubAllocator__vfunc_11	0	medium: RTTI: slot 11 of vtable 0x9e827c (FirstFitSubAllocator); class membership read from RTTI, method meaning not established
421ab5	FirstFitSubAllocator__vfunc_04	0	medium: RTTI: slot 4 of vtable 0x9e827c (FirstFitSubAllocator); class membership read from RTTI, method meaning not established
421b3c	FirstFitSubAllocator__vfunc_07	0	medium: RTTI: slot 7 of vtable 0x9e827c (FirstFitSubAllocator); class membership read from RTTI, method meaning not established
421baa	FirstFitSubAllocator__vfunc_22	0	medium: RTTI: slot 22 of vtable 0x9e827c (FirstFitSubAllocator); class membership read from RTTI, method meaning not established
421c5d	FirstFitSubAllocator__vfunc_21	0	medium: RTTI: slot 21 of vtable 0x9e827c (FirstFitSubAllocator); class membership read from RTTI, method meaning not established
421cbf	FirstFitSubAllocator__vfunc_20	0	medium: RTTI: slot 20 of vtable 0x9e827c (FirstFitSubAllocator); class membership read from RTTI, method meaning not established
421d5c	DefragmentingAllocator__vfunc_02	0	medium: RTTI: slot 2 of vtable 0x9e7520 (DefragmentingAllocator); class membership read from RTTI, method meaning not established
421df1	DefragmentingAllocator__vfunc_03	0	medium: RTTI: slot 3 of vtable 0x9e7520 (DefragmentingAllocator); class membership read from RTTI, method meaning not established
421f2b	BestFitSubAllocator__vfunc_11	0	medium: RTTI: slot 11 of vtable 0x9e8494 (BestFitSubAllocator); class membership read from RTTI, method meaning not established
422d1f	FirstFitSubAllocator__vfunc_03	0	medium: RTTI: slot 3 of vtable 0x9e827c (FirstFitSubAllocator); class membership read from RTTI, method meaning not established
422e4b	FirstFitSubAllocator__vfunc_06	0	medium: RTTI: slot 6 of vtable 0x9e827c (FirstFitSubAllocator); class membership read from RTTI, method meaning not established
4230d2	BestFitSubAllocator__vfunc_04	0	medium: RTTI: slot 4 of vtable 0x9e8494 (BestFitSubAllocator); class membership read from RTTI, method meaning not established
4231fa	BestFitSubAllocator__vfunc_24	0	medium: RTTI: slot 24 of vtable 0x9e8494 (BestFitSubAllocator); class membership read from RTTI, method meaning not established
423592	BestFitSubAllocator__vfunc_33	0	medium: RTTI: slot 33 of vtable 0x9e8494 (BestFitSubAllocator); class membership read from RTTI, method meaning not established
42364f	BestFitSubAllocator__vfunc_06	0	medium: RTTI: slot 6 of vtable 0x9e8494 (BestFitSubAllocator); class membership read from RTTI, method meaning not established
4251bc	GameControllerXInput__vfunc_01	0	medium: RTTI: slot 1 of vtable 0x9e8944 (GameControllerXInput); class membership read from RTTI, method meaning not established
426682	GameController__vfunc_00	0	medium: RTTI: slot 0 of vtable 0x9e883c (GameController), inherited by 1 other vtables; class membership read from RTTI, method meaning not established
428ff4	TextureBuffer__vfunc_02	0	medium: RTTI: slot 2 of vtable 0x9e8cc4 (TextureBuffer); class membership read from RTTI, method meaning not established
42910e	FileBuffer__vfunc_10	0	medium: RTTI: slot 10 of vtable 0x9ea86c (FileBuffer); class membership read from RTTI, method meaning not established
429f65	VertexBuffer__vfunc_00	0	medium: RTTI: slot 0 of vtable 0x9e8c6c (VertexBuffer); class membership read from RTTI, method meaning not established
429f81	TextureBuffer__vfunc_00	0	medium: RTTI: slot 0 of vtable 0x9e8cc4 (TextureBuffer); class membership read from RTTI, method meaning not established
429ff4	IndexBuffer__vfunc_00	0	medium: RTTI: slot 0 of vtable 0x9e8d0c (IndexBuffer); class membership read from RTTI, method meaning not established
42a1ab	ShaderBuffer__vfunc_01	0	medium: RTTI: slot 1 of vtable 0x9e8d58 (ShaderBuffer); class membership read from RTTI, method meaning not established
42be7b	WorldMatrixRC__vfunc_01	0	medium: RTTI: slot 1 of vtable 0x9e908c (WorldMatrixRC); class membership read from RTTI, method meaning not established
42be98	NetworkAddress__vfunc_00	0	medium: RTTI: slot 0 of vtable 0x9e9098 (NetworkAddress); class membership read from RTTI, method meaning not established
42beb5	NetworkPlatformManagerWinsock__vfunc_03	0	medium: RTTI: slot 3 of vtable 0x9e90cc (NetworkPlatformManagerWinsock); class membership read from RTTI, method meaning not established
42beca	NetworkAddressWinsock__vfunc_03	0	medium: RTTI: slot 3 of vtable 0x9e9168 (NetworkAddressWinsock); class membership read from RTTI, method meaning not established
42bee7	NetworkUnreliableSocketWinsock__vfunc_02	0	medium: RTTI: slot 2 of vtable 0x9e9208 (NetworkUnreliableSocketWinsock); class membership read from RTTI, method meaning not established
42bfb3	NetworkUnreliableSocketWinsock__vfunc_03	0	medium: RTTI: slot 3 of vtable 0x9e9208 (NetworkUnreliableSocketWinsock); class membership read from RTTI, method meaning not established
42bff2	NetworkUnreliableSocketWinsock__vfunc_05	0	medium: RTTI: slot 5 of vtable 0x9e9208 (NetworkUnreliableSocketWinsock); class membership read from RTTI, method meaning not established
42c020	NetworkUnreliableSocketWinsock__vfunc_06	0	medium: RTTI: slot 6 of vtable 0x9e9208 (NetworkUnreliableSocketWinsock); class membership read from RTTI, method meaning not established
42c05f	NetworkUnreliableSocketWinsock__vfunc_07	0	medium: RTTI: slot 7 of vtable 0x9e9208 (NetworkUnreliableSocketWinsock); class membership read from RTTI, method meaning not established
42c08d	NetworkUnreliableSocketWinsock__vfunc_08	0	medium: RTTI: slot 8 of vtable 0x9e9208 (NetworkUnreliableSocketWinsock); class membership read from RTTI, method meaning not established
42c0cc	NetworkUnreliableSocketWinsock__vfunc_10	0	medium: RTTI: slot 10 of vtable 0x9e9208 (NetworkUnreliableSocketWinsock); class membership read from RTTI, method meaning not established
42c0fe	NetworkUnreliableSocketWinsock__vfunc_11	0	medium: RTTI: slot 11 of vtable 0x9e9208 (NetworkUnreliableSocketWinsock); class membership read from RTTI, method meaning not established
42c71f	Gfx__vfunc_17	0	medium: RTTI: slot 17 of vtable 0x9e9264 (Gfx); class membership read from RTTI, method meaning not established
42c7dc	Gfx__vfunc_49	0	medium: RTTI: slot 49 of vtable 0x9e9264 (Gfx), inherited by 1 other vtables; class membership read from RTTI, method meaning not established
42c843	Gfx__vfunc_50	0	medium: RTTI: slot 50 of vtable 0x9e9264 (Gfx), inherited by 1 other vtables; class membership read from RTTI, method meaning not established
42ca0f	Line3DRC__vfunc_01	0	medium: RTTI: slot 1 of vtable 0x9e9074 (Line3DRC); class membership read from RTTI, method meaning not established
42ca27	Triangle3DRC__vfunc_01	0	medium: RTTI: slot 1 of vtable 0x9e9080 (Triangle3DRC); class membership read from RTTI, method meaning not established
42ca57	RenderCommand__vfunc_00	0	medium: RTTI: slot 0 of vtable 0x9e9048 (RenderCommand), inherited by 4 other vtables; class membership read from RTTI, method meaning not established
42ca74	NetworkPlatformManager__vfunc_00	0	medium: RTTI: slot 0 of vtable 0x9e90ac (NetworkPlatformManager); class membership read from RTTI, method meaning not established
42cad6	NetworkPlatformManagerWinsock__vfunc_02	0	medium: RTTI: slot 2 of vtable 0x9e90cc (NetworkPlatformManagerWinsock); class membership read from RTTI, method meaning not established
42cb51	NetworkAddressWinsock__vfunc_02	0	medium: RTTI: slot 2 of vtable 0x9e9168 (NetworkAddressWinsock); class membership read from RTTI, method meaning not established
42da36	NetworkPlatformManagerWinsock__vfunc_00	0	medium: RTTI: slot 0 of vtable 0x9e90cc (NetworkPlatformManagerWinsock); class membership read from RTTI, method meaning not established
42da89	NetworkUnreliableSocket__vfunc_00	0	medium: RTTI: slot 0 of vtable 0x9e91cc (NetworkUnreliableSocket); class membership read from RTTI, method meaning not established
42daa5	NetworkAddressWinsock__vfunc_00	0	medium: RTTI: slot 0 of vtable 0x9e9168 (NetworkAddressWinsock); class membership read from RTTI, method meaning not established
42dc41	NetworkUnreliableSocketWinsock__vfunc_01	0	medium: RTTI: slot 1 of vtable 0x9e9208 (NetworkUnreliableSocketWinsock); class membership read from RTTI, method meaning not established
42dca3	NetworkUnreliableSocketWinsock__vfunc_09	0	medium: RTTI: slot 9 of vtable 0x9e9208 (NetworkUnreliableSocketWinsock); class membership read from RTTI, method meaning not established
42ea6e	Gfx__vfunc_03	0	medium: RTTI: slot 3 of vtable 0x9e9264 (Gfx); class membership read from RTTI, method meaning not established
42fbcd	NetworkPlatformManagerWinsock__vfunc_05	0	medium: RTTI: slot 5 of vtable 0x9e90cc (NetworkPlatformManagerWinsock); class membership read from RTTI, method meaning not established
42fbf2	NetworkPlatformManagerWinsock__vfunc_07	0	medium: RTTI: slot 7 of vtable 0x9e90cc (NetworkPlatformManagerWinsock); class membership read from RTTI, method meaning not established
42fd56	NetworkUnreliableSocketWinsock__vfunc_00	0	medium: RTTI: slot 0 of vtable 0x9e9208 (NetworkUnreliableSocketWinsock); class membership read from RTTI, method meaning not established
42fd72	NetworkUnreliableSocketWinsock__vfunc_04	0	medium: RTTI: slot 4 of vtable 0x9e9208 (NetworkUnreliableSocketWinsock); class membership read from RTTI, method meaning not established
431aeb	SurfaceBuffer__vfunc_00	0	medium: RTTI: slot 0 of vtable 0x9e9060 (SurfaceBuffer); class membership read from RTTI, method meaning not established
432297	NetworkPlatformManagerWinsock__vfunc_04	0	medium: RTTI: slot 4 of vtable 0x9e90cc (NetworkPlatformManagerWinsock); class membership read from RTTI, method meaning not established
4322bc	NetworkPlatformManagerWinsock__vfunc_06	0	medium: RTTI: slot 6 of vtable 0x9e90cc (NetworkPlatformManagerWinsock); class membership read from RTTI, method meaning not established
432684	Gfx__vfunc_00	0	medium: RTTI: slot 0 of vtable 0x9e9264 (Gfx); class membership read from RTTI, method meaning not established
433902	ShaderArchiveFile__vfunc_00	0	medium: RTTI: slot 0 of vtable 0x9e96cc (ShaderArchiveFile); class membership read from RTTI, method meaning not established
433b16	ShaderArchiveFileReader__vfunc_00	0	medium: RTTI: slot 0 of vtable 0x9e96d4 (ShaderArchiveFileReader); class membership read from RTTI, method meaning not established
43509b	StringBuffer__vfunc_12	0	medium: RTTI: slot 12 of vtable 0x9e9a6c (StringBuffer); class membership read from RTTI, method meaning not established
4350b6	StreamBuffer__vfunc_02	0	medium: RTTI: slot 2 of vtable 0x9e67f4 (StreamBuffer), inherited by 5 other vtables; class membership read from RTTI, method meaning not established
4350f2	StreamBuffer__vfunc_03	0	medium: RTTI: slot 3 of vtable 0x9e67f4 (StreamBuffer), inherited by 3 other vtables; class membership read from RTTI, method meaning not established
435105	StreamBuffer__vfunc_04	0	medium: RTTI: slot 4 of vtable 0x9e67f4 (StreamBuffer), inherited by 5 other vtables; class membership read from RTTI, method meaning not established
435145	StreamBuffer__vfunc_05	0	medium: RTTI: slot 5 of vtable 0x9e67f4 (StreamBuffer), inherited by 4 other vtables; class membership read from RTTI, method meaning not established
435964	StreamedMovie__vfunc_06	0	medium: RTTI: slot 6 of vtable 0x9e9abc (StreamedMovie); class membership read from RTTI, method meaning not established
4359bd	Physics__Allocator__vfunc_05	0	medium: RTTI: slot 5 of vtable 0xa2395c (Physics::Allocator); class membership read from RTTI, method meaning not established
435a34	StreamedBinkMovie__vfunc_03	0	medium: RTTI: slot 3 of vtable 0x9e9aec (StreamedBinkMovie); class membership read from RTTI, method meaning not established
435a42	StreamedBinkMovie__vfunc_08	0	medium: RTTI: slot 8 of vtable 0x9e9aec (StreamedBinkMovie); class membership read from RTTI, method meaning not established
435a65	StreamedBinkMovie__vfunc_10	0	medium: RTTI: slot 10 of vtable 0x9e9aec (StreamedBinkMovie); class membership read from RTTI, method meaning not established
436270	MemoryStreamBuffer__vfunc_14	0	medium: RTTI: slot 14 of vtable 0x9e999c (MemoryStreamBuffer); class membership read from RTTI, method meaning not established
436279	MemoryStreamBuffer__vfunc_17	0	medium: RTTI: slot 17 of vtable 0x9e999c (MemoryStreamBuffer); class membership read from RTTI, method meaning not established
4362ca	MemoryStreamBuffer__vfunc_06	0	medium: RTTI: slot 6 of vtable 0x9e999c (MemoryStreamBuffer); class membership read from RTTI, method meaning not established
4362e3	MemoryStreamBuffer__vfunc_07	0	medium: RTTI: slot 7 of vtable 0x9e999c (MemoryStreamBuffer); class membership read from RTTI, method meaning not established
4362f7	MemoryStreamBuffer__vfunc_12	0	medium: RTTI: slot 12 of vtable 0x9e999c (MemoryStreamBuffer); class membership read from RTTI, method meaning not established
43630f	MemoryStreamBuffer__vfunc_16	0	medium: RTTI: slot 16 of vtable 0x9e999c (MemoryStreamBuffer); class membership read from RTTI, method meaning not established
4367da	StringBuffer__vfunc_06	0	medium: RTTI: slot 6 of vtable 0x9e9a6c (StringBuffer); class membership read from RTTI, method meaning not established
4367f2	StringBuffer__vfunc_07	0	medium: RTTI: slot 7 of vtable 0x9e9a6c (StringBuffer); class membership read from RTTI, method meaning not established
436806	StringBuffer__vfunc_09	0	medium: RTTI: slot 9 of vtable 0x9e9a6c (StringBuffer); class membership read from RTTI, method meaning not established
43683e	StringBuffer__vfunc_14	0	medium: RTTI: slot 14 of vtable 0x9e9a6c (StringBuffer); class membership read from RTTI, method meaning not established
436847	StringBuffer__vfunc_17	0	medium: RTTI: slot 17 of vtable 0x9e9a6c (StringBuffer); class membership read from RTTI, method meaning not established
436a08	StreamedMovie__vfunc_09	0	medium: RTTI: slot 9 of vtable 0x9e9abc (StreamedMovie), inherited by 1 other vtables; class membership read from RTTI, method meaning not established
436a65	StreamedBinkMovie__vfunc_02	0	medium: RTTI: slot 2 of vtable 0x9e9aec (StreamedBinkMovie); class membership read from RTTI, method meaning not established
436c40	MemoryStreamBuffer__vfunc_00	0	medium: RTTI: slot 0 of vtable 0x9e999c (MemoryStreamBuffer); class membership read from RTTI, method meaning not established
436c5c	MemoryStreamBuffer__vfunc_08	0	medium: RTTI: slot 8 of vtable 0x9e999c (MemoryStreamBuffer); class membership read from RTTI, method meaning not established
436c8e	MemoryStreamBuffer__vfunc_09	0	medium: RTTI: slot 9 of vtable 0x9e999c (MemoryStreamBuffer); class membership read from RTTI, method meaning not established
436cc1	MemoryStreamBuffer__vfunc_10	0	medium: RTTI: slot 10 of vtable 0x9e999c (MemoryStreamBuffer); class membership read from RTTI, method meaning not established
436f62	____StreamedBinkMovie__VFileSystemLock____Thread__vfunc_00	0	medium: RTTI: slot 0 of vtable 0x9e9b74 (::::StreamedBinkMovie::VFileSystemLock::?$Thread); class membership read from RTTI, method meaning not established
437363	StringBuffer__vfunc_00	0	medium: RTTI: slot 0 of vtable 0x9e9a6c (StringBuffer); class membership read from RTTI, method meaning not established
43762d	CompressedStreamBuffer__vfunc_09	0	medium: RTTI: slot 9 of vtable 0x9e9bcc (CompressedStreamBuffer); class membership read from RTTI, method meaning not established
4377c3	CompressingStreamBuffer__vfunc_10	0	medium: RTTI: slot 10 of vtable 0x9e9c1c (CompressingStreamBuffer); class membership read from RTTI, method meaning not established
437a52	StreamedMovie__vfunc_00	0	medium: RTTI: slot 0 of vtable 0x9e9abc (StreamedMovie); class membership read from RTTI, method meaning not established
437ac8	StreamedBinkMovie__vfunc_04	0	medium: RTTI: slot 4 of vtable 0x9e9aec (StreamedBinkMovie); class membership read from RTTI, method meaning not established
437b35	StreamedBinkMovie__vfunc_05	0	medium: RTTI: slot 5 of vtable 0x9e9aec (StreamedBinkMovie); class membership read from RTTI, method meaning not established
437bb1	StreamedBinkMovie__vfunc_06	0	medium: RTTI: slot 6 of vtable 0x9e9aec (StreamedBinkMovie); class membership read from RTTI, method meaning not established
437d90	Archive__vfunc_24	0	medium: RTTI: slot 24 of vtable 0x9e9dac (Archive), inherited by 1 other vtables; class membership read from RTTI, method meaning not established
437d98	Archive__vfunc_25	0	medium: RTTI: slot 25 of vtable 0x9e9dac (Archive), inherited by 1 other vtables; class membership read from RTTI, method meaning not established
437dec	Archive__vfunc_27	0	medium: RTTI: slot 27 of vtable 0x9e9dac (Archive), inherited by 1 other vtables; class membership read from RTTI, method meaning not established
437e40	Archive__vfunc_28	0	medium: RTTI: slot 28 of vtable 0x9e9dac (Archive), inherited by 1 other vtables; class membership read from RTTI, method meaning not established
43831f	StringBuffer__vfunc_08	0	medium: RTTI: slot 8 of vtable 0x9e9a6c (StringBuffer); class membership read from RTTI, method meaning not established
438330	StringBuffer__vfunc_10	0	medium: RTTI: slot 10 of vtable 0x9e9a6c (StringBuffer); class membership read from RTTI, method meaning not established
43835b	CompressedStreamBuffer__vfunc_00	0	medium: RTTI: slot 0 of vtable 0x9e9bcc (CompressedStreamBuffer); class membership read from RTTI, method meaning not established
438377	CompressingStreamBuffer__vfunc_00	0	medium: RTTI: slot 0 of vtable 0x9e9c1c (CompressingStreamBuffer); class membership read from RTTI, method meaning not established
438504	StreamedBinkMovie__vfunc_00	0	medium: RTTI: slot 0 of vtable 0x9e9aec (StreamedBinkMovie); class membership read from RTTI, method meaning not established
438733	Archive__vfunc_00	0	medium: RTTI: slot 0 of vtable 0x9e9dac (Archive); class membership read from RTTI, method meaning not established
43874f	Archive__vfunc_01	0	medium: RTTI: slot 1 of vtable 0x9e9dac (Archive); class membership read from RTTI, method meaning not established
43881f	Archive__vfunc_26	0	medium: RTTI: slot 26 of vtable 0x9e9dac (Archive), inherited by 1 other vtables; class membership read from RTTI, method meaning not established
438f91	StreamedBinkMovie__vfunc_01	0	medium: RTTI: slot 1 of vtable 0x9e9aec (StreamedBinkMovie); class membership read from RTTI, method meaning not established
4391f5	StreamedBinkMovie__vfunc_07	0	medium: RTTI: slot 7 of vtable 0x9e9aec (StreamedBinkMovie); class membership read from RTTI, method meaning not established
43a104	Mouse__vfunc_00	0	medium: RTTI: slot 0 of vtable 0x9ea19c (Mouse); class membership read from RTTI, method meaning not established
43a7cb	Waitable__vfunc_00	0	medium: RTTI: slot 0 of vtable 0x9ea334 (Waitable); class membership read from RTTI, method meaning not established
43d3a5	FileBuffer__vfunc_15	0	medium: RTTI: slot 15 of vtable 0x9ea86c (FileBuffer); class membership read from RTTI, method meaning not established
43d3b7	FileBuffer__vfunc_19	0	medium: RTTI: slot 19 of vtable 0x9ea86c (FileBuffer); class membership read from RTTI, method meaning not established
43d437	Waitable__vfunc_01	0	medium: RTTI: slot 1 of vtable 0x9ea334 (Waitable), inherited by 10 other vtables; class membership read from RTTI, method meaning not established
43dcbf	Keyboard__vfunc_00	0	medium: RTTI: slot 0 of vtable 0x9ea340 (Keyboard); class membership read from RTTI, method meaning not established
43deaf	FileBuffer__vfunc_07	0	medium: RTTI: slot 7 of vtable 0x9ea86c (FileBuffer); class membership read from RTTI, method meaning not established
43defa	FileBuffer__vfunc_08	0	medium: RTTI: slot 8 of vtable 0x9ea86c (FileBuffer); class membership read from RTTI, method meaning not established
43df44	FileBuffer__vfunc_17	0	medium: RTTI: slot 17 of vtable 0x9ea86c (FileBuffer); class membership read from RTTI, method meaning not established
43df97	FileBuffer__vfunc_03	0	medium: RTTI: slot 3 of vtable 0x9ea86c (FileBuffer); class membership read from RTTI, method meaning not established
43dfe5	FileBuffer__vfunc_06	0	medium: RTTI: slot 6 of vtable 0x9ea86c (FileBuffer); class membership read from RTTI, method meaning not established
43e093	FileBuffer__vfunc_09	0	medium: RTTI: slot 9 of vtable 0x9ea86c (FileBuffer); class membership read from RTTI, method meaning not established
43e1e7	FileBuffer__vfunc_12	0	medium: RTTI: slot 12 of vtable 0x9ea86c (FileBuffer); class membership read from RTTI, method meaning not established
43e25f	FileBuffer__vfunc_13	0	medium: RTTI: slot 13 of vtable 0x9ea86c (FileBuffer); class membership read from RTTI, method meaning not established
43e2b8	FileBuffer__vfunc_14	0	medium: RTTI: slot 14 of vtable 0x9ea86c (FileBuffer); class membership read from RTTI, method meaning not established
43e314	FileBuffer__vfunc_16	0	medium: RTTI: slot 16 of vtable 0x9ea86c (FileBuffer); class membership read from RTTI, method meaning not established
43e3a2	FileBuffer__vfunc_01	0	medium: RTTI: slot 1 of vtable 0x9ea86c (FileBuffer); class membership read from RTTI, method meaning not established
43e49a	Semaphore__vfunc_00	0	medium: RTTI: slot 0 of vtable 0x9ea7d8 (Semaphore); class membership read from RTTI, method meaning not established
43e4b6	SyncEvent__vfunc_00	0	medium: RTTI: slot 0 of vtable 0x9ea7e4 (SyncEvent); class membership read from RTTI, method meaning not established
43f985	FileBuffer__vfunc_00	0	medium: RTTI: slot 0 of vtable 0x9ea86c (FileBuffer); class membership read from RTTI, method meaning not established
4408fe	____VAsyncFileManager____Thread__vfunc_00	0	medium: RTTI: slot 0 of vtable 0x9eaaa8 (::::VAsyncFileManager::?$Thread); class membership read from RTTI, method meaning not established
44150f	ThreadBase__vfunc_00	0	medium: RTTI: slot 0 of vtable 0x9eaa64 (ThreadBase); class membership read from RTTI, method meaning not established
443486	Scheduler__vfunc_00	0	medium: RTTI: slot 0 of vtable 0x9eac1c (Scheduler); class membership read from RTTI, method meaning not established
4435ee	____VWorkerThread____Thread__vfunc_00	0	medium: RTTI: slot 0 of vtable 0x9eac30 (::::VWorkerThread::?$Thread); class membership read from RTTI, method meaning not established
443cc1	ShaderCompileJobContainer__vfunc_01	0	medium: RTTI: slot 1 of vtable 0x9eacf4 (ShaderCompileJobContainer); class membership read from RTTI, method meaning not established
443cfb	SkinJobContainer__vfunc_01	0	medium: RTTI: slot 1 of vtable 0x9ead04 (SkinJobContainer); class membership read from RTTI, method meaning not established
443d3e	ParticleUpdateJobContainer__vfunc_01	0	medium: RTTI: slot 1 of vtable 0x9ead14 (ParticleUpdateJobContainer); class membership read from RTTI, method meaning not established
443d81	SimulatePhysicsJobContainer__vfunc_01	0	medium: RTTI: slot 1 of vtable 0x9ead24 (SimulatePhysicsJobContainer); class membership read from RTTI, method meaning not established
443df0	SoundObstructionJobContainer__vfunc_01	0	medium: RTTI: slot 1 of vtable 0x9ead34 (SoundObstructionJobContainer); class membership read from RTTI, method meaning not established
443f86	OcclusionSetupThreadContainer__vfunc_01	0	medium: RTTI: slot 1 of vtable 0x9eada8 (OcclusionSetupThreadContainer); class membership read from RTTI, method meaning not established
443faa	OcclusionRenderJobContainer__vfunc_01	0	medium: RTTI: slot 1 of vtable 0x9eadb8 (OcclusionRenderJobContainer); class membership read from RTTI, method meaning not established
443fca	OcclusionMergeJobContainer__vfunc_01	0	medium: RTTI: slot 1 of vtable 0x9eadc8 (OcclusionMergeJobContainer); class membership read from RTTI, method meaning not established
444845	WorkQueueScheduler__vfunc_00	0	medium: RTTI: slot 0 of vtable 0x9eacd0 (WorkQueueScheduler); class membership read from RTTI, method meaning not established
4448a5	ShaderCompileJobContainer__vfunc_00	0	medium: RTTI: slot 0 of vtable 0x9eacf4 (ShaderCompileJobContainer); class membership read from RTTI, method meaning not established
4448c7	SkinJobContainer__vfunc_00	0	medium: RTTI: slot 0 of vtable 0x9ead04 (SkinJobContainer); class membership read from RTTI, method meaning not established
4449a2	ParticleUpdateJobContainer__vfunc_00	0	medium: RTTI: slot 0 of vtable 0x9ead14 (ParticleUpdateJobContainer); class membership read from RTTI, method meaning not established
4449be	SimulatePhysicsJobContainer__vfunc_00	0	medium: RTTI: slot 0 of vtable 0x9ead24 (SimulatePhysicsJobContainer); class membership read from RTTI, method meaning not established
4449da	SoundObstructionJobContainer__vfunc_00	0	medium: RTTI: slot 0 of vtable 0x9ead34 (SoundObstructionJobContainer); class membership read from RTTI, method meaning not established
4449f6	OcclusionSetupThreadContainer__vfunc_00	0	medium: RTTI: slot 0 of vtable 0x9eada8 (OcclusionSetupThreadContainer); class membership read from RTTI, method meaning not established
444a12	OcclusionRenderJobContainer__vfunc_00	0	medium: RTTI: slot 0 of vtable 0x9eadb8 (OcclusionRenderJobContainer); class membership read from RTTI, method meaning not established
444a34	OcclusionMergeJobContainer__vfunc_00	0	medium: RTTI: slot 0 of vtable 0x9eadc8 (OcclusionMergeJobContainer); class membership read from RTTI, method meaning not established
444b8a	WorkQueueScheduler__vfunc_03	0	medium: RTTI: slot 3 of vtable 0x9eacd0 (WorkQueueScheduler); class membership read from RTTI, method meaning not established
444c03	WorkQueueScheduler__vfunc_02	0	medium: RTTI: slot 2 of vtable 0x9eacd0 (WorkQueueScheduler); class membership read from RTTI, method meaning not established
445163	WorkQueueScheduler__vfunc_01	0	medium: RTTI: slot 1 of vtable 0x9eacd0 (WorkQueueScheduler); class membership read from RTTI, method meaning not established
4459ad	OcclusionQueryJobContainer__vfunc_01	0	medium: RTTI: slot 1 of vtable 0x9eb138 (OcclusionQueryJobContainer); class membership read from RTTI, method meaning not established
4459df	LightOcclusionQueryJobContainer__vfunc_01	0	medium: RTTI: slot 1 of vtable 0x9eb148 (LightOcclusionQueryJobContainer); class membership read from RTTI, method meaning not established
445d67	SoundSystem_XAudio2__vfunc_04	0	medium: RTTI: slot 4 of vtable 0x9eb804 (SoundSystem_XAudio2), inherited by 1 other vtables; class membership read from RTTI, method meaning not established
445d73	SoundSystem_XAudio2__vfunc_05	0	medium: RTTI: slot 5 of vtable 0x9eb804 (SoundSystem_XAudio2), inherited by 1 other vtables; class membership read from RTTI, method meaning not established
445d8e	SoundSystem_XAudio2__vfunc_06	0	medium: RTTI: slot 6 of vtable 0x9eb804 (SoundSystem_XAudio2), inherited by 1 other vtables; class membership read from RTTI, method meaning not established
445db8	SoundSystem_XAudio2__vfunc_07	0	medium: RTTI: slot 7 of vtable 0x9eb804 (SoundSystem_XAudio2), inherited by 1 other vtables; class membership read from RTTI, method meaning not established
445ea4	SoundSystem_XAudio2__vfunc_08	0	medium: RTTI: slot 8 of vtable 0x9eb804 (SoundSystem_XAudio2), inherited by 1 other vtables; class membership read from RTTI, method meaning not established
445ede	Sprite__GetTopAnchor	0	high: registered under this name in FUN_004c7270 (name string pushed immediately before the member-function pointer)
445ee5	SoundSystem_XAudio2__vfunc_13	0	medium: RTTI: slot 13 of vtable 0x9eb804 (SoundSystem_XAudio2), inherited by 1 other vtables; class membership read from RTTI, method meaning not established
445ef2	SoundSystem_XAudio2__vfunc_14	0	medium: RTTI: slot 14 of vtable 0x9eb804 (SoundSystem_XAudio2), inherited by 1 other vtables; class membership read from RTTI, method meaning not established
446327	SoundControllerBuffer__vfunc_01	0	medium: RTTI: slot 1 of vtable 0x9eb7a4 (SoundControllerBuffer); class membership read from RTTI, method meaning not established
446859	OcclusionQueryJobContainer__vfunc_00	0	medium: RTTI: slot 0 of vtable 0x9eb138 (OcclusionQueryJobContainer); class membership read from RTTI, method meaning not established
44687b	LightOcclusionQueryJobContainer__vfunc_00	0	medium: RTTI: slot 0 of vtable 0x9eb148 (LightOcclusionQueryJobContainer); class membership read from RTTI, method meaning not established
446906	XAudio2EngineCallback__vfunc_01	0	medium: RTTI: slot 1 of vtable 0x9eb268 (XAudio2EngineCallback); class membership read from RTTI, method meaning not established
44691a	XAudio2EngineCallback__vfunc_03	0	medium: RTTI: slot 3 of vtable 0x9eb268 (XAudio2EngineCallback); class membership read from RTTI, method meaning not established
446965	SoundSystem_XAudio2__vfunc_16	0	medium: RTTI: slot 16 of vtable 0x9eb804 (SoundSystem_XAudio2), inherited by 1 other vtables; class membership read from RTTI, method meaning not established
446990	SoundSystem_XAudio2__vfunc_17	0	medium: RTTI: slot 17 of vtable 0x9eb804 (SoundSystem_XAudio2), inherited by 1 other vtables; class membership read from RTTI, method meaning not established
446bac	____VSoundSystem_XAudio2____Thread__vfunc_00	0	medium: RTTI: slot 0 of vtable 0x9eb27c (::::VSoundSystem_XAudio2::?$Thread); class membership read from RTTI, method meaning not established
446d24	QuadTreeItemCheckBaseJobContainer__vfunc_01	0	medium: RTTI: slot 1 of vtable 0x9eb2f0 (QuadTreeItemCheckBaseJobContainer), inherited by 3 other vtables; class membership read from RTTI, method meaning not established
446e6a	SoundSystem_XAudio2__vfunc_11	0	medium: RTTI: slot 11 of vtable 0x9eb804 (SoundSystem_XAudio2), inherited by 1 other vtables; class membership read from RTTI, method meaning not established
44809c	QuadTreeItemCheckBaseJobContainer__vfunc_00	0	medium: RTTI: slot 0 of vtable 0x9eb2f0 (QuadTreeItemCheckBaseJobContainer); class membership read from RTTI, method meaning not established
4481a4	QuadTreeItemCheckSphereJobContainer__vfunc_00	0	medium: RTTI: slot 0 of vtable 0x9eb300 (QuadTreeItemCheckSphereJobContainer); class membership read from RTTI, method meaning not established
448219	QuadTreeItemCheckFrustumJobContainer__vfunc_00	0	medium: RTTI: slot 0 of vtable 0x9eb310 (QuadTreeItemCheckFrustumJobContainer); class membership read from RTTI, method meaning not established
44828b	QuadTreeItemCheckInfiniteCylinderJobContainer__vfunc_00	0	medium: RTTI: slot 0 of vtable 0x9eb320 (QuadTreeItemCheckInfiniteCylinderJobContainer); class membership read from RTTI, method meaning not established
448336	SoundSystem_XAudio2__vfunc_15	0	medium: RTTI: slot 15 of vtable 0x9eb804 (SoundSystem_XAudio2), inherited by 1 other vtables; class membership read from RTTI, method meaning not established
449830	VoiceEventHandler__vfunc_00	0	medium: RTTI: slot 0 of vtable 0x9eb1b4 (VoiceEventHandler); class membership read from RTTI, method meaning not established
44a868	SoundSystem_XAudio2__vfunc_03	0	medium: RTTI: slot 3 of vtable 0x9eb804 (SoundSystem_XAudio2), inherited by 1 other vtables; class membership read from RTTI, method meaning not established
44a8de	SoundSystem__vfunc_00	0	medium: RTTI: slot 0 of vtable 0x9eb7b4 (SoundSystem); class membership read from RTTI, method meaning not established
44afed	CueChunk__vfunc_00	0	medium: RTTI: slot 0 of vtable 0x9eb8cc (CueChunk); class membership read from RTTI, method meaning not established
44b009	SoundSystem_XAudio2__vfunc_00	0	medium: RTTI: slot 0 of vtable 0x9eb804 (SoundSystem_XAudio2); class membership read from RTTI, method meaning not established
44b025	SoundSystem__vfunc_01	0	medium: RTTI: slot 1 of vtable 0x9eb7b4 (SoundSystem); class membership read from RTTI, method meaning not established
44b531	SoundSystem_XAudio2__vfunc_01	0	medium: RTTI: slot 1 of vtable 0x9eb804 (SoundSystem_XAudio2); class membership read from RTTI, method meaning not established
44b6f3	SoundControllerBuffer__vfunc_00	0	medium: RTTI: slot 0 of vtable 0x9eb7a4 (SoundControllerBuffer); class membership read from RTTI, method meaning not established
44b736	Voice__vfunc_01	0	medium: RTTI: slot 1 of vtable 0x9eb8a8 (Voice); class membership read from RTTI, method meaning not established
44bad3	SoundStreamSink__vfunc_01	0	medium: RTTI: slot 1 of vtable 0x9eba1c (SoundStreamSink), inherited by 2 other vtables; class membership read from RTTI, method meaning not established
44bae7	SoundStreamSink__vfunc_02	0	medium: RTTI: slot 2 of vtable 0x9eba1c (SoundStreamSink), inherited by 2 other vtables; class membership read from RTTI, method meaning not established
44baf8	SoundStreamSink__vfunc_05	0	medium: RTTI: slot 5 of vtable 0x9eba1c (SoundStreamSink), inherited by 2 other vtables; class membership read from RTTI, method meaning not established
44bb26	PcmStreamTrack__vfunc_03	0	medium: RTTI: slot 3 of vtable 0x9ebe04 (PcmStreamTrack); class membership read from RTTI, method meaning not established
44bb58	PcmStreamTrack__vfunc_04	0	medium: RTTI: slot 4 of vtable 0x9ebe04 (PcmStreamTrack); class membership read from RTTI, method meaning not established
44bb62	PcmStreamTrack__vfunc_05	0	medium: RTTI: slot 5 of vtable 0x9ebe04 (PcmStreamTrack); class membership read from RTTI, method meaning not established
44bc01	PcmStreamTrackSerializer__vfunc_03	0	medium: RTTI: slot 3 of vtable 0x9eba38 (PcmStreamTrackSerializer); class membership read from RTTI, method meaning not established
44bc0f	PcmStreamTrackSerializer__vfunc_05	0	medium: RTTI: slot 5 of vtable 0x9eba38 (PcmStreamTrackSerializer); class membership read from RTTI, method meaning not established
44bc43	PcmStreamTrackSerializer__vfunc_06	0	medium: RTTI: slot 6 of vtable 0x9eba38 (PcmStreamTrackSerializer); class membership read from RTTI, method meaning not established
44bc58	PcmStreamTrackSerializer__vfunc_07	0	medium: RTTI: slot 7 of vtable 0x9eba38 (PcmStreamTrackSerializer); class membership read from RTTI, method meaning not established
44bc85	PcmStreamTrackSerializer__vfunc_08	0	medium: RTTI: slot 8 of vtable 0x9eba38 (PcmStreamTrackSerializer); class membership read from RTTI, method meaning not established
44bd20	PcmStreamSink__vfunc_03	0	medium: RTTI: slot 3 of vtable 0x9eba60 (PcmStreamSink); class membership read from RTTI, method meaning not established
44d10d	MediaStreamTrackSerializer__vfunc_00	0	medium: RTTI: slot 0 of vtable 0x9eb988 (MediaStreamTrackSerializer); class membership read from RTTI, method meaning not established
44d129	MediaStreamTrackSerializer__vfunc_01	0	medium: RTTI: slot 1 of vtable 0x9eb988 (MediaStreamTrackSerializer); class membership read from RTTI, method meaning not established
44d167	MediaStreamSink__vfunc_00	0	medium: RTTI: slot 0 of vtable 0x9eb9b0 (MediaStreamSink); class membership read from RTTI, method meaning not established
44d184	SoundStreamSink__vfunc_00	0	medium: RTTI: slot 0 of vtable 0x9eba1c (SoundStreamSink); class membership read from RTTI, method meaning not established
44d1a0	PcmStreamTrack__vfunc_06	0	medium: RTTI: slot 6 of vtable 0x9ebe04 (PcmStreamTrack); class membership read from RTTI, method meaning not established
44d1c3	PcmStreamTrackSerializer__vfunc_00	0	medium: RTTI: slot 0 of vtable 0x9eba38 (PcmStreamTrackSerializer); class membership read from RTTI, method meaning not established
44d1df	PcmStreamTrackSerializer__vfunc_01	0	medium: RTTI: slot 1 of vtable 0x9eba38 (PcmStreamTrackSerializer); class membership read from RTTI, method meaning not established
44d2d5	PcmStreamTrackSerializer__vfunc_02	0	medium: RTTI: slot 2 of vtable 0x9eba38 (PcmStreamTrackSerializer); class membership read from RTTI, method meaning not established
44d353	PcmStreamSink__vfunc_00	0	medium: RTTI: slot 0 of vtable 0x9eba60 (PcmStreamSink); class membership read from RTTI, method meaning not established
44f5b5	LoadBlock__GetNumNodesOutsideQuadTreeBounds	0	medium: registered under this name in FUN_00496c76 (name string pushed immediately before the member-function pointer); COMDAT-folded, also: SceneNode::GetGameCamera2
44f5b8	MediaStreamTrack__vfunc_00	0	medium: RTTI: slot 0 of vtable 0x9ebc50 (MediaStreamTrack); class membership read from RTTI, method meaning not established
44f784	MediaStreamTrack__vfunc_02	0	medium: RTTI: slot 2 of vtable 0x9ebc50 (MediaStreamTrack); class membership read from RTTI, method meaning not established
44f969	SoundStreamTrack__vfunc_02	0	medium: RTTI: slot 2 of vtable 0x9ebc80 (SoundStreamTrack); class membership read from RTTI, method meaning not established
44fa10	PcmStreamTrack__vfunc_02	0	medium: RTTI: slot 2 of vtable 0x9ebe04 (PcmStreamTrack); class membership read from RTTI, method meaning not established
45048a	MediaStreamResourceInstance__vfunc_00	0	medium: RTTI: slot 0 of vtable 0x9ebc70 (MediaStreamResourceInstance); class membership read from RTTI, method meaning not established
450567	MediaStreamReadBuffer__vfunc_00	0	medium: RTTI: slot 0 of vtable 0x9ebc78 (MediaStreamReadBuffer); class membership read from RTTI, method meaning not established
450b81	SoundStreamTrack__vfunc_00	0	medium: RTTI: slot 0 of vtable 0x9ebc80 (SoundStreamTrack), inherited by 2 other vtables; class membership read from RTTI, method meaning not established
450b9d	PcmStreamTrack__vfunc_01	0	medium: RTTI: slot 1 of vtable 0x9ebe04 (PcmStreamTrack); class membership read from RTTI, method meaning not established
450bc7	PcmStreamTrack__vfunc_07	0	medium: RTTI: slot 7 of vtable 0x9ebe04 (PcmStreamTrack); class membership read from RTTI, method meaning not established
452f8a	FmtChunk__vfunc_02	0	medium: RTTI: slot 2 of vtable 0x9ebf34 (FmtChunk); class membership read from RTTI, method meaning not established
45302a	DataChunk__vfunc_01	0	medium: RTTI: slot 1 of vtable 0x9ebf44 (DataChunk); class membership read from RTTI, method meaning not established
45303b	DataChunk__vfunc_02	0	medium: RTTI: slot 2 of vtable 0x9ebf44 (DataChunk); class membership read from RTTI, method meaning not established
453459	SubChunk__vfunc_00	0	medium: RTTI: slot 0 of vtable 0x9eb1c0 (SubChunk), inherited by 2 other vtables; class membership read from RTTI, method meaning not established
453706	FmtChunk__vfunc_00	0	medium: RTTI: slot 0 of vtable 0x9ebf34 (FmtChunk); class membership read from RTTI, method meaning not established
453818	FmtChunk__vfunc_01	0	medium: RTTI: slot 1 of vtable 0x9ebf34 (FmtChunk); class membership read from RTTI, method meaning not established
453c19	CueChunk__vfunc_01	0	medium: RTTI: slot 1 of vtable 0x9eb8cc (CueChunk); class membership read from RTTI, method meaning not established
453c47	ListChunk__vfunc_01	0	medium: RTTI: slot 1 of vtable 0x9eb330 (ListChunk); class membership read from RTTI, method meaning not established
453d6b	GfxQuery__vfunc_03	0	medium: RTTI: slot 3 of vtable 0x9ec994 (GfxQuery); class membership read from RTTI, method meaning not established
454086	SurfaceBufferDx9__vfunc_01	0	medium: RTTI: slot 1 of vtable 0x9ec9a8 (SurfaceBufferDx9); class membership read from RTTI, method meaning not established
45413e	SurfaceBufferDx9__vfunc_02	0	medium: RTTI: slot 2 of vtable 0x9ec9a8 (SurfaceBufferDx9); class membership read from RTTI, method meaning not established
454216	VertexBuffer_Dx9__vfunc_01	0	medium: RTTI: slot 1 of vtable 0x9ed244 (VertexBuffer_Dx9); class membership read from RTTI, method meaning not established
454295	VertexBuffer_Dx9__vfunc_02	0	medium: RTTI: slot 2 of vtable 0x9ed244 (VertexBuffer_Dx9); class membership read from RTTI, method meaning not established
454319	VertexBuffer_Dx9__vfunc_16	0	medium: RTTI: slot 16 of vtable 0x9ed244 (VertexBuffer_Dx9); class membership read from RTTI, method meaning not established
454358	VertexBuffer_Dx9__vfunc_17	0	medium: RTTI: slot 17 of vtable 0x9ed244 (VertexBuffer_Dx9); class membership read from RTTI, method meaning not established
454384	TextureBuffer_Dx9__vfunc_03	0	medium: RTTI: slot 3 of vtable 0x9ed2c4 (TextureBuffer_Dx9); class membership read from RTTI, method meaning not established
454480	TextureBuffer_Dx9__vfunc_06	0	medium: RTTI: slot 6 of vtable 0x9ed2c4 (TextureBuffer_Dx9); class membership read from RTTI, method meaning not established
454660	TextureBuffer_Dx9__vfunc_02	0	medium: RTTI: slot 2 of vtable 0x9ed2c4 (TextureBuffer_Dx9); class membership read from RTTI, method meaning not established
4548b2	TextureBuffer_Dx9__vfunc_12	0	medium: RTTI: slot 12 of vtable 0x9ed2c4 (TextureBuffer_Dx9); class membership read from RTTI, method meaning not established
45496a	TextureBuffer_Dx9__vfunc_13	0	medium: RTTI: slot 13 of vtable 0x9ed2c4 (TextureBuffer_Dx9); class membership read from RTTI, method meaning not established
4549d1	ShaderBuffer_Dx9__vfunc_03	0	medium: RTTI: slot 3 of vtable 0x9eca4c (ShaderBuffer_Dx9); class membership read from RTTI, method meaning not established
4549e1	ShaderBuffer_Dx9__vfunc_04	0	medium: RTTI: slot 4 of vtable 0x9eca4c (ShaderBuffer_Dx9); class membership read from RTTI, method meaning not established
454a76	IndexBuffer_Dx9__vfunc_01	0	medium: RTTI: slot 1 of vtable 0x9ed43c (IndexBuffer_Dx9); class membership read from RTTI, method meaning not established
454ad9	IndexBuffer_Dx9__vfunc_02	0	medium: RTTI: slot 2 of vtable 0x9ed43c (IndexBuffer_Dx9); class membership read from RTTI, method meaning not established
454b4d	IndexBuffer_Dx9__vfunc_14	0	medium: RTTI: slot 14 of vtable 0x9ed43c (IndexBuffer_Dx9); class membership read from RTTI, method meaning not established
454b73	IndexBuffer_Dx9__vfunc_15	0	medium: RTTI: slot 15 of vtable 0x9ed43c (IndexBuffer_Dx9); class membership read from RTTI, method meaning not established
454e79	GfxDx9__vfunc_17	0	medium: RTTI: slot 17 of vtable 0x9ed714 (GfxDx9); class membership read from RTTI, method meaning not established
454e97	GfxDx9__vfunc_56	0	medium: RTTI: slot 56 of vtable 0x9ed714 (GfxDx9); class membership read from RTTI, method meaning not established
454ec2	GfxDx9__vfunc_02	0	medium: RTTI: slot 2 of vtable 0x9ed714 (GfxDx9); class membership read from RTTI, method meaning not established
454fb7	GfxDx9__vfunc_03	0	medium: RTTI: slot 3 of vtable 0x9ed714 (GfxDx9); class membership read from RTTI, method meaning not established
455140	GfxDx9__vfunc_20	0	medium: RTTI: slot 20 of vtable 0x9ed714 (GfxDx9); class membership read from RTTI, method meaning not established
455263	GfxDx9__vfunc_19	0	medium: RTTI: slot 19 of vtable 0x9ed714 (GfxDx9); class membership read from RTTI, method meaning not established
4552f1	GfxDx9__vfunc_31	0	medium: RTTI: slot 31 of vtable 0x9ed714 (GfxDx9); class membership read from RTTI, method meaning not established
455374	GfxDx9__vfunc_51	0	medium: RTTI: slot 51 of vtable 0x9ed714 (GfxDx9); class membership read from RTTI, method meaning not established
455392	GfxDx9__vfunc_52	0	medium: RTTI: slot 52 of vtable 0x9ed714 (GfxDx9); class membership read from RTTI, method meaning not established
4553cc	GfxDx9__vfunc_53	0	medium: RTTI: slot 53 of vtable 0x9ed714 (GfxDx9); class membership read from RTTI, method meaning not established
455612	GfxQueryDx9__vfunc_00	0	medium: RTTI: slot 0 of vtable 0x9ecd4c (GfxQueryDx9); class membership read from RTTI, method meaning not established
45562b	GfxQueryDx9__vfunc_01	0	medium: RTTI: slot 1 of vtable 0x9ecd4c (GfxQueryDx9); class membership read from RTTI, method meaning not established
455644	GfxQueryDx9__vfunc_02	0	medium: RTTI: slot 2 of vtable 0x9ecd4c (GfxQueryDx9); class membership read from RTTI, method meaning not established
455d70	VorbisStreamTrackSerializer__vfunc_03	0	medium: RTTI: slot 3 of vtable 0x9ecd68 (VorbisStreamTrackSerializer); class membership read from RTTI, method meaning not established
455d78	VorbisStreamTrackSerializer__vfunc_05	0	medium: RTTI: slot 5 of vtable 0x9ecd68 (VorbisStreamTrackSerializer); class membership read from RTTI, method meaning not established
455db5	VorbisStreamTrackSerializer__vfunc_06	0	medium: RTTI: slot 6 of vtable 0x9ecd68 (VorbisStreamTrackSerializer); class membership read from RTTI, method meaning not established
455df6	VorbisStreamTrackSerializer__vfunc_07	0	medium: RTTI: slot 7 of vtable 0x9ecd68 (VorbisStreamTrackSerializer); class membership read from RTTI, method meaning not established
455e26	VorbisStreamTrackSerializer__vfunc_08	0	medium: RTTI: slot 8 of vtable 0x9ecd68 (VorbisStreamTrackSerializer); class membership read from RTTI, method meaning not established
455e6e	VorbisStreamSink__vfunc_03	0	medium: RTTI: slot 3 of vtable 0x9ecf50 (VorbisStreamSink); class membership read from RTTI, method meaning not established
45605e	SurfaceBufferDx9__vfunc_00	0	medium: RTTI: slot 0 of vtable 0x9ec9a8 (SurfaceBufferDx9); class membership read from RTTI, method meaning not established
45633b	GfxDx9__vfunc_18	0	medium: RTTI: slot 18 of vtable 0x9ed714 (GfxDx9); class membership read from RTTI, method meaning not established
45636a	GfxDx9__vfunc_32	0	medium: RTTI: slot 32 of vtable 0x9ed714 (GfxDx9); class membership read from RTTI, method meaning not established
4563fc	GfxDx9__vfunc_57	0	medium: RTTI: slot 57 of vtable 0x9ed714 (GfxDx9); class membership read from RTTI, method meaning not established
45644f	GfxDx9__vfunc_58	0	medium: RTTI: slot 58 of vtable 0x9ed714 (GfxDx9); class membership read from RTTI, method meaning not established
4564e3	GfxQueryDx9__vfunc_03	0	medium: RTTI: slot 3 of vtable 0x9ecd4c (GfxQueryDx9); class membership read from RTTI, method meaning not established
456738	VorbisStreamTrack__vfunc_06	0	medium: RTTI: slot 6 of vtable 0x9ed488 (VorbisStreamTrack); class membership read from RTTI, method meaning not established
45675b	VorbisStreamTrackSerializer__vfunc_00	0	medium: RTTI: slot 0 of vtable 0x9ecd68 (VorbisStreamTrackSerializer); class membership read from RTTI, method meaning not established
456777	VorbisStreamTrackSerializer__vfunc_01	0	medium: RTTI: slot 1 of vtable 0x9ecd68 (VorbisStreamTrackSerializer); class membership read from RTTI, method meaning not established
4568cf	VorbisStreamTrackSerializer__vfunc_02	0	medium: RTTI: slot 2 of vtable 0x9ecd68 (VorbisStreamTrackSerializer); class membership read from RTTI, method meaning not established
456a27	GameControllerWin32__vfunc_01	0	medium: RTTI: slot 1 of vtable 0x9ecf6c (GameControllerWin32); class membership read from RTTI, method meaning not established
456ce6	VertexBuffer_Dx9__vfunc_14	0	medium: RTTI: slot 14 of vtable 0x9ed244 (VertexBuffer_Dx9); class membership read from RTTI, method meaning not established
456cf7	VertexBuffer_Dx9__vfunc_11	0	medium: RTTI: slot 11 of vtable 0x9ed244 (VertexBuffer_Dx9); class membership read from RTTI, method meaning not established
456efa	ShaderBuffer_Dx9__vfunc_01	0	medium: RTTI: slot 1 of vtable 0x9eca4c (ShaderBuffer_Dx9); class membership read from RTTI, method meaning not established
456f16	ShaderBuffer_Dx9__vfunc_05	0	medium: RTTI: slot 5 of vtable 0x9eca4c (ShaderBuffer_Dx9); class membership read from RTTI, method meaning not established
456f74	IndexBuffer_Dx9__vfunc_12	0	medium: RTTI: slot 12 of vtable 0x9ed43c (IndexBuffer_Dx9); class membership read from RTTI, method meaning not established
4571ff	GfxDx9__vfunc_55	0	medium: RTTI: slot 55 of vtable 0x9ed714 (GfxDx9); class membership read from RTTI, method meaning not established
45737d	GfxDx9__vfunc_15	0	medium: RTTI: slot 15 of vtable 0x9ed714 (GfxDx9); class membership read from RTTI, method meaning not established
457455	VorbisStreamSink__vfunc_00	0	medium: RTTI: slot 0 of vtable 0x9ecf50 (VorbisStreamSink); class membership read from RTTI, method meaning not established
4576df	GameControllerWin32__vfunc_00	0	medium: RTTI: slot 0 of vtable 0x9ecf6c (GameControllerWin32); class membership read from RTTI, method meaning not established
457863	VertexBuffer_Dx9__vfunc_18	0	medium: RTTI: slot 18 of vtable 0x9ed244 (VertexBuffer_Dx9); class membership read from RTTI, method meaning not established
4578a1	VertexBuffer_Dx9__vfunc_19	0	medium: RTTI: slot 19 of vtable 0x9ed244 (VertexBuffer_Dx9); class membership read from RTTI, method meaning not established
4578b6	VertexBuffer_Dx9__vfunc_09	0	medium: RTTI: slot 9 of vtable 0x9ed244 (VertexBuffer_Dx9); class membership read from RTTI, method meaning not established
4578d6	VertexBuffer_Dx9__vfunc_10	0	medium: RTTI: slot 10 of vtable 0x9ed244 (VertexBuffer_Dx9); class membership read from RTTI, method meaning not established
45809e	TextureBuffer_Dx9__vfunc_10	0	medium: RTTI: slot 10 of vtable 0x9ed2c4 (TextureBuffer_Dx9); class membership read from RTTI, method meaning not established
4580b0	TextureBuffer_Dx9__vfunc_05	0	medium: RTTI: slot 5 of vtable 0x9ed2c4 (TextureBuffer_Dx9); class membership read from RTTI, method meaning not established
45816f	TextureBuffer_Dx9__vfunc_08	0	medium: RTTI: slot 8 of vtable 0x9ed2c4 (TextureBuffer_Dx9); class membership read from RTTI, method meaning not established
458199	TextureBuffer_Dx9__vfunc_09	0	medium: RTTI: slot 9 of vtable 0x9ed2c4 (TextureBuffer_Dx9); class membership read from RTTI, method meaning not established
458711	IndexBuffer_Dx9__vfunc_16	0	medium: RTTI: slot 16 of vtable 0x9ed43c (IndexBuffer_Dx9); class membership read from RTTI, method meaning not established
458728	IndexBuffer_Dx9__vfunc_17	0	medium: RTTI: slot 17 of vtable 0x9ed43c (IndexBuffer_Dx9); class membership read from RTTI, method meaning not established
458744	IndexBuffer_Dx9__vfunc_09	0	medium: RTTI: slot 9 of vtable 0x9ed43c (IndexBuffer_Dx9); class membership read from RTTI, method meaning not established
458794	GfxDx9__vfunc_11	0	medium: RTTI: slot 11 of vtable 0x9ed714 (GfxDx9); class membership read from RTTI, method meaning not established
45972e	GfxDx9__vfunc_14	0	medium: RTTI: slot 14 of vtable 0x9ed714 (GfxDx9); class membership read from RTTI, method meaning not established
459857	GfxDx9__vfunc_22	0	medium: RTTI: slot 22 of vtable 0x9ed714 (GfxDx9); class membership read from RTTI, method meaning not established
459945	GfxDx9__vfunc_21	0	medium: RTTI: slot 21 of vtable 0x9ed714 (GfxDx9); class membership read from RTTI, method meaning not established
4599c7	GfxDx9__vfunc_24	0	medium: RTTI: slot 24 of vtable 0x9ed714 (GfxDx9); class membership read from RTTI, method meaning not established
459a70	GfxDx9__vfunc_26	0	medium: RTTI: slot 26 of vtable 0x9ed714 (GfxDx9); class membership read from RTTI, method meaning not established
459aed	GfxDx9__vfunc_28	0	medium: RTTI: slot 28 of vtable 0x9ed714 (GfxDx9); class membership read from RTTI, method meaning not established
459b9a	GfxDx9__vfunc_29	0	medium: RTTI: slot 29 of vtable 0x9ed714 (GfxDx9); class membership read from RTTI, method meaning not established
459c33	GfxDx9__vfunc_30	0	medium: RTTI: slot 30 of vtable 0x9ed714 (GfxDx9); class membership read from RTTI, method meaning not established
459da5	VorbisStreamTrack__vfunc_01	0	medium: RTTI: slot 1 of vtable 0x9ed488 (VorbisStreamTrack); class membership read from RTTI, method meaning not established
45a152	VertexBuffer_Dx9__vfunc_12	0	medium: RTTI: slot 12 of vtable 0x9ed244 (VertexBuffer_Dx9); class membership read from RTTI, method meaning not established
45a210	VertexBuffer_Dx9__vfunc_03	0	medium: RTTI: slot 3 of vtable 0x9ed244 (VertexBuffer_Dx9); class membership read from RTTI, method meaning not established
45a286	VertexBuffer_Dx9__vfunc_04	0	medium: RTTI: slot 4 of vtable 0x9ed244 (VertexBuffer_Dx9); class membership read from RTTI, method meaning not established
45a2d3	VertexBuffer_Dx9__vfunc_06	0	medium: RTTI: slot 6 of vtable 0x9ed244 (VertexBuffer_Dx9); class membership read from RTTI, method meaning not established
45a448	TextureBuffer_Dx9__vfunc_01	0	medium: RTTI: slot 1 of vtable 0x9ed2c4 (TextureBuffer_Dx9); class membership read from RTTI, method meaning not established
45aa8e	IndexBuffer_Dx9__vfunc_03	0	medium: RTTI: slot 3 of vtable 0x9ed43c (IndexBuffer_Dx9); class membership read from RTTI, method meaning not established
45ab03	IndexBuffer_Dx9__vfunc_04	0	medium: RTTI: slot 4 of vtable 0x9ed43c (IndexBuffer_Dx9); class membership read from RTTI, method meaning not established
45ab50	IndexBuffer_Dx9__vfunc_06	0	medium: RTTI: slot 6 of vtable 0x9ed43c (IndexBuffer_Dx9); class membership read from RTTI, method meaning not established
45ab74	GfxDx9__vfunc_06	0	medium: RTTI: slot 6 of vtable 0x9ed714 (GfxDx9); class membership read from RTTI, method meaning not established
45ab87	GfxDx9__vfunc_07	0	medium: RTTI: slot 7 of vtable 0x9ed714 (GfxDx9); class membership read from RTTI, method meaning not established
45ad93	GfxDx9__vfunc_16	0	medium: RTTI: slot 16 of vtable 0x9ed714 (GfxDx9); class membership read from RTTI, method meaning not established
45addf	VorbisStreamTrack__vfunc_07	0	medium: RTTI: slot 7 of vtable 0x9ed488 (VorbisStreamTrack); class membership read from RTTI, method meaning not established
45ae91	VertexBuffer_Dx9__vfunc_05	0	medium: RTTI: slot 5 of vtable 0x9ed244 (VertexBuffer_Dx9); class membership read from RTTI, method meaning not established
45aead	VertexBuffer_Dx9__vfunc_13	0	medium: RTTI: slot 13 of vtable 0x9ed244 (VertexBuffer_Dx9); class membership read from RTTI, method meaning not established
45aec2	TextureBuffer_Dx9__vfunc_04	0	medium: RTTI: slot 4 of vtable 0x9ed2c4 (TextureBuffer_Dx9); class membership read from RTTI, method meaning not established
45af72	TextureBuffer_Dx9__vfunc_14	0	medium: RTTI: slot 14 of vtable 0x9ed2c4 (TextureBuffer_Dx9); class membership read from RTTI, method meaning not established
45af7b	TextureBuffer_Dx9__vfunc_15	0	medium: RTTI: slot 15 of vtable 0x9ed2c4 (TextureBuffer_Dx9); class membership read from RTTI, method meaning not established
45af84	ShaderBuffer_Dx9__vfunc_02	0	medium: RTTI: slot 2 of vtable 0x9eca4c (ShaderBuffer_Dx9); class membership read from RTTI, method meaning not established
45b03f	IndexBuffer_Dx9__vfunc_05	0	medium: RTTI: slot 5 of vtable 0x9ed43c (IndexBuffer_Dx9); class membership read from RTTI, method meaning not established
45b05d	IndexBuffer_Dx9__vfunc_11	0	medium: RTTI: slot 11 of vtable 0x9ed43c (IndexBuffer_Dx9); class membership read from RTTI, method meaning not established
45b076	IndexBuffer_Dx9__vfunc_10	0	medium: RTTI: slot 10 of vtable 0x9ed43c (IndexBuffer_Dx9); class membership read from RTTI, method meaning not established
45b15c	GfxDx9__vfunc_05	0	medium: RTTI: slot 5 of vtable 0x9ed714 (GfxDx9); class membership read from RTTI, method meaning not established
45b169	GfxDx9__vfunc_10	0	medium: RTTI: slot 10 of vtable 0x9ed714 (GfxDx9); class membership read from RTTI, method meaning not established
45b17d	GfxDx9__vfunc_41	0	medium: RTTI: slot 41 of vtable 0x9ed714 (GfxDx9); class membership read from RTTI, method meaning not established
45b199	GfxDx9__vfunc_08	0	medium: RTTI: slot 8 of vtable 0x9ed714 (GfxDx9); class membership read from RTTI, method meaning not established
45b276	GfxDx9__vfunc_09	0	medium: RTTI: slot 9 of vtable 0x9ed714 (GfxDx9); class membership read from RTTI, method meaning not established
45b349	GfxDx9__vfunc_01	0	medium: RTTI: slot 1 of vtable 0x9ed714 (GfxDx9); class membership read from RTTI, method meaning not established
45c2f6	GfxDx9__vfunc_00	0	medium: RTTI: slot 0 of vtable 0x9ed714 (GfxDx9); class membership read from RTTI, method meaning not established
45c312	GfxDx9__vfunc_59	0	medium: RTTI: slot 59 of vtable 0x9ed714 (GfxDx9); class membership read from RTTI, method meaning not established
45c34d	VertexBuffer_Dx9__vfunc_00	0	medium: RTTI: slot 0 of vtable 0x9ed244 (VertexBuffer_Dx9); class membership read from RTTI, method meaning not established
45c369	TextureBuffer_Dx9__vfunc_00	0	medium: RTTI: slot 0 of vtable 0x9ed2c4 (TextureBuffer_Dx9); class membership read from RTTI, method meaning not established
45c385	IndexBuffer_Dx9__vfunc_00	0	medium: RTTI: slot 0 of vtable 0x9ed43c (IndexBuffer_Dx9); class membership read from RTTI, method meaning not established
45c43b	MouseWin32__vfunc_02	0	medium: RTTI: slot 2 of vtable 0x9ee8bc (MouseWin32); class membership read from RTTI, method meaning not established
45c45c	MouseWin32__vfunc_03	0	medium: RTTI: slot 3 of vtable 0x9ee8bc (MouseWin32); class membership read from RTTI, method meaning not established
45c48e	MouseWin32__vfunc_04	0	medium: RTTI: slot 4 of vtable 0x9ee8bc (MouseWin32); class membership read from RTTI, method meaning not established
45c4e9	MouseWin32__vfunc_05	0	medium: RTTI: slot 5 of vtable 0x9ee8bc (MouseWin32); class membership read from RTTI, method meaning not established
45c4f6	MouseWin32__vfunc_06	0	medium: RTTI: slot 6 of vtable 0x9ee8bc (MouseWin32); class membership read from RTTI, method meaning not established
45c504	MouseWin32__vfunc_01	0	medium: RTTI: slot 1 of vtable 0x9ee8bc (MouseWin32); class membership read from RTTI, method meaning not established
45c5b9	Users__vfunc_00	0	medium: RTTI: slot 0 of vtable 0x9ede14 (Users); class membership read from RTTI, method meaning not established
45c903	ArchiveWin32__vfunc_07	0	medium: RTTI: slot 7 of vtable 0x9ee09c (ArchiveWin32); class membership read from RTTI, method meaning not established
45c92f	ArchiveWin32__vfunc_23	0	medium: RTTI: slot 23 of vtable 0x9ee09c (ArchiveWin32); class membership read from RTTI, method meaning not established
45c98f	UsersWin32__vfunc_05	0	medium: RTTI: slot 5 of vtable 0x9edf14 (UsersWin32); class membership read from RTTI, method meaning not established
45c9a3	BlockingModeHandler__vfunc_00	0	medium: RTTI: slot 0 of vtable 0x9e9924 (BlockingModeHandler), inherited by 1 other vtables; class membership read from RTTI, method meaning not established
45caf3	VorbisEncoder__vfunc_01	0	medium: RTTI: slot 1 of vtable 0x9edef8 (VorbisEncoder); class membership read from RTTI, method meaning not established
45d166	KeyboardWin32__vfunc_01	0	medium: RTTI: slot 1 of vtable 0x9edf08 (KeyboardWin32); class membership read from RTTI, method meaning not established
45d732	VorbisEncoder__vfunc_02	0	medium: RTTI: slot 2 of vtable 0x9edef8 (VorbisEncoder); class membership read from RTTI, method meaning not established
45d74e	VorbisEncoder__vfunc_00	0	medium: RTTI: slot 0 of vtable 0x9edef8 (VorbisEncoder); class membership read from RTTI, method meaning not established
45de4e	____VArchiveWin32____Thread__vfunc_00	0	medium: RTTI: slot 0 of vtable 0x9ee044 (::::VArchiveWin32::?$Thread); class membership read from RTTI, method meaning not established
45e15d	KeyboardWin32__vfunc_00	0	medium: RTTI: slot 0 of vtable 0x9edf08 (KeyboardWin32); class membership read from RTTI, method meaning not established
45e242	UsersWin32__vfunc_00	0	medium: RTTI: slot 0 of vtable 0x9edf14 (UsersWin32); class membership read from RTTI, method meaning not established
45e25e	UsersWin32__vfunc_01	0	medium: RTTI: slot 1 of vtable 0x9edf14 (UsersWin32); class membership read from RTTI, method meaning not established
45e270	UsersWin32__vfunc_22	0	medium: RTTI: slot 22 of vtable 0x9edf14 (UsersWin32); class membership read from RTTI, method meaning not established
45e2fe	UsersWin32__vfunc_21	0	medium: RTTI: slot 21 of vtable 0x9edf14 (UsersWin32); class membership read from RTTI, method meaning not established
45e37f	UsersWin32__vfunc_04	0	medium: RTTI: slot 4 of vtable 0x9edf14 (UsersWin32); class membership read from RTTI, method meaning not established
45e8fb	ArchiveWin32__vfunc_00	0	medium: RTTI: slot 0 of vtable 0x9ee09c (ArchiveWin32); class membership read from RTTI, method meaning not established
45e9e6	UsersWin32__vfunc_18	0	medium: RTTI: slot 18 of vtable 0x9edf14 (UsersWin32); class membership read from RTTI, method meaning not established
45ea24	UsersWin32__vfunc_19	0	medium: RTTI: slot 19 of vtable 0x9edf14 (UsersWin32); class membership read from RTTI, method meaning not established
45ee1a	ArchiveWin32__vfunc_14	0	medium: RTTI: slot 14 of vtable 0x9ee09c (ArchiveWin32); class membership read from RTTI, method meaning not established
45f356	UsersWin32__vfunc_20	0	medium: RTTI: slot 20 of vtable 0x9edf14 (UsersWin32); class membership read from RTTI, method meaning not established
45fe79	ArchiveWin32__vfunc_06	0	medium: RTTI: slot 6 of vtable 0x9ee09c (ArchiveWin32); class membership read from RTTI, method meaning not established
45ff7a	ArchiveWin32__vfunc_08	0	medium: RTTI: slot 8 of vtable 0x9ee09c (ArchiveWin32); class membership read from RTTI, method meaning not established
46001e	ArchiveWin32__vfunc_11	0	medium: RTTI: slot 11 of vtable 0x9ee09c (ArchiveWin32); class membership read from RTTI, method meaning not established
46062c	MouseWin32__vfunc_00	0	medium: RTTI: slot 0 of vtable 0x9ee8bc (MouseWin32); class membership read from RTTI, method meaning not established
460668	ArchiveWin32__vfunc_13	0	medium: RTTI: slot 13 of vtable 0x9ee09c (ArchiveWin32); class membership read from RTTI, method meaning not established
46072a	MouseWin32__vfunc_07	0	medium: RTTI: slot 7 of vtable 0x9ee8bc (MouseWin32); class membership read from RTTI, method meaning not established
460aff	WavFileStreamFilter__vfunc_00	0	medium: RTTI: slot 0 of vtable 0x9eeac0 (WavFileStreamFilter); class membership read from RTTI, method meaning not established
460c0d	PcmSampleRateConverter__vfunc_00	0	medium: RTTI: slot 0 of vtable 0x9eeb28 (PcmSampleRateConverter); class membership read from RTTI, method meaning not established
460e5c	PcmSampleRateConverter__vfunc_01	0	medium: RTTI: slot 1 of vtable 0x9eeb28 (PcmSampleRateConverter); class membership read from RTTI, method meaning not established
460e7c	WavFileStreamFilter__vfunc_02	0	medium: RTTI: slot 2 of vtable 0x9eeac0 (WavFileStreamFilter); class membership read from RTTI, method meaning not established
460e98	PcmSampleRateConverter__vfunc_02	0	medium: RTTI: slot 2 of vtable 0x9eeb28 (PcmSampleRateConverter); class membership read from RTTI, method meaning not established
4797cc	IndirectObject__vfunc_00	0	medium: RTTI: slot 0 of vtable 0x9f5154 (IndirectObject); class membership read from RTTI, method meaning not established
4797e9	Task_WaitNextFrame	0	medium: read: wake frame (+0x2c) = frame counter + 1
479823	Task_AllocCallRecord	0	medium: __FILE__ kernel/script/interface/task.cpp; called by 0x47a4b0
479874	ScriptBaked_InvokeHandler	0	high: read: stores arg3 into g_self (DAT_00e12d9c) then calls fn(ctx,args); 1618 caller functions
4799e4	Entity__GetName	0	high: registered under this name in FUN_00511603 (name string pushed immediately before the member-function pointer)
479a1d	Task_WaitSeconds	0	medium: read: sets flag 0x10000 and wake time (+0x28) from float seconds; arg2 selects clock
479d7b	Task_UpdateFramePtr	0	medium: read: +0x40 = &frames[count-1] (stride 0x1c)
47a165	Task_LeaveFrame	0	medium: read: pops locals (sp at +0x30), decrements frame count (+0x20), frees call record (+0x3c)
47a1a8	Task__vfunc_01	0	medium: RTTI: slot 1 of vtable 0x9f529c (Task); class membership read from RTTI, method meaning not established
47a3fa	Task_PushLocals	0	medium: read: sp(+0x30)+=n, grows stack (+0x10), zero-fills n slots
47a4b0	Task_SetupCall	0	medium: read: fills 7-word call record (+0x3c) allocated by 0x479823 (task.cpp), pushes locals
47a513	Task_SetupCall_default	0	medium: wrapper of 0x47a4b0 with -1
47a66f	Task_SetResumeLabelAndCall	0	medium: read: frame(+0x40)->resume(+0xc)=label, then runs pending call 0x47a572; handlers switch on frame[3]
47a969	Task__vfunc_00	0	medium: RTTI: slot 0 of vtable 0x9f529c (Task); class membership read from RTTI, method meaning not established
47aa9e	BuiltinModule__sin_handler	0	high: registered under this name in FUN_0047ff8c (name string pushed immediately before the member-function pointer)
47aab6	BuiltinModule__cos_handler	0	high: registered under this name in FUN_0047ff8c (name string pushed immediately before the member-function pointer)
47aace	BuiltinModule__fastsin_handler	0	high: registered under this name in FUN_0047ff8c (name string pushed immediately before the member-function pointer)
47aaea	BuiltinModule__fastcos_handler	0	high: registered under this name in FUN_0047ff8c (name string pushed immediately before the member-function pointer)
47ab06	BuiltinModule__tan_handler	0	high: registered under this name in FUN_0047ff8c (name string pushed immediately before the member-function pointer)
47ab1e	BuiltinModule__asin_handler	0	high: registered under this name in FUN_0047ff8c (name string pushed immediately before the member-function pointer)
47ab36	BuiltinModule__acos_handler	0	high: registered under this name in FUN_0047ff8c (name string pushed immediately before the member-function pointer)
47ab4e	BuiltinModule__atan_handler	0	high: registered under this name in FUN_0047ff8c (name string pushed immediately before the member-function pointer)
47ab66	BuiltinModule__fabs_handler	0	high: registered under this name in FUN_0047ff8c (name string pushed immediately before the member-function pointer)
47ab8f	BuiltinModule__abs_handler	0	high: registered under this name in FUN_0047ff8c (name string pushed immediately before the member-function pointer)
47aba1	BuiltinModule__floor_handler	0	high: registered under this name in FUN_0047ff8c (name string pushed immediately before the member-function pointer)
47abc4	BuiltinModule__sqrt_handler	0	high: registered under this name in FUN_0047ff8c (name string pushed immediately before the member-function pointer)
47ac0d	BuiltinModule__ceil_handler	0	high: registered under this name in FUN_0047ff8c (name string pushed immediately before the member-function pointer)
47ac2e	BuiltinModule__min_handler	0	high: registered under this name in FUN_0047ff8c (name string pushed immediately before the member-function pointer)
47ac64	BuiltinModule__max_handler	0	high: registered under this name in FUN_0047ff8c (name string pushed immediately before the member-function pointer)
47ac9a	BuiltinModule__minInt_handler	0	high: registered under this name in FUN_0047ff8c (name string pushed immediately before the member-function pointer)
47acaf	BuiltinModule__maxInt_handler	0	high: registered under this name in FUN_0047ff8c (name string pushed immediately before the member-function pointer)
47acc4	BuiltinModule__clamp_handler	0	high: registered under this name in FUN_0047ff8c (name string pushed immediately before the member-function pointer)
47ad1b	BuiltinModule__pow_handler	0	high: registered under this name in FUN_0047ff8c (name string pushed immediately before the member-function pointer)
47ad3c	BuiltinModule__mod_handler	0	high: registered under this name in FUN_0047ff8c (name string pushed immediately before the member-function pointer)
47ad8f	BuiltinModule__testbits_handler	0	high: registered under this name in FUN_0047ff8c (name string pushed immediately before the member-function pointer)
47ada4	BuiltinModule__setbit_handler	0	high: registered under this name in FUN_0047ff8c (name string pushed immediately before the member-function pointer)
47adb8	BuiltinModule__getbit_handler	0	high: registered under this name in FUN_0047ff8c (name string pushed immediately before the member-function pointer)
47add2	BuiltinModule__GetTime_handler	0	high: registered under this name in FUN_0047ff8c (name string pushed immediately before the member-function pointer)
47adf8	BuiltinModule__GetScriptUpdateDuration_handler	0	high: registered under this name in FUN_0047ff8c (name string pushed immediately before the member-function pointer)
47ae07	BuiltinModule__StringToNumber	0	high: registered under this name in FUN_0047ff8c (name string pushed immediately before the member-function pointer)
47ae1b	BuiltinModule__StringToInteger	0	high: registered under this name in FUN_0047ff8c (name string pushed immediately before the member-function pointer)
47ae4e	BuiltinModule__Crc32MSG	0	high: registered under this name in FUN_0047ff8c (name string pushed immediately before the member-function pointer)
47ae75	BuiltinModule__GetPI	0	high: registered under this name in FUN_0047ff8c (name string pushed immediately before the member-function pointer)
47ae7c	BuiltinModule__GetInVector	0	high: registered under this name in FUN_0047ff8c (name string pushed immediately before the member-function pointer)
47ae92	BuiltinModule__GetOutVector	0	high: registered under this name in FUN_0047ff8c (name string pushed immediately before the member-function pointer)
47aea8	BuiltinModule__GetRightVector	0	high: registered under this name in FUN_0047ff8c (name string pushed immediately before the member-function pointer)
47aebe	BuiltinModule__GetLeftVector	0	high: registered under this name in FUN_0047ff8c (name string pushed immediately before the member-function pointer)
47aed4	BuiltinModule__GetUpVector	0	high: registered under this name in FUN_0047ff8c (name string pushed immediately before the member-function pointer)
47aeea	BuiltinModule__GetDownVector	0	high: registered under this name in FUN_0047ff8c (name string pushed immediately before the member-function pointer)
47af00	BuiltinModule__GetZeroVector	0	high: registered under this name in FUN_0047ff8c (name string pushed immediately before the member-function pointer)
47af16	BuiltinModule__GetGameTime	0	high: registered under this name in FUN_0047ff8c (name string pushed immediately before the member-function pointer)
47af1d	BuiltinModule__GetRealTime	0	high: registered under this name in FUN_0047ff8c (name string pushed immediately before the member-function pointer)
47af24	BuiltinModule__GetTimePassed	0	high: registered under this name in FUN_0047ff8c (name string pushed immediately before the member-function pointer)
47af2b	BuiltinModule__GetRealTimePassed	0	high: registered under this name in FUN_0047ff8c (name string pushed immediately before the member-function pointer)
47af32	BuiltinModule__GetMillisecondsSinceFrameStart	0	high: registered under this name in FUN_0047ff8c (name string pushed immediately before the member-function pointer)
47af90	BuiltinModule__GetEnumMemberNameFromValueMSG	0	high: registered under this name in FUN_0047ff8c (name string pushed immediately before the member-function pointer)
47afb5	BuiltinModule__GetScene	0	high: registered under this name in FUN_0047ff8c (name string pushed immediately before the member-function pointer)
47afbb	BuiltinModule__GetAnnotator	0	high: registered under this name in FUN_0047ff8c (name string pushed immediately before the member-function pointer)
47afdd	BuiltinModule__rand_seed	0	high: registered under this name in FUN_0047ff8c (name string pushed immediately before the member-function pointer)
47b025	BuiltinModule__rand_integer	0	high: registered under this name in FUN_0047ff8c (name string pushed immediately before the member-function pointer)
47b03e	BuiltinModule__rand_number	0	high: registered under this name in FUN_0047ff8c (name string pushed immediately before the member-function pointer)
47b052	BuiltinModule__forceprint_handler	0	high: registered under this name in FUN_0047ff8c (name string pushed immediately before the member-function pointer)
47b067	BuiltinModule__IsDebugConsoleActive	0	high: registered under this name in FUN_0047ff8c (name string pushed immediately before the member-function pointer)
47b07f	BuiltinModule__DebugConsoleTextBox	0	high: registered under this name in FUN_0047ff8c (name string pushed immediately before the member-function pointer)
47b0a1	BuiltinModule__DebugConsolePrint	0	high: registered under this name in FUN_0047ff8c (name string pushed immediately before the member-function pointer)
47b0ba	BuiltinModule__IsKeyDown	0	medium: registered under this name in FUN_0047ff8c (name string pushed immediately before the member-function pointer); COMDAT-folded, also: KeyboardNode::IsKeyDownMSG
47b0d4	BuiltinModule__IsKeyPressed	0	medium: registered under this name in FUN_0047ff8c (name string pushed immediately before the member-function pointer); COMDAT-folded, also: KeyboardNode::IsKeyPressedMSG
47b0f0	BuiltinModule__IsKeyReleased	0	medium: registered under this name in FUN_0047ff8c (name string pushed immediately before the member-function pointer); COMDAT-folded, also: KeyboardNode::IsKeyReleasedMSG
47b10d	BuiltinModule__GetSystemLanguageMSG	0	high: registered under this name in FUN_0047ff8c (name string pushed immediately before the member-function pointer)
47b121	BuiltinModule__GetPlatformIDMSG	0	high: registered under this name in FUN_0047ff8c (name string pushed immediately before the member-function pointer)
47b135	BuiltinModule__GetIsLowViolenceMSG	0	high: registered under this name in FUN_0047ff8c (name string pushed immediately before the member-function pointer)
47b146	BuiltinModule__GetFrameNumberMSG	0	high: registered under this name in FUN_0047ff8c (name string pushed immediately before the member-function pointer)
47b155	BuiltinModule__GetRenderPreferencesMSG	0	high: registered under this name in FUN_0047ff8c (name string pushed immediately before the member-function pointer)
47b163	BuiltinModule__UnRegisterPerformanceMeasurementCallbacksMSG	0	high: registered under this name in FUN_0047ff8c (name string pushed immediately before the member-function pointer)
47b19a	BuiltinModule__DeleteNodeMSG	0	high: registered under this name in FUN_0047ff8c (name string pushed immediately before the member-function pointer)
47b1ac	BuiltinModule__EnableBlockingModeMSG	0	high: registered under this name in FUN_0047ff8c (name string pushed immediately before the member-function pointer)
47b1e6	BuiltinModule__GetAssetMSG	0	high: registered under this name in FUN_0047ff8c (name string pushed immediately before the member-function pointer)
47b23a	BuiltinModule__QuitGameMSG	0	high: registered under this name in FUN_0047ff8c (name string pushed immediately before the member-function pointer)
47b246	Script_GetGlobalContext	0	medium: read: returns DAT_00e14d78
47b24c	BuiltinModule__GetPhysicsTimePassed	0	high: registered under this name in FUN_0047ff8c (name string pushed immediately before the member-function pointer)
47b258	BuiltinModule__GetPhysicsRemainingTime	0	high: registered under this name in FUN_0047ff8c (name string pushed immediately before the member-function pointer)
47b264	BuiltinModule__GetPhysicsNumTimesteps	0	high: registered under this name in FUN_0047ff8c (name string pushed immediately before the member-function pointer)
47b309	Entity_CastTo_e14270	0	medium: read: walks type chain (+4,+0x30) against DAT_00e14270 (type used for transformParent/pivotNode properties => PivotNode)
47b32c	Entity_CastTo_e1433c	0	medium: read: same against DAT_00e1433c
47b8dc	Vec3_Assign	0	high: read: copies 3 dwords arg->this
47b914	TextureSheet__GetDepthFadeGradientAlpha	0	high: registered under this name in FUN_00526589 (name string pushed immediately before the member-function pointer)
47b992	BuiltinModule__findrotation_handler	0	high: registered under this name in FUN_0047ff8c (name string pushed immediately before the member-function pointer)
47b9ec	BuiltinModule__GetCurrentCountryCodeMSG	0	high: registered under this name in FUN_0047ff8c (name string pushed immediately before the member-function pointer)
47ba37	BuiltinModule__IntegerToString	0	high: registered under this name in FUN_0047ff8c (name string pushed immediately before the member-function pointer)
47ba83	BuiltinModule__IntegerToStringFormatted	0	high: registered under this name in FUN_0047ff8c (name string pushed immediately before the member-function pointer)
47bad0	BuiltinModule__NumberToString	0	high: registered under this name in FUN_0047ff8c (name string pushed immediately before the member-function pointer)
47bb20	BuiltinModule__NumberToStringFormatted	0	high: registered under this name in FUN_0047ff8c (name string pushed immediately before the member-function pointer)
47bb71	RenderOptions__GetDrawAnnotation	0	medium: registered under this name in FUN_004d5175 (name string pushed immediately before the member-function pointer); COMDAT-folded, also: SoundEffectNode::GetIsEnviromentEffect, TextureSheet::GetIsLit
47bbb5	BuiltinModule__GetDrawAnnotationPrimitives	0	high: registered under this name in FUN_0047ff8c (name string pushed immediately before the member-function pointer)
47bbd9	BuiltinModule__GetWindowSizeMSG	0	high: registered under this name in FUN_0047ff8c (name string pushed immediately before the member-function pointer)
47bc19	BuiltinModule__GetScreenResolutionMSG	0	medium: registered under this name in FUN_0047ff8c (name string pushed immediately before the member-function pointer); COMDAT-folded, also: BuiltinModule::GetScreenSizeMSG
47bc97	BuiltinModule__CreateNodeMSG	0	high: registered under this name in FUN_0047ff8c (name string pushed immediately before the member-function pointer)
47bcef	BuiltinModule__CreateNodeAtSiblingPosMSG	0	high: registered under this name in FUN_0047ff8c (name string pushed immediately before the member-function pointer)
47bd0c	BuiltinModule__GetSystemTimeMSG	0	high: registered under this name in FUN_0047ff8c (name string pushed immediately before the member-function pointer)
47bd50	BuiltinModule__GetNetworkManagerMSG	0	high: registered under this name in FUN_0047ff8c (name string pushed immediately before the member-function pointer)
47c4e7	ScriptClass_GetByIndex	0	high: read: returns DAT_00c89ebc[idx] (class table, README typeIdx)
47c9fd	ScriptClass_DispatchCommand	0	medium: read: checks command slot hash (+0x18) then invokes 0x47c9af
47ca70	BuiltinModule__SetCurrentCountryCodeMSG	0	high: registered under this name in FUN_0047ff8c (name string pushed immediately before the member-function pointer)
47cbfc	BuiltinModule__print_handler	0	high: registered under this name in FUN_0047ff8c (name string pushed immediately before the member-function pointer)
47cd03	BuiltinModule__debugstring_handler	0	high: registered under this name in FUN_0047ff8c (name string pushed immediately before the member-function pointer)
47cdd6	BuiltinModule__GetConfigStringMSG	0	high: registered under this name in FUN_0047ff8c (name string pushed immediately before the member-function pointer)
47ce7b	BuiltinModule__GetConfigStringDefaultMSG	0	high: registered under this name in FUN_0047ff8c (name string pushed immediately before the member-function pointer)
47cf2e	BuiltinModule__GetConfigTruthMSG	0	high: registered under this name in FUN_0047ff8c (name string pushed immediately before the member-function pointer)
47cfb5	BuiltinModule__GetConfigTruthDefaultMSG	0	high: registered under this name in FUN_0047ff8c (name string pushed immediately before the member-function pointer)
47d03e	BuiltinModule__GetConfigNumberMSG	0	high: registered under this name in FUN_0047ff8c (name string pushed immediately before the member-function pointer)
47d0c4	BuiltinModule__GetConfigIntegerMSG	0	high: registered under this name in FUN_0047ff8c (name string pushed immediately before the member-function pointer)
47d14a	BuiltinModule__CloseLogFileMSG	0	high: registered under this name in FUN_0047ff8c (name string pushed immediately before the member-function pointer)
47d185	BuiltinModule__WriteToLogFileMSG	0	high: registered under this name in FUN_0047ff8c (name string pushed immediately before the member-function pointer)
47d558	BuiltinModule__CloneNodeMSG	0	high: registered under this name in FUN_0047ff8c (name string pushed immediately before the member-function pointer)
47d722	BuiltinModule__GetEnumMemberNameFromValueFormattedMSG	0	high: registered under this name in FUN_0047ff8c (name string pushed immediately before the member-function pointer)
47d7f0	BuiltinModule__ReturnToArcadeX360MSG	0	high: registered under this name in FUN_0047ff8c (name string pushed immediately before the member-function pointer)
47e126	ScriptClass_Construct	0	medium: read: constructor, called once per class registration (441 callers)
47e3a7	BuiltinModule__DumpTable_AddIntegerColumnMSG	0	high: registered under this name in FUN_0047ff8c (name string pushed immediately before the member-function pointer)
47e3ec	BuiltinModule__DumpTable_AddNumberColumnMSG	0	high: registered under this name in FUN_0047ff8c (name string pushed immediately before the member-function pointer)
47e431	BuiltinModule__DumpTable_AddStringColumnMSG	0	high: registered under this name in FUN_0047ff8c (name string pushed immediately before the member-function pointer)
47e474	BuiltinModule__DumpTable_SetNumRowsMSG	0	high: registered under this name in FUN_0047ff8c (name string pushed immediately before the member-function pointer)
47e4ae	BuiltinModule__DumpTable_SetIntegerValueMSG	0	high: registered under this name in FUN_0047ff8c (name string pushed immediately before the member-function pointer)
47e4ea	BuiltinModule__DumpTable_SetNumberValueMSG	0	high: registered under this name in FUN_0047ff8c (name string pushed immediately before the member-function pointer)
47e52a	BuiltinModule__DumpTable_SetStringValueMSG	0	high: registered under this name in FUN_0047ff8c (name string pushed immediately before the member-function pointer)
47e566	BuiltinModule__DumpTable_WriteToFileMSG	0	high: registered under this name in FUN_0047ff8c (name string pushed immediately before the member-function pointer)
47e5f1	BuiltinModule__DumpTable_CloseMSG	0	high: registered under this name in FUN_0047ff8c (name string pushed immediately before the member-function pointer)
47ecae	PivotNode__SetWorldPos	0	high: registered under this name in FUN_00495047 (name string pushed immediately before the member-function pointer)
47eccc	ScriptClass_RegisterCommand	0	high: BRIEF/names.md: (name,kind,..,handler,classIdx); 442 callers = per-class registration functions
47ed4b	ScriptClass_FinalizeLayout	0	medium: read: accumulates property slot offsets (+0xc) from type sizes (+0x24); called once per class (441)
47edf3	BuiltinModule__SortPivotNodesMSG	0	high: registered under this name in FUN_0047ff8c (name string pushed immediately before the member-function pointer)
47ee48	BuiltinModule__CreateLogFileMSG	0	high: registered under this name in FUN_0047ff8c (name string pushed immediately before the member-function pointer)
47ef3b	BuiltinModule__DumpTable_CreateMSG	0	high: registered under this name in FUN_0047ff8c (name string pushed immediately before the member-function pointer)
47f004	BuiltinModule__DumpTable_CreateFromFileMSG	0	high: registered under this name in FUN_0047ff8c (name string pushed immediately before the member-function pointer)
47f11b	BuiltinModule__InitPerformanceMeasurementMSG	0	high: registered under this name in FUN_0047ff8c (name string pushed immediately before the member-function pointer)
47f2e3	BuiltinModule__ReparentNodeMSG	0	high: registered under this name in FUN_0047ff8c (name string pushed immediately before the member-function pointer)
47f720	BuiltinModule__RegisterPerformanceMeasurementCallbacksMSG	0	high: registered under this name in FUN_0047ff8c (name string pushed immediately before the member-function pointer)
47fbf2	DataType__vfunc_01	0	medium: RTTI: slot 1 of vtable 0xa23bb4 (DataType), inherited by 13 other vtables; class membership read from RTTI, method meaning not established
47fc01	DataType__vfunc_26	0	medium: RTTI: slot 26 of vtable 0xa23bb4 (DataType), inherited by 11 other vtables; class membership read from RTTI, method meaning not established
47fc7e	BuiltinModule__vfunc_00	0	medium: RTTI: slot 0 of vtable 0x9f580c (BuiltinModule); class membership read from RTTI, method meaning not established
47fde4	ScriptClass_RegisterProperty	0	high: names.md: (hash,default,ui,flags,classIdx)
47ff8c	BuiltinModule__RegisterMembers	0	high: pushes 136 "BuiltinModule::..." member-name strings paired with member-function pointers
4810f3	Kynapse_OneMeter	0	high: name given from the function's role, role read from code (Kynapse bridge, 0x4810d9-0x482deb and the Kynapse* classes)
48110f	Kynapse_NegateX	0	high: name given from the function's role, role read from code (Kynapse bridge, 0x4810d9-0x482deb and the Kynapse* classes)
481139	AIBrainNode__GetFleeHasArrived	0	high: registered under this name in FUN_004865b9 (name string pushed immediately before the member-function pointer)
481140	AIBrainNode__GetHideIsHidden	0	high: registered under this name in FUN_004865b9 (name string pushed immediately before the member-function pointer)
481147	AIBrainNode__GetHideHasArrived	0	high: registered under this name in FUN_004865b9 (name string pushed immediately before the member-function pointer)
48114e	AIBrainNode__GetReferenceChannel	0	high: registered under this name in FUN_004865b9 (name string pushed immediately before the member-function pointer)
481155	AIBrainNode__GetEndGoalSlowDownDist	0	medium: registered under this name in FUN_004865b9 (name string pushed immediately before the member-function pointer); COMDAT-folded, also: AIBrainNode::GetMaxDeltaAnglePerFrame
4811b1	AIBrainNode__HasPathMSG	0	high: registered under this name in FUN_004865b9 (name string pushed immediately before the member-function pointer)
4811ce	AIBrainNode__IsAvoidingObstalceMSG	0	high: registered under this name in FUN_004865b9 (name string pushed immediately before the member-function pointer)
4812e4	AIBrainNode__GetPathfindingConstraint	0	high: registered under this name in FUN_004865b9 (name string pushed immediately before the member-function pointer)
48139c	AIPathDataExplorationAreaNode__vfunc_11	0	medium: RTTI: slot 11 of vtable 0x9f7f2c (AIPathDataExplorationAreaNode); class membership read from RTTI, method meaning not established
48140a	AIPathDataExclusionZoneNode__vfunc_11	0	medium: RTTI: slot 11 of vtable 0x9f7fdc (AIPathDataExclusionZoneNode); class membership read from RTTI, method meaning not established
48142c	Kaim__CObject__vfunc_00	0	medium: RTTI: slot 0 of vtable 0x9f7d10 (Kaim::CObject), inherited by 4 other vtables; class membership read from RTTI, method meaning not established
481762	Node__IsEnabled	0	high: registered under this name in FUN_00494142 (name string pushed immediately before the member-function pointer)
481773	Node__vfunc_03	0	medium: RTTI: slot 3 of vtable 0x9fd31c (Node), inherited by 81 other vtables; class membership read from RTTI, method meaning not established
481789	MoviePlayer__GetStopEvent	0	high: registered under this name in FUN_004a8175 (name string pushed immediately before the member-function pointer)
48178d	AIWorldNode__GetNbSectors	0	high: registered under this name in FUN_00484ffb (name string pushed immediately before the member-function pointer)
481794	AIWorldNode__Params__ctor	0	high: name given from the function's role, role read from code (Kynapse bridge, 0x4810d9-0x482deb and the Kynapse* classes)
481817	CollisionNode__GetIncludeInAIVisibilityCache	0	high: registered under this name in FUN_004ac8f0 (name string pushed immediately before the member-function pointer)
48183c	AIBrainNode__GetAILinearVelocity	0	medium: registered under this name in FUN_004865b9 (name string pushed immediately before the member-function pointer); COMDAT-folded, also: Joint::GetParentSpaceOrient
481850	AIBrainNode__GetAIPhysicsVolume	0	medium: registered under this name in FUN_004865b9 (name string pushed immediately before the member-function pointer); COMDAT-folded, also: AlignNodeOptions::GetAlignTarget
481864	AIBrainNode__GetDebugRenderState	0	high: registered under this name in FUN_004865b9 (name string pushed immediately before the member-function pointer)
48186a	AIBrainNode__GetFollowTarget	0	high: registered under this name in FUN_004865b9 (name string pushed immediately before the member-function pointer)
48187a	AIBrainNode__GetFollowAngle	0	medium: registered under this name in FUN_00484ffb (name string pushed immediately before the member-function pointer); COMDAT-folded, also: AIWorldNode::GetEntityHeight, CharacterController::GetSlopeLimit, GFXEffect::GetBloomBrightness
481891	AIBrainNode__GetGotoDistLeft	0	high: registered under this name in FUN_004865b9 (name string pushed immediately before the member-function pointer)
4818b0	AIBrainNode__GetHideTarget	0	high: registered under this name in FUN_004865b9 (name string pushed immediately before the member-function pointer)
4818c0	AIBrainNode__GetEyePos	0	high: registered under this name in FUN_004865b9 (name string pushed immediately before the member-function pointer)
4818d7	AIBrainNode__GetHeadDirection	0	high: registered under this name in FUN_004865b9 (name string pushed immediately before the member-function pointer)
4818ee	AIBrainNode__GetMaxVisibilityAngleDeg	0	medium: registered under this name in FUN_004865b9 (name string pushed immediately before the member-function pointer); COMDAT-folded, also: Cloth::GetMaxAnimPenetration, GFXEffect::GetReflectionFarClipPlane
4818f5	GrassAsset__GetMovementPower	0	high: registered under this name in FUN_005339ed (name string pushed immediately before the member-function pointer)
4818fc	Cloth__GetThickness	0	medium: registered under this name in FUN_0050f877 (name string pushed immediately before the member-function pointer); COMDAT-folded, also: D6Joint::GetLinearLimitDamping, GrassAsset::GetLODFactor, TextureSheet::GetWaterEffectFadeRange
481903	AIBrainNode__GetDynamicAvoidanceUpdateFrequencyInSeconds	0	medium: registered under this name in FUN_004865b9 (name string pushed immediately before the member-function pointer); COMDAT-folded, also: GFXEffect::GetGlobalShadowPower, GrassAsset::GetFadeFactor
481954	AIBrainNode__IsPosReachableMSG	0	high: registered under this name in FUN_004865b9 (name string pushed immediately before the member-function pointer)
4819af	AIBrainNode__GetObstacleAvoidanceDirectionMSG	0	high: registered under this name in FUN_004865b9 (name string pushed immediately before the member-function pointer)
4819fb	AIBrainNode__vfunc_17	0	medium: RTTI: slot 17 of vtable 0x9f93dc (AIBrainNode); class membership read from RTTI, method meaning not established
481a6e	AIBrainNode__IsTargetHostileMSG	0	high: registered under this name in FUN_004865b9 (name string pushed immediately before the member-function pointer)
481ad0	AIBrainNode__GetNearestAIAgentMSG	0	high: registered under this name in FUN_004865b9 (name string pushed immediately before the member-function pointer)
481b05	AIBrainNode__GetNearestReachableVertexMSG	0	high: registered under this name in FUN_004865b9 (name string pushed immediately before the member-function pointer)
481b3a	AIPathDataLocalZoneNode__GetLocalPitch	0	high: registered under this name in FUN_00482fda (name string pushed immediately before the member-function pointer)
481b41	AIPathDataLocalZoneNode__GetLocalGraphAccuracy	0	high: registered under this name in FUN_00482fda (name string pushed immediately before the member-function pointer)
481bb3	AIPathDataLocalZoneNode__vfunc_11	0	medium: RTTI: slot 11 of vtable 0x9f809c (AIPathDataLocalZoneNode); class membership read from RTTI, method meaning not established
481dd1	AIWorldNode__SetCollisionMask	0	medium: registered under this name in FUN_00484ffb (name string pushed immediately before the member-function pointer); COMDAT-folded, also: ParticleType::SetAlignment
481de5	AIWorldNode__SetUseCollisionMasksForMapBuilder	0	medium: registered under this name in FUN_00484ffb (name string pushed immediately before the member-function pointer); COMDAT-folded, also: GFXEffect::SetEdgeDetectVisualize, RenderOptions::SetParticleSystems
481df2	AIBrainNode__SetFollowAngle	0	medium: registered under this name in FUN_00484ffb (name string pushed immediately before the member-function pointer); COMDAT-folded, also: AIWorldNode::SetEntityHeight, GFXEffect::SetBloomBrightness
481dff	AIWorldNode__SetEntityRadius	0	medium: registered under this name in FUN_00484ffb (name string pushed immediately before the member-function pointer); COMDAT-folded, also: GFXEffect::SetSaturation, IlluminationAffector::SetBloomFactor
481e0c	AIWorldNode__SetPitch	0	medium: registered under this name in FUN_00484ffb (name string pushed immediately before the member-function pointer); COMDAT-folded, also: DetailMeshAsset::SetSinModulator, GFXEffect::SetTintPower, ParticleSystemAsset::SetCullingDistance
481e19	AIWorldNode__SetGraphAccuracy	0	medium: registered under this name in FUN_00484ffb (name string pushed immediately before the member-function pointer); COMDAT-folded, also: ParticleType::SetStretchFactor
481e33	PivotNode__GetWorldOrient	0	high: registered under this name in FUN_00495047 (name string pushed immediately before the member-function pointer)
481e50	AIBrainNode__GetBrainDebugShowDynamicAvoidance	0	high: registered under this name in FUN_004865b9 (name string pushed immediately before the member-function pointer)
481e5b	AIBrainNode__GetBrainDebugShowVelocityVector	0	high: registered under this name in FUN_004865b9 (name string pushed immediately before the member-function pointer)
481e67	AIBrainNode__GetBrainDebugShowVisionAcuteness	0	high: registered under this name in FUN_004865b9 (name string pushed immediately before the member-function pointer)
481e73	AIBrainNode__GetBrainDebugShowVisibilityInfo	0	high: registered under this name in FUN_004865b9 (name string pushed immediately before the member-function pointer)
481e8f	AIWorldNode__IsPathDataValidMSG	0	high: registered under this name in FUN_00484ffb (name string pushed immediately before the member-function pointer)
481ed0	AIWorldNode__CanGoMSG	0	high: registered under this name in FUN_00484ffb (name string pushed immediately before the member-function pointer)
481f77	AIWorldNode__TraceLineMSG	0	high: registered under this name in FUN_00484ffb (name string pushed immediately before the member-function pointer)
48204d	AIWorldNode__IsInsideMeshMSG	0	high: registered under this name in FUN_00484ffb (name string pushed immediately before the member-function pointer)
4820d0	AIWorldNode__vfunc_17	0	medium: RTTI: slot 17 of vtable 0x9f881c (AIWorldNode); class membership read from RTTI, method meaning not established
482136	AIWorldNode__AcquireCharacterEntity	0	high: name given from the function's role, role read from code (Kynapse bridge, 0x4810d9-0x482deb and the Kynapse* classes)
48272c	AIBrainNode__SetPathFindingConstraint	0	high: registered under this name in FUN_004865b9 (name string pushed immediately before the member-function pointer)
482749	AIBridge_IsSeen	0	high: name given from the function's role, role read from code (Kynapse bridge, 0x4810d9-0x482deb and the Kynapse* classes)
4827df	AIBridge_IsVisible	0	high: name given from the function's role, role read from code (Kynapse bridge, 0x4810d9-0x482deb and the Kynapse* classes)
4829bd	AIBrainNode__IsTargetSeenMSG	0	high: registered under this name in FUN_004865b9 (name string pushed immediately before the member-function pointer)
482a29	AIBrainNode__SetAILinearVelocity	0	high: registered under this name in FUN_004865b9 (name string pushed immediately before the member-function pointer)
482a3b	AIBrainNode__SetAIAgentFaction	0	high: registered under this name in FUN_004865b9 (name string pushed immediately before the member-function pointer)
482a48	AIBrainNode__SetDebugRenderState	0	high: registered under this name in FUN_004865b9 (name string pushed immediately before the member-function pointer)
482a69	AIBrainNode__SetSubGoalMinDist	0	medium: registered under this name in FUN_004865b9 (name string pushed immediately before the member-function pointer); COMDAT-folded, also: GrassAsset::SetMovementPower
482a76	AIBrainNode__SetDynamicAvoidanceMaxDegreeRotationPerSec	0	medium: registered under this name in FUN_004865b9 (name string pushed immediately before the member-function pointer); COMDAT-folded, also: GrassAsset::SetCollisionPower
482a83	AIBrainNode__SetDynamicAvoidanceUpdateFrequencyInSeconds	0	medium: registered under this name in FUN_004865b9 (name string pushed immediately before the member-function pointer); COMDAT-folded, also: GFXEffect::SetGlobalShadowPower, GrassAsset::SetFadeFactor
482a90	AIBrainNode__SetVehicleDynamicAvoidanceMaxEntityDistance	0	medium: registered under this name in FUN_004865b9 (name string pushed immediately before the member-function pointer); COMDAT-folded, also: GFXEffect::SetShadowSlopeBias, GrassAsset::SetSpeedFactor
482a9d	AIBrainNode__SetVehicleDynamicAvoidanceAggression	0	high: registered under this name in FUN_004865b9 (name string pushed immediately before the member-function pointer)
482ae1	AIBrainNode__SetVehicleDynamicAvoidanceTooLateCutoffTime	0	medium: registered under this name in FUN_004865b9 (name string pushed immediately before the member-function pointer); COMDAT-folded, also: GFXEffect::SetBloomDepthBias
482aee	ParticleType__SetAlphaFalloffStart	0	medium: registered under this name in FUN_00526589 (name string pushed immediately before the member-function pointer); COMDAT-folded, also: TextureSheet::SetRefractionBumpPower
482afb	AIBrainNode__SetEyePos	0	high: registered under this name in FUN_004865b9 (name string pushed immediately before the member-function pointer)
482b10	AIBrainNode__SetHeadDirection	0	high: registered under this name in FUN_004865b9 (name string pushed immediately before the member-function pointer)
482b25	AIBrainNode__SetMaxVisibilityDistance	0	medium: registered under this name in FUN_004865b9 (name string pushed immediately before the member-function pointer); COMDAT-folded, also: Cloth::SetCollisionMapTop, TrackPoint::SetSpeed
482b32	AIBrainNode__SetBrainDebugShowPath	0	high: registered under this name in FUN_004865b9 (name string pushed immediately before the member-function pointer)
482b4c	AIBrainNode__SetBrainDebugShowDynamicAvoidance	0	high: registered under this name in FUN_004865b9 (name string pushed immediately before the member-function pointer)
482b66	AIBrainNode__SetBrainDebugShowVelocityVector	0	high: registered under this name in FUN_004865b9 (name string pushed immediately before the member-function pointer)
482b9a	AIBrainNode__SetBrainDebugShowVisibilityInfo	0	high: registered under this name in FUN_004865b9 (name string pushed immediately before the member-function pointer)
482bb4	AIBrainNode__SetBrainDebugRenderingFlags	0	medium: registered under this name in FUN_004865b9 (name string pushed immediately before the member-function pointer); COMDAT-folded, also: TextureSheet::SetBlendTypeAsInt
482fb3	AIPathDataLocalZoneNode__SetLocalPitch	0	high: registered under this name in FUN_00482fda (name string pushed immediately before the member-function pointer)
482fc0	AIPathDataLocalZoneNode__SetLocalGraphAccuracy	0	high: registered under this name in FUN_00482fda (name string pushed immediately before the member-function pointer)
482fcd	AIPathDataLocalZoneNode__SetLocalNBSectors	0	high: registered under this name in FUN_00482fda (name string pushed immediately before the member-function pointer)
482fda	AIPathDataLocalZoneNode__RegisterMembers	0	high: pushes 6 "AIPathDataLocalZoneNode::..." member-name strings paired with member-function pointers
483460	AIBrainNode__ActivateMSG	0	high: registered under this name in FUN_004865b9 (name string pushed immediately before the member-function pointer)
4837cd	PivotNode__SetWorldOrient	0	high: registered under this name in FUN_00495047 (name string pushed immediately before the member-function pointer)
483844	AIWorldNode__SetStaticPathObjectsAsProperty	0	high: registered under this name in FUN_00484ffb (name string pushed immediately before the member-function pointer)
48384c	AIWorldNode__CreateCharacterPool	0	high: name given from the function's role, role read from code (Kynapse bridge, 0x4810d9-0x482deb and the Kynapse* classes)
483935	AIWorldNode__ReturnCharacterEntity	0	high: name given from the function's role, role read from code (Kynapse bridge, 0x4810d9-0x482deb and the Kynapse* classes)
483976	AIBrainNode__CreateAIEntity	0	high: name given from the function's role, role read from code (Kynapse bridge, 0x4810d9-0x482deb and the Kynapse* classes)
483ca1	AIPathDataLocalZoneNode__vfunc_36	0	medium: RTTI: slot 36 of vtable 0x9f809c (AIPathDataLocalZoneNode); class membership read from RTTI, method meaning not established
483dd1	AIWorldNode__vfunc_20	0	medium: RTTI: slot 20 of vtable 0x9f881c (AIWorldNode); class membership read from RTTI, method meaning not established
483de4	AIBrainNode__ReleaseAIEntity	0	high: name given from the function's role, role read from code (Kynapse bridge, 0x4810d9-0x482deb and the Kynapse* classes)
483e12	AIBrainNode__GetCurrentPathMSG	0	high: registered under this name in FUN_004865b9 (name string pushed immediately before the member-function pointer)
483e94	AIBrainNode__SetDynamicAvoidanceType	0	high: registered under this name in FUN_004865b9 (name string pushed immediately before the member-function pointer)
484bfc	AIBrainNode__vfunc_26	0	medium: RTTI: slot 26 of vtable 0x9f93dc (AIBrainNode); class membership read from RTTI, method meaning not established
484c5f	AIBrainNode__GetVisibleAIAgentsMSG	0	high: registered under this name in FUN_004865b9 (name string pushed immediately before the member-function pointer)
484c6d	AIBrainNode__GetVisibleAIEnemiesMSG	0	high: registered under this name in FUN_004865b9 (name string pushed immediately before the member-function pointer)
484c7b	AIBrainNode__GetVisibleAIAlliesMSG	0	high: registered under this name in FUN_004865b9 (name string pushed immediately before the member-function pointer)
484c89	AIBrainNode__GetSeenAIEnemiesMSG	0	high: registered under this name in FUN_004865b9 (name string pushed immediately before the member-function pointer)
484c97	AIBrainNode__GetSeenAIAlliesMSG	0	high: registered under this name in FUN_004865b9 (name string pushed immediately before the member-function pointer)
484ca5	AIBrainNode__GetNearbyAIAgentsMSG	0	high: registered under this name in FUN_004865b9 (name string pushed immediately before the member-function pointer)
484ce4	AIBrainNode__SetIsReferencePoint	0	high: registered under this name in FUN_004865b9 (name string pushed immediately before the member-function pointer)
484ffb	AIWorldNode__RegisterMembers	0	high: pushes 39 "AIWorldNode::..." member-name strings paired with member-function pointers
4858a4	AIBrainNode__SetAIPhysicsVolume	0	high: registered under this name in FUN_004865b9 (name string pushed immediately before the member-function pointer)
485985	AIBrainNode__SetAgentType	0	high: registered under this name in FUN_004865b9 (name string pushed immediately before the member-function pointer)
4859a1	AIBrainNode__ClearDangerousEntitiesMSG	0	high: registered under this name in FUN_004865b9 (name string pushed immediately before the member-function pointer)
4859b0	AIBrainNode__DeactivateMSG	0	high: registered under this name in FUN_004865b9 (name string pushed immediately before the member-function pointer)
4859ee	AIBrainNode__SetFleeTarget	0	high: registered under this name in FUN_004865b9 (name string pushed immediately before the member-function pointer)
485a24	AIBrainNode__SetHideTarget	0	high: registered under this name in FUN_004865b9 (name string pushed immediately before the member-function pointer)
485a5a	AIFakeTarget__vfunc_11	0	medium: RTTI: slot 11 of vtable 0x9f889c (AIFakeTarget); class membership read from RTTI, method meaning not established
485a76	AIFakeTarget__SetOwnerAIEntityRef	0	high: registered under this name in FUN_0048871d (name string pushed immediately before the member-function pointer)
485bda	AIWorldNode__vfunc_11	0	medium: RTTI: slot 11 of vtable 0x9f881c (AIWorldNode); class membership read from RTTI, method meaning not established
485bf6	AIBrainNode__vfunc_11	0	medium: RTTI: slot 11 of vtable 0x9f93dc (AIBrainNode); class membership read from RTTI, method meaning not established
486099	AIBrainNode__ctor	0	high: name given from the function's role, role read from code (Kynapse bridge, 0x4810d9-0x482deb and the Kynapse* classes)
4862cd	AIBrainNode__AddDangerousEntityMSG	0	high: registered under this name in FUN_004865b9 (name string pushed immediately before the member-function pointer)
48637c	AIBrainNode__RemoveDangerousEntityMSG	0	high: registered under this name in FUN_004865b9 (name string pushed immediately before the member-function pointer)
4865b9	AIBrainNode__RegisterMembers	0	high: pushes 115 "AIBrainNode::..." member-name strings paired with member-function pointers
48865a	AIBrainNode__vfunc_06	0	medium: RTTI: slot 6 of vtable 0x9f93dc (AIBrainNode); class membership read from RTTI, method meaning not established
48871d	AIFakeTarget__RegisterMembers	0	high: pushes 2 "AIFakeTarget::..." member-name strings paired with member-function pointers
4889f5	AIDynamicPathObjectNode__vfunc_21	0	medium: RTTI: slot 21 of vtable 0x9fc454 (AIDynamicPathObjectNode); class membership read from RTTI, method meaning not established
488a85	AIStaticPathObjectVertexNode__vfunc_14	0	medium: RTTI: slot 14 of vtable 0x9fbbec (AIStaticPathObjectVertexNode); class membership read from RTTI, method meaning not established
488ae1	KynapseBaseEntity__vfunc_06	0	medium: RTTI: slot 6 of vtable 0x9fc2c8 (KynapseBaseEntity); class membership read from RTTI, method meaning not established
488b19	KynapsePivotEntity__vfunc_00	0	medium: RTTI: slot 0 of vtable 0x9fbcb8 (KynapsePivotEntity); class membership read from RTTI, method meaning not established
488bcd	KynapseNPCAction__Apply	0	high: name given from the function's role, role read from code (Kynapse bridge, 0x4810d9-0x482deb and the Kynapse* classes); was KynapseNPCAction__vfunc_03 (RTTI: slot 3 of vtable 0x9fbcdc (KynapseNPCAction))
488cc3	Kaim__CBrain__vfunc_03	0	medium: RTTI: slot 3 of vtable 0xaadbdc (Kaim::CBrain), inherited by 1 other vtables; class membership read from RTTI, method meaning not established
488f3c	KynapseSkel__CBigFileDataReader__vfunc_02	0	medium: RTTI: slot 2 of vtable 0x9fbd64 (KynapseSkel::CBigFileDataReader); class membership read from RTTI, method meaning not established
488fb8	KynapseSkel__CBigFileDataReader__vfunc_03	0	medium: RTTI: slot 3 of vtable 0x9fbd64 (KynapseSkel::CBigFileDataReader); class membership read from RTTI, method meaning not established
489024	KynapseSkel__CBigFileDataReader__vfunc_04	0	medium: RTTI: slot 4 of vtable 0x9fbd64 (KynapseSkel::CBigFileDataReader); class membership read from RTTI, method meaning not established
489035	KynapseSkel__CBigFileDataReader__vfunc_05	0	medium: RTTI: slot 5 of vtable 0x9fbd64 (KynapseSkel::CBigFileDataReader); class membership read from RTTI, method meaning not established
48905c	KynapseSkel__CBigFileDataReader__vfunc_06	0	medium: RTTI: slot 6 of vtable 0x9fbd64 (KynapseSkel::CBigFileDataReader); class membership read from RTTI, method meaning not established
489082	CollisionCapsule__vfunc_00	0	medium: RTTI: slot 0 of vtable 0x9fbd88 (CollisionCapsule); class membership read from RTTI, method meaning not established
4890a4	Kaim__XZ__P6APAV12____Kaim__VCAction____CMetaClass__vfunc_00	0	medium: RTTI: slot 0 of vtable 0x9fbdb0 (Kaim::XZ::P6APAV12::::Kaim::VCAction::?$CMetaClass); class membership read from RTTI, method meaning not established
4890c1	Kaim__Z____2__AAVCActionClass__2__PAVCEntity__P6APAV12____Kaim__VCBrain____CMetaClass__vfunc_00	0	medium: RTTI: slot 0 of vtable 0x9fbdb8 (Kaim::Z::::2::AAVCActionClass::2::PAVCEntity::P6APAV12::::Kaim::VCBrain::?$CMetaClass); class membership read from RTTI, method meaning not established
4890de	Kaim__Z__PBDPAX__P6APAV12____Kaim__VCEntity____CMetaClass__vfunc_00	0	medium: RTTI: slot 0 of vtable 0x9fbdc0 (Kaim::Z::PBDPAX::P6APAV12::::Kaim::VCEntity::?$CMetaClass); class membership read from RTTI, method meaning not established
4892a3	AIStaticPathObjectNode__GetCanLeave	0	medium: registered under this name in FUN_0048c9a7 (name string pushed immediately before the member-function pointer); COMDAT-folded, also: Light::GetCauseShadows
4892aa	AIDynamicPathObjectNode__GetPathObject	0	medium: registered under this name in FUN_0048871d (name string pushed immediately before the member-function pointer); COMDAT-folded, also: AIFakeTarget::GetOwnerAIEntityRef, AIStaticPathObjectNode::GetPathObject, EmbeddedJointNode::GetChildNode
4894a3	PivotNode__vfunc_11	0	medium: RTTI: slot 11 of vtable 0x9fd4d4 (PivotNode), inherited by 3 other vtables; class membership read from RTTI, method meaning not established
4894f7	KynapseStaticPathObject__GetEdgeCost	0	high: name given from the function's role, role read from code (Kynapse bridge, 0x4810d9-0x482deb and the Kynapse* classes); was KynapseStaticPathObject__vfunc_10 (RTTI: slot 10 of vtable 0x9fc2ec (KynapseStaticPathObject))
48956a	KynapseStaticPathObject__vfunc_13	0	medium: RTTI: slot 13 of vtable 0x9fc2ec (KynapseStaticPathObject); class membership read from RTTI, method meaning not established
48958b	KynapseStaticPathObject__Traverse	0	high: name given from the function's role, role read from code (Kynapse bridge, 0x4810d9-0x482deb and the Kynapse* classes); was KynapseStaticPathObject__vfunc_14 (RTTI: slot 14 of vtable 0x9fc2ec (KynapseStaticPathObject))
489683	KynapseStaticPathObject__vfunc_18	0	medium: RTTI: slot 18 of vtable 0x9fc2ec (KynapseStaticPathObject); class membership read from RTTI, method meaning not established
4896a4	AIBrainNode__GetAgentType	0	medium: registered under this name in FUN_004865b9 (name string pushed immediately before the member-function pointer); COMDAT-folded, also: NetworkManager::GetPropertyReplicationFrequency, RenderOptions::GetAiDebugRenderingFlags
4896ab	RenderOptions__GetAiDebugShowGraph	0	high: registered under this name in FUN_004e671c (name string pushed immediately before the member-function pointer)
4896b6	RenderOptions__GetAiDebugShowMesh	0	high: registered under this name in FUN_004e671c (name string pushed immediately before the member-function pointer)
4896ff	Kaim__CHierarchicalPathObject__vfunc_11	0	medium: RTTI: slot 11 of vtable 0xaad9f4 (Kaim::CHierarchicalPathObject), inherited by 4 other vtables; class membership read from RTTI, method meaning not established
48974e	Kaim__CHierarchicalPathObject__vfunc_13	0	medium: RTTI: slot 13 of vtable 0xaad9f4 (Kaim::CHierarchicalPathObject), inherited by 3 other vtables; class membership read from RTTI, method meaning not established
48975f	Kaim__CHierarchicalPathObject__vfunc_16	0	medium: RTTI: slot 16 of vtable 0xaad9f4 (Kaim::CHierarchicalPathObject), inherited by 4 other vtables; class membership read from RTTI, method meaning not established
4897ac	Kaim__CHierarchicalPathObject__vfunc_15	0	medium: RTTI: slot 15 of vtable 0xaad9f4 (Kaim::CHierarchicalPathObject), inherited by 4 other vtables; class membership read from RTTI, method meaning not established
4897c7	Kaim__CHierarchicalPathObject__vfunc_14	0	medium: RTTI: slot 14 of vtable 0xaad9f4 (Kaim::CHierarchicalPathObject), inherited by 3 other vtables; class membership read from RTTI, method meaning not established
489826	Kaim__CHierarchicalPathObject__vfunc_18	0	medium: RTTI: slot 18 of vtable 0xaad9f4 (Kaim::CHierarchicalPathObject), inherited by 3 other vtables; class membership read from RTTI, method meaning not established
489838	KynapseDynamicPathObject__vfunc_07	0	medium: RTTI: slot 7 of vtable 0x9fbdd4 (KynapseDynamicPathObject); class membership read from RTTI, method meaning not established
489840	KynapseDynamicPathObject__vfunc_00	0	medium: RTTI: slot 0 of vtable 0x9fbdd4 (KynapseDynamicPathObject); class membership read from RTTI, method meaning not established
48985d	KynapseDynamicPathObject__vfunc_01	0	medium: RTTI: slot 1 of vtable 0x9fbdd4 (KynapseDynamicPathObject); class membership read from RTTI, method meaning not established
489c73	KynapseNPCAction__vfunc_00	0	medium: RTTI: slot 0 of vtable 0x9fbcdc (KynapseNPCAction); class membership read from RTTI, method meaning not established
489cc8	KynapseNPCBrain__vfunc_00	0	medium: RTTI: slot 0 of vtable 0x9fbcf4 (KynapseNPCBrain); class membership read from RTTI, method meaning not established
489d19	KynapseNPCBrain__WriteBack	0	high: name given from the function's role, role read from code (Kynapse bridge, 0x4810d9-0x482deb and the Kynapse* classes)
489fde	Kaim__I____CStdArray__CCell__vfunc_00	0	medium: RTTI: slot 0 of vtable 0xab0df4 (Kaim::I::?$CStdArray::CCell); class membership read from RTTI, method meaning not established
48a1b7	KynapseEntityInfo_GetBool	0	medium: name given from the function's role, which is inferred (read (Kynapse bridge, 0x4810d9-0x482deb and the Kynapse* classes))
48a559	AIStaticPathObjectNode__SetIsImpassable	0	high: registered under this name in FUN_0048c9a7 (name string pushed immediately before the member-function pointer)
48a586	AIStaticPathObjectNode__SetCanLeave	0	medium: registered under this name in FUN_0048c9a7 (name string pushed immediately before the member-function pointer); COMDAT-folded, also: Light::SetCauseShadows
48a593	AIDynamicPathObjectNode__vfunc_20	0	medium: RTTI: slot 20 of vtable 0x9fc454 (AIDynamicPathObjectNode); class membership read from RTTI, method meaning not established
48a6a4	KynapseBaseEntity__Update	0	high: name given from the function's role, role read from code (Kynapse bridge, 0x4810d9-0x482deb and the Kynapse* classes); was KynapseBaseEntity__vfunc_05 (RTTI: slot 5 of vtable 0x9fc2c8 (KynapseBaseEntity))
48aabb	KynapsePivotEntity__vfunc_05	0	medium: RTTI: slot 5 of vtable 0x9fbcb8 (KynapsePivotEntity); class membership read from RTTI, method meaning not established
48ab07	KynapseStaticPathObject__vfunc_05	0	medium: RTTI: slot 5 of vtable 0x9fc2ec (KynapseStaticPathObject); class membership read from RTTI, method meaning not established
48abb5	KynapseDynamicPathObject__vfunc_05	0	medium: RTTI: slot 5 of vtable 0x9fbdd4 (KynapseDynamicPathObject); class membership read from RTTI, method meaning not established
48ae80	KynapseNPCEntity__Update	0	high: name given from the function's role, role read from code (Kynapse bridge, 0x4810d9-0x482deb and the Kynapse* classes); was KynapseNPCEntity__vfunc_05 (RTTI: slot 5 of vtable 0x9fc4f0 (KynapseNPCEntity))
48b11e	KynapseNPCBrain__Init	0	high: name given from the function's role, role read from code (Kynapse bridge, 0x4810d9-0x482deb and the Kynapse* classes); was KynapseNPCBrain__vfunc_02 (RTTI: slot 2 of vtable 0x9fbcf4 (KynapseNPCBrain))
48b317	KynapseNPCBrain__ApplyConstraint	0	high: name given from the function's role, role read from code (Kynapse bridge, 0x4810d9-0x482deb and the Kynapse* classes)
48b3c0	KynapseSkel__CBigFileDataReader__vfunc_01	0	medium: RTTI: slot 1 of vtable 0x9fbd64 (KynapseSkel::CBigFileDataReader); class membership read from RTTI, method meaning not established
48b44e	KynapseSkel_RayBlocked	0	high: name given from the function's role, role read from code (Kynapse bridge, 0x4810d9-0x482deb and the Kynapse* classes)
48b56c	KynapseSkel_RayFirstHit	0	high: name given from the function's role, role read from code (Kynapse bridge, 0x4810d9-0x482deb and the Kynapse* classes)
48b951	KynapseNPCBrain__Think	0	high: name given from the function's role, role read from code (Kynapse bridge, 0x4810d9-0x482deb and the Kynapse* classes); was KynapseNPCBrain__vfunc_05 (RTTI: slot 5 of vtable 0x9fbcf4 (KynapseNPCBrain))
48c090	KynapseBaseEntity__vfunc_07	0	medium: RTTI: slot 7 of vtable 0x9fc2c8 (KynapseBaseEntity); class membership read from RTTI, method meaning not established
48c249	KynapseStaticPathObject__Bind	0	high: name given from the function's role, role read from code (Kynapse bridge, 0x4810d9-0x482deb and the Kynapse* classes); was KynapseStaticPathObject__vfunc_21 (RTTI: slot 21 of vtable 0x9fc2ec (KynapseStaticPathObject))
48c2fa	KynapseNPCEntity__OnAdded	0	medium: name given from the function's role, which is inferred (read (Kynapse bridge, 0x4810d9-0x482deb and the Kynapse* classes)); was KynapseNPCEntity__vfunc_07 (RTTI: slot 7 of vtable 0x9fc4f0 (KynapseNPCEntity))
48c598	AIStaticPathObjectNode__vfunc_11	0	medium: RTTI: slot 11 of vtable 0x9fc22c (AIStaticPathObjectNode); class membership read from RTTI, method meaning not established
48c5b4	AIDynamicPathObjectNode__SetPathObject	0	medium: registered under this name in FUN_0048c9a7 (name string pushed immediately before the member-function pointer); COMDAT-folded, also: AIStaticPathObjectNode::SetPathObject
48c641	AIDynamicPathObjectNode__vfunc_11	0	medium: RTTI: slot 11 of vtable 0x9fc454 (AIDynamicPathObjectNode); class membership read from RTTI, method meaning not established
48c737	KynapseBaseEntity__vfunc_00	0	medium: RTTI: slot 0 of vtable 0x9fc2c8 (KynapseBaseEntity); class membership read from RTTI, method meaning not established
48c78f	KynapseStaticPathObject__vfunc_00	0	medium: RTTI: slot 0 of vtable 0x9fc2ec (KynapseStaticPathObject); class membership read from RTTI, method meaning not established
48c9a7	AIStaticPathObjectNode__RegisterMembers	0	high: pushes 8 "AIStaticPathObjectNode::..." member-name strings paired with member-function pointers
48cc8b	AIDynamicPathObjectNode__RegisterMembers	0	high: pushes 2 "AIDynamicPathObjectNode::..." member-name strings paired with member-function pointers
48cdba	KynapseNPCEntity__vfunc_00	0	medium: RTTI: slot 0 of vtable 0x9fc4f0 (KynapseNPCEntity); class membership read from RTTI, method meaning not established
48cec0	PivotNode__GetAABBminWS	0	high: registered under this name in FUN_00495047 (name string pushed immediately before the member-function pointer)
48ceee	PivotNode__GetAABBminMS	0	high: registered under this name in FUN_00495047 (name string pushed immediately before the member-function pointer)
48cf05	PivotNode__GetAABBmaxMS	0	high: registered under this name in FUN_00495047 (name string pushed immediately before the member-function pointer)
48cf1c	LoadBlock__GetIsLoaded	0	high: registered under this name in FUN_004ae441 (name string pushed immediately before the member-function pointer)
48cf4b	SceneNode__FlushRewindMSG	0	high: registered under this name in FUN_00496c76 (name string pushed immediately before the member-function pointer)
48cf55	SceneNode__GetRewindResumeTime	0	high: registered under this name in FUN_00496c76 (name string pushed immediately before the member-function pointer)
48d302	ParticleOcclusionBox__vfunc_29	0	medium: RTTI: slot 29 of vtable 0x9fca94 (ParticleOcclusionBox); class membership read from RTTI, method meaning not established
48d34b	PivotNode__vfunc_30	0	medium: RTTI: slot 30 of vtable 0x9fd4d4 (PivotNode), inherited by 49 other vtables; class membership read from RTTI, method meaning not established
48d370	PivotNode__vfunc_32	0	medium: RTTI: slot 32 of vtable 0x9fd4d4 (PivotNode), inherited by 46 other vtables; class membership read from RTTI, method meaning not established
48d4dd	SceneNode__vfunc_06	0	medium: RTTI: slot 6 of vtable 0x9fd274 (SceneNode); class membership read from RTTI, method meaning not established
48d55e	AIBrainNode__SetEndGoalSlowDownDist	0	medium: registered under this name in FUN_0047ff8c (name string pushed immediately before the member-function pointer); COMDAT-folded, also: AIBrainNode::SetMaxDeltaAnglePerFrame, AIWorldNode::StartMapBuilderLocalRecomputationMSG, AIWorldNode::StartMapBuilderMSG
48d561	Script_NopHandler	0	high: 1-byte ret; registered for 477 commands
48d562	ProgressClass__vfunc_00	0	medium: RTTI: slot 0 of vtable 0x9fcc5c (ProgressClass); class membership read from RTTI, method meaning not established
48d57f	SceneNode__SetWindModeMSG	0	high: registered under this name in FUN_00496c76 (name string pushed immediately before the member-function pointer)
48d5a2	SceneNode__SetWindPauseMSG	0	high: registered under this name in FUN_00496c76 (name string pushed immediately before the member-function pointer)
48d5f6	Node__vfunc_28	0	medium: RTTI: slot 28 of vtable 0x9fd31c (Node), inherited by 30 other vtables; class membership read from RTTI, method meaning not established
48d6dc	Node__GetNumChildren	0	high: registered under this name in FUN_00494142 (name string pushed immediately before the member-function pointer)
48dfe5	PivotNode__SetParentLink	0	high: registered under this name in FUN_00495047 (name string pushed immediately before the member-function pointer)
48dff2	Entity__GetTypeName	0	high: registered under this name in FUN_00511603 (name string pushed immediately before the member-function pointer)
48dff9	Entity__GetRunScript	0	high: registered under this name in FUN_00511603 (name string pushed immediately before the member-function pointer)
48e017	CameraOptions__GetUseEditorCameraInPlayMode	0	medium: registered under this name in FUN_00494142 (name string pushed immediately before the member-function pointer); COMDAT-folded, also: Joint::GetCollisionEnabled, LocalizationOptions::GetIsLowViolence, Node::IsThisEnabled
48e01b	ToolbarOptions__GetUseSystemColors	0	high: registered under this name in FUN_004e55e9 (name string pushed immediately before the member-function pointer); folded 4-byte body `mov al,[ecx+0x55]; ret`; also registered as Node::GetVisible at 0x494273 (getter of `visible`; X360 Part 1 calls it Node::IsVisible)
48e01f	Node__IsSmartSelectable	0	high: registered under this name in FUN_00494142 (name string pushed immediately before the member-function pointer)
48e023	Node__GetSiblingOrder	0	high: registered under this name in FUN_00494142 (name string pushed immediately before the member-function pointer)
48e081	PivotNode__GetLocalOrient	0	high: registered under this name in FUN_00495047 (name string pushed immediately before the member-function pointer)
48e098	PivotNode__GetLocalPos	0	high: registered under this name in FUN_00495047 (name string pushed immediately before the member-function pointer)
48e0af	PivotNode__GetIncludeInAO	0	high: registered under this name in FUN_00495047 (name string pushed immediately before the member-function pointer)
48e0b6	PivotNode__GetIncludeInReflections	0	high: registered under this name in FUN_00495047 (name string pushed immediately before the member-function pointer)
48e0bd	PivotNode__GetCastShadow	0	high: registered under this name in FUN_00495047 (name string pushed immediately before the member-function pointer)
48e0c4	PivotNode__GetSpatialTreeStrategyAsInt	0	high: registered under this name in FUN_00495047 (name string pushed immediately before the member-function pointer)
48e0cb	ParticleType__GetDstBlendAsInt	0	medium: registered under this name in FUN_00495047 (name string pushed immediately before the member-function pointer); COMDAT-folded, also: PivotNode::GetTransformParent
48e0d2	PivotNode__ConvertDirectionToWorldSpaceMSG	0	high: registered under this name in FUN_00495047 (name string pushed immediately before the member-function pointer)
48e113	PivotNode__GetParentLink	0	high: registered under this name in FUN_00495047 (name string pushed immediately before the member-function pointer)
48e17d	CollisionNode__GetNodeCollisionMask	0	high: registered under this name in FUN_004ac8f0 (name string pushed immediately before the member-function pointer)
48e1ab	SceneNode__GetTimeMultiplier	0	high: registered under this name in FUN_00496c76 (name string pushed immediately before the member-function pointer)
48e1b2	SceneNode__GetEditorTimeMultiplier	0	high: registered under this name in FUN_00496c76 (name string pushed immediately before the member-function pointer)
48e1b9	SceneNode__GetInitMode	0	high: registered under this name in FUN_00496c76 (name string pushed immediately before the member-function pointer)
48e1c0	SceneNode__GetAdditionalCamera1	0	high: registered under this name in FUN_00496c76 (name string pushed immediately before the member-function pointer)
48e1d0	SceneNode__GetAdditionalCamera2	0	high: registered under this name in FUN_00496c76 (name string pushed immediately before the member-function pointer)
48e1e0	SceneNode__GetAdditionalCamera3	0	high: registered under this name in FUN_00496c76 (name string pushed immediately before the member-function pointer)
48e210	ParticleOcclusionBox__GetOcclusionId	0	medium: registered under this name in FUN_0049030b (name string pushed immediately before the member-function pointer); COMDAT-folded, also: TerrainNode::GetTextureTiling
48e23a	ParticleOcclusionBox__vfunc_11	0	medium: RTTI: slot 11 of vtable 0x9fca94 (ParticleOcclusionBox); class membership read from RTTI, method meaning not established
48e256	DebugMonitorOptions__GetPS3SelfFilename	0	medium: registered under this name in FUN_00494bfc (name string pushed immediately before the member-function pointer); COMDAT-folded, also: GeneralEditorOptions::GetScreenShotPath, PlatformNode::GetSimulatedLoadFailCode, SnapOptions::GetMainGridSize
48e25a	PivotNode__GetNumberOfRenderInstancesMSG	0	high: registered under this name in FUN_00495047 (name string pushed immediately before the member-function pointer)
48e2e8	SceneNode__QuerySphereClothMSG	0	high: registered under this name in FUN_00496c76 (name string pushed immediately before the member-function pointer)
48e3a9	Node__FrameUpdateMSG	0	high: registered under this name in FUN_00494142 (name string pushed immediately before the member-function pointer)
48e575	Node__vfunc_02	0	medium: RTTI: slot 2 of vtable 0x9fd31c (Node), inherited by 81 other vtables; class membership read from RTTI, method meaning not established
48e5a1	PVSRootNode__GetTextColor	0	high: registered under this name in FUN_0049676b (name string pushed immediately before the member-function pointer)
48e5b8	Annotator__GetSolidWireframeAlpha	0	medium: registered under this name in FUN_0049676b (name string pushed immediately before the member-function pointer); COMDAT-folded, also: D6Joint::GetLowTwistLimitSpring, GFXEffect::GetShadowMaxRange, PVSRootNode::GetTextScale
48e78f	Str_CopyAssign	0	medium: read: copies length+buffer from another Str
48ec72	PivotNode__ConvertToWorldSpaceMSG	0	high: registered under this name in FUN_00495047 (name string pushed immediately before the member-function pointer)
48ecb3	PivotNode__ConvertDirectionFromWorldSpaceMSG	0	high: registered under this name in FUN_00495047 (name string pushed immediately before the member-function pointer)
48ee9f	KynapseSkel_SetupBridge	0	high: name given from the function's role, role read from code (Kynapse bridge, 0x4810d9-0x482deb and the Kynapse* classes)
48efc3	ParticleOcclusionBox__SetOcclusionId	0	high: registered under this name in FUN_0049030b (name string pushed immediately before the member-function pointer)
48efd0	TextSlot__GetCurrentTextStringIdentifierASCII	0	high: registered under this name in FUN_00494bfc (name string pushed immediately before the member-function pointer)
48f05c	TextSlot__GetCurrentTextContentASCII	0	high: registered under this name in FUN_00494bfc (name string pushed immediately before the member-function pointer)
48f0ee	TextSlot__SetCurrentIndex	0	high: registered under this name in FUN_00494bfc (name string pushed immediately before the member-function pointer)
48f1d5	TextSlot__DumpMSG	0	high: registered under this name in FUN_00494bfc (name string pushed immediately before the member-function pointer)
48f250	MouseNode__GetCursorTexture	0	medium: registered under this name in FUN_00494bfc (name string pushed immediately before the member-function pointer); COMDAT-folded, also: SoundSlot::GetStreamingSound, TextSlot::GetTextRes
48f28a	TextSlot__GetNumOfTextPieces	0	high: registered under this name in FUN_00494bfc (name string pushed immediately before the member-function pointer)
48f299	SnapGrid__SetGridSize	0	high: registered under this name in FUN_00496afb (name string pushed immediately before the member-function pointer)
48f2de	Cloth__SetUseAnimForCollision	0	medium: registered under this name in FUN_00495047 (name string pushed immediately before the member-function pointer); COMDAT-folded, also: PivotNode::SetLocked
48f2eb	PivotNode__SetIncludeInAO	0	high: registered under this name in FUN_00495047 (name string pushed immediately before the member-function pointer)
48f2f8	PivotNode__SetIncludeInReflections	0	high: registered under this name in FUN_00495047 (name string pushed immediately before the member-function pointer)
48f305	PivotNode__SetCastShadow	0	high: registered under this name in FUN_00495047 (name string pushed immediately before the member-function pointer)
48f3cb	PivotNode__vfunc_35	0	medium: RTTI: slot 35 of vtable 0x9fd4d4 (PivotNode), inherited by 50 other vtables; class membership read from RTTI, method meaning not established
48f3e7	PivotNode__GetTextureSheetFromRenderInstanceMSG	0	high: registered under this name in FUN_00495047 (name string pushed immediately before the member-function pointer)
48f402	PivotNode__SetTextureSheetOnRenderInstanceMSG	0	high: registered under this name in FUN_00495047 (name string pushed immediately before the member-function pointer)
48f49d	SceneNode__SetTimeMultiplier	0	high: registered under this name in FUN_00496c76 (name string pushed immediately before the member-function pointer)
48f4aa	SceneNode__SetInitMode	0	high: registered under this name in FUN_00496c76 (name string pushed immediately before the member-function pointer)
48f4b7	SceneNode__SetEditorTimeMultiplier	0	high: registered under this name in FUN_00496c76 (name string pushed immediately before the member-function pointer)
48f5e9	Node__SetSiblingOrder	0	high: registered under this name in FUN_00494142 (name string pushed immediately before the member-function pointer)
48f609	Node__SetSmartSelectable	0	high: registered under this name in FUN_00494142 (name string pushed immediately before the member-function pointer)
48f65c	Node__SetEnabledScript	0	high: registered under this name in FUN_00494142 (name string pushed immediately before the member-function pointer)
48f69a	Node__SetVisible	0	high: registered under this name in FUN_00494142 (name string pushed immediately before the member-function pointer)
48f6d8	Node__vfunc_26	0	medium: RTTI: slot 26 of vtable 0x9fd31c (Node), inherited by 60 other vtables; class membership read from RTTI, method meaning not established
48f6e8	PVSRootNode__SetTextColor	0	high: registered under this name in FUN_0049676b (name string pushed immediately before the member-function pointer)
48f712	Annotator__SetSolidWireframeAlpha	0	medium: registered under this name in FUN_0049676b (name string pushed immediately before the member-function pointer); COMDAT-folded, also: PVSRootNode::SetTextScale
48f71f	PVSRootNode__SetChannelName	0	high: registered under this name in FUN_0049676b (name string pushed immediately before the member-function pointer)
49019f	PivotNode__SetLocalPosAndOrientMSG	0	high: registered under this name in FUN_00495047 (name string pushed immediately before the member-function pointer)
4901e7	PivotNode__SetWorldPosAndOrientMSG	0	high: registered under this name in FUN_00495047 (name string pushed immediately before the member-function pointer)
49022f	PivotNode__ConvertFromWorldSpaceMSG	0	high: registered under this name in FUN_00495047 (name string pushed immediately before the member-function pointer)
49030b	ParticleOcclusionBox__RegisterMembers	0	high: pushes 2 "ParticleOcclusionBox::..." member-name strings paired with member-function pointers
4903ce	TextSlot__SetTextRes	0	high: registered under this name in FUN_00494bfc (name string pushed immediately before the member-function pointer)
490418	Light__SetColorAsVector	0	medium: registered under this name in FUN_00496afb (name string pushed immediately before the member-function pointer); COMDAT-folded, also: SnapGrid::SetGridColorAsVector
4907b7	PivotNode__LocalCastRay_ClosestHitMSG	0	high: registered under this name in FUN_00495047 (name string pushed immediately before the member-function pointer)
49134d	Node__vfunc_13	0	medium: RTTI: slot 13 of vtable 0x9fd31c (Node), inherited by 81 other vtables; class membership read from RTTI, method meaning not established
491395	Node__SetRunFrameUpdate	0	high: registered under this name in FUN_00494142 (name string pushed immediately before the member-function pointer)
4913df	Node__vfunc_01	0	medium: RTTI: slot 1 of vtable 0x9fd31c (Node), inherited by 30 other vtables; class membership read from RTTI, method meaning not established
492184	PivotNode__SetLocalOrient	0	high: registered under this name in FUN_00495047 (name string pushed immediately before the member-function pointer)
492195	PivotNode__SetLocalPos	0	high: registered under this name in FUN_00495047 (name string pushed immediately before the member-function pointer)
4921a6	PivotNode__MoveMSG	0	high: registered under this name in FUN_00495047 (name string pushed immediately before the member-function pointer)
4921d0	PivotNode__MoveLocalMSG	0	high: registered under this name in FUN_00495047 (name string pushed immediately before the member-function pointer)
4921fa	PivotNode__RotateMSG	0	high: registered under this name in FUN_00495047 (name string pushed immediately before the member-function pointer)
49222a	PivotNode__SetRotationXMSG	0	high: registered under this name in FUN_00495047 (name string pushed immediately before the member-function pointer)
49223f	PivotNode__SetRotationYMSG	0	high: registered under this name in FUN_00495047 (name string pushed immediately before the member-function pointer)
492254	PivotNode__SetRotationZMSG	0	high: registered under this name in FUN_00495047 (name string pushed immediately before the member-function pointer)
492269	PivotNode__RotateXMSG	0	high: registered under this name in FUN_00495047 (name string pushed immediately before the member-function pointer)
49227e	PivotNode__RotateYMSG	0	high: registered under this name in FUN_00495047 (name string pushed immediately before the member-function pointer)
492293	PivotNode__RotateZMSG	0	high: registered under this name in FUN_00495047 (name string pushed immediately before the member-function pointer)
4922a8	PivotNode__RotateLocalMSG	0	high: registered under this name in FUN_00495047 (name string pushed immediately before the member-function pointer)
4922d8	PivotNode__RotateLocalXMSG	0	high: registered under this name in FUN_00495047 (name string pushed immediately before the member-function pointer)
4922ed	PivotNode__RotateLocalYMSG	0	high: registered under this name in FUN_00495047 (name string pushed immediately before the member-function pointer)
492302	PivotNode__RotateLocalZMSG	0	high: registered under this name in FUN_00495047 (name string pushed immediately before the member-function pointer)
492317	PivotNode__AlignToChildNodeMSG	0	high: registered under this name in FUN_00495047 (name string pushed immediately before the member-function pointer)
49237e	SceneNode__GetLoadedLoadBlock	0	high: registered under this name in FUN_00496c76 (name string pushed immediately before the member-function pointer)
492808	SceneNode__SetScriptUpdateHandlerMSG	0	high: registered under this name in FUN_00496c76 (name string pushed immediately before the member-function pointer)
492827	SceneNode__SetEngineUpdateHandlerMSG	0	high: registered under this name in FUN_00496c76 (name string pushed immediately before the member-function pointer)
492846	SceneNode__SetViewportRenderHandlerMSG	0	high: registered under this name in FUN_00496c76 (name string pushed immediately before the member-function pointer)
4929c6	LoadBlock__vfunc_38	0	medium: RTTI: slot 38 of vtable 0xa05c64 (LoadBlock), inherited by 1 other vtables; class membership read from RTTI, method meaning not established
492be8	Folder__vfunc_11	0	medium: RTTI: slot 11 of vtable 0x9fd39c (Folder); class membership read from RTTI, method meaning not established
492f47	SceneNode__GetCurrentCameraMSG	0	high: registered under this name in FUN_00496c76 (name string pushed immediately before the member-function pointer)
49325d	PivotNode__vfunc_36	0	medium: RTTI: slot 36 of vtable 0x9fd4d4 (PivotNode), inherited by 25 other vtables; class membership read from RTTI, method meaning not established
493613	SceneNode__vfunc_11	0	medium: RTTI: slot 11 of vtable 0x9fd274 (SceneNode); class membership read from RTTI, method meaning not established
493a64	SceneNode__GetGameCamera	0	high: registered under this name in FUN_00496c76 (name string pushed immediately before the member-function pointer)
49409b	SceneNode__SetAdditionalCamera1	0	high: registered under this name in FUN_00496c76 (name string pushed immediately before the member-function pointer)
494107	SceneNode__SetAdditionalCamera3	0	high: registered under this name in FUN_00496c76 (name string pushed immediately before the member-function pointer)
494142	Node__RegisterMembers	0	high: pushes 18 "Node::..." member-name strings paired with member-function pointers
4945fd	Node__vfunc_14	0	medium: RTTI: slot 14 of vtable 0x9fd31c (Node), inherited by 28 other vtables; class membership read from RTTI, method meaning not established
4947ad	Group__vfunc_11	0	medium: RTTI: slot 11 of vtable 0x9fda54 (Group); class membership read from RTTI, method meaning not established
4949ce	PivotNode__SetSpatialTreeStrategyAsInt	0	high: registered under this name in FUN_00495047 (name string pushed immediately before the member-function pointer)
494a6e	SceneNode__CastRay_ClosestHitMSG	0	high: registered under this name in FUN_00496c76 (name string pushed immediately before the member-function pointer)
494ab6	SceneNode__CastRay_AllHits_SortedMSG	0	high: registered under this name in FUN_00496c76 (name string pushed immediately before the member-function pointer)
494b00	SceneNode__CastRay_AllHits_NotSortedMSG	0	high: registered under this name in FUN_00496c76 (name string pushed immediately before the member-function pointer)
494be0	TextSlot__vfunc_11	0	medium: RTTI: slot 11 of vtable 0x9fd454 (TextSlot); class membership read from RTTI, method meaning not established
494bfc	TextSlot__RegisterMembers	0	high: pushes 13 "TextSlot::..." member-name strings paired with member-function pointers
495047	PivotNode__RegisterMembers	0	high: pushes 52 "PivotNode::..." member-name strings paired with member-function pointers
495bbe	PivotNode__vfunc_29	0	medium: RTTI: slot 29 of vtable 0x9fd4d4 (PivotNode), inherited by 21 other vtables; class membership read from RTTI, method meaning not established
495bf6	PivotNode__vfunc_14	0	medium: RTTI: slot 14 of vtable 0x9fd4d4 (PivotNode), inherited by 45 other vtables; class membership read from RTTI, method meaning not established
495c4e	SceneNode__SetGameCamera	0	high: registered under this name in FUN_00496c76 (name string pushed immediately before the member-function pointer)
495c8b	SceneNode__SetEditorCamera	0	high: registered under this name in FUN_00496c76 (name string pushed immediately before the member-function pointer)
496294	SceneNode__vfunc_39	0	medium: RTTI: slot 39 of vtable 0x9fd274 (SceneNode); class membership read from RTTI, method meaning not established
496458	SceneNode__vfunc_17	0	medium: RTTI: slot 17 of vtable 0x9fd274 (SceneNode); class membership read from RTTI, method meaning not established
49674f	PVSRootNode__vfunc_11	0	medium: RTTI: slot 11 of vtable 0x9fdafc (PVSRootNode); class membership read from RTTI, method meaning not established
49676b	PVSRootNode__RegisterMembers	0	high: pushes 6 "PVSRootNode::..." member-name strings paired with member-function pointers
496ad9	SnapGrid__vfunc_11	0	medium: RTTI: slot 11 of vtable 0x9fdf6c (SnapGrid); class membership read from RTTI, method meaning not established
496afb	SnapGrid__RegisterMembers	0	high: pushes 6 "SnapGrid::..." member-name strings paired with member-function pointers
496c76	SceneNode__RegisterMembers	0	high: pushes 38 "SceneNode::..." member-name strings paired with member-function pointers
497814	Entity__GetFragmentID	0	high: registered under this name in FUN_00511603 (name string pushed immediately before the member-function pointer)
49781f	Node__FindNodeChecker__vfunc_00	0	medium: RTTI: slot 0 of vtable 0x9fff94 (Node::FindNodeChecker); class membership read from RTTI, method meaning not established
497ee2	Sheet__GetUniqueIDAsInt64	0	high: registered under this name in FUN_00528ce4 (name string pushed immediately before the member-function pointer)
497eff	ModelRes__GetNumLods	0	high: registered under this name in FUN_00547584 (name string pushed immediately before the member-function pointer)
497f07	BaseModel__GetModelNamesAsProperty	0	high: registered under this name in FUN_004aab8f (name string pushed immediately before the member-function pointer)
497f33	Model__GetSubPivotsAsProperty	0	high: registered under this name in FUN_004ab16c (name string pushed immediately before the member-function pointer)
498048	CollisionNode__GetPivotSheetID	0	high: registered under this name in FUN_004ac8f0 (name string pushed immediately before the member-function pointer)
498055	CollisionNode__vfunc_20	0	medium: RTTI: slot 20 of vtable 0xa027e4 (CollisionNode), inherited by 15 other vtables; class membership read from RTTI, method meaning not established
49807a	EmbeddedJointNode__vfunc_36	0	medium: RTTI: slot 36 of vtable 0xa02944 (EmbeddedJointNode); class membership read from RTTI, method meaning not established
4980a0	BaseModel__SetModelResByName	0	high: registered under this name in FUN_004aab8f (name string pushed immediately before the member-function pointer)
4980f0	BaseModel__SetModelNamesAsProperty	0	high: registered under this name in FUN_004aab8f (name string pushed immediately before the member-function pointer)
498116	SequenceTrack__vfunc_00	0	medium: RTTI: slot 0 of vtable 0x9fffb0 (SequenceTrack); class membership read from RTTI, method meaning not established
49813a	SequenceTrackInstance__vfunc_00	0	medium: RTTI: slot 0 of vtable 0x9fffc4 (SequenceTrackInstance); class membership read from RTTI, method meaning not established
498192	ActionTrackInstance__vfunc_02	0	medium: RTTI: slot 2 of vtable 0x9fffec (ActionTrackInstance); class membership read from RTTI, method meaning not established
49819b	StreamBlockNode__IsLoaded	0	high: registered under this name in FUN_004ad797 (name string pushed immediately before the member-function pointer)
498252	LoadBlock__RebuildQuadTreeMSG	0	high: registered under this name in FUN_004ae441 (name string pushed immediately before the member-function pointer)
498435	Camera__GetViewportPositionX	0	high: registered under this name in FUN_004a97e9 (name string pushed immediately before the member-function pointer)
498479	Wind__vfunc_29	0	medium: RTTI: slot 29 of vtable 0xa00014 (Wind); class membership read from RTTI, method meaning not established
4984b1	GrassCollisionNode__GetMaxNumberOfSpheresMSG	0	high: registered under this name in FUN_004a6288 (name string pushed immediately before the member-function pointer)
498db7	FragmentNode__SetFragmentAssetByName	0	high: registered under this name in FUN_004a601d (name string pushed immediately before the member-function pointer)
498e6e	Camera__GetViewportHeight	0	medium: registered under this name in FUN_004a97e9 (name string pushed immediately before the member-function pointer); COMDAT-folded, also: CollisionNode::GetPhysicsTypeAsInt, LoadBlock::GetMemorySetupPC
498e75	LoadBlock__GetMemorySetupX360	0	high: registered under this name in FUN_004ae441 (name string pushed immediately before the member-function pointer)
498e7c	CollisionNode__GetArticulatedBody	0	high: registered under this name in FUN_004ac8f0 (name string pushed immediately before the member-function pointer)
498e8c	CollisionNode__GetPivotSheetAsEntity	0	high: registered under this name in FUN_004ac8f0 (name string pushed immediately before the member-function pointer)
498e9c	CollisionNode__IsDynamicObstacle	0	high: registered under this name in FUN_004ac8f0 (name string pushed immediately before the member-function pointer)
498ea3	TerrainNode__GetCastShadows	0	high: registered under this name in FUN_004abb3c (name string pushed immediately before the member-function pointer)
498eaa	TerrainNode__GetVisualizeUserSectors	0	high: registered under this name in FUN_004abb3c (name string pushed immediately before the member-function pointer)
498eb1	TerrainNode__GetUserSectorQuadLength	0	high: registered under this name in FUN_004abb3c (name string pushed immediately before the member-function pointer)
498eb8	TerrainNode__GetTerrainWidth	0	high: registered under this name in FUN_004abb3c (name string pushed immediately before the member-function pointer)
498ebf	TerrainNode__GetTerrainHeight	0	high: registered under this name in FUN_004abb3c (name string pushed immediately before the member-function pointer)
498ecd	TerrainNode__GetTerrainWidthStr	0	high: registered under this name in FUN_004abb3c (name string pushed immediately before the member-function pointer)
498ed4	TerrainNode__GetTerrainNumVertsStr	0	high: registered under this name in FUN_004abb3c (name string pushed immediately before the member-function pointer)
498f25	LoadBlock__GetWorkingPlatform	0	medium: registered under this name in FUN_004ae441 (name string pushed immediately before the member-function pointer); COMDAT-folded, also: TextureSheet::GetMaxHeightSamples
498f2c	LensFlareManager__GetOcclusionSize	0	medium: registered under this name in FUN_004a7051 (name string pushed immediately before the member-function pointer); COMDAT-folded, also: Light::GetDistFadeStart, LoadBlock::GetQuadTreeBoundMinZ, ModelRes::GetLODFadeIn12
498f33	LoadBlock__GetVisualizeQuadTreeBounds	0	high: registered under this name in FUN_004ae441 (name string pushed immediately before the member-function pointer)
498f3a	AIBrainNode__GetBrainDebugRenderingFlags	0	medium: registered under this name in FUN_004865b9 (name string pushed immediately before the member-function pointer); COMDAT-folded, also: LoadBlock::GetMemorySetupPS3
498f92	ModelRes__GetNumPivots	0	high: registered under this name in FUN_00547584 (name string pushed immediately before the member-function pointer)
498f9e	BaseModel__GetNumModelResMSG	0	high: registered under this name in FUN_004aab8f (name string pushed immediately before the member-function pointer)
498fb2	BaseModel__GetTerrainAOGradient	0	high: registered under this name in FUN_004aab8f (name string pushed immediately before the member-function pointer)
498fb9	BaseModel__GetUseConstantAmbient	0	high: registered under this name in FUN_004aab8f (name string pushed immediately before the member-function pointer)
498fc0	Sprite__GetAlpha2	0	high: registered under this name in FUN_004c7270 (name string pushed immediately before the member-function pointer)
498fc7	AIBrainNode__GetReferenceRadius	0	medium: registered under this name in FUN_004865b9 (name string pushed immediately before the member-function pointer); COMDAT-folded, also: D6Joint::GetLowTwistLimitRestitution, TextureSheet::GetHeightScale
498fce	Annotator__GetSolidAlpha	0	medium: registered under this name in FUN_004a97e9 (name string pushed immediately before the member-function pointer); COMDAT-folded, also: Camera::GetFarClip, ModelRes::GetLODDistance01, TextureSheet::GetHeightBias
498fd5	Camera__GetDrawDebugInfo	0	high: registered under this name in FUN_004a97e9 (name string pushed immediately before the member-function pointer)
498fdc	Camera__GetDrawDebugLevel	0	high: registered under this name in FUN_004a97e9 (name string pushed immediately before the member-function pointer)
498fe3	Camera__ProjectMSG	0	high: registered under this name in FUN_004a97e9 (name string pushed immediately before the member-function pointer)
499055	MoviePlayer__GetSubtitleSlot	0	high: registered under this name in FUN_004a8175 (name string pushed immediately before the member-function pointer)
499065	MoviePlayer__GetNotificationTextBox	0	high: registered under this name in FUN_004a8175 (name string pushed immediately before the member-function pointer)
499075	MoviePlayer__GetAutoStopMovie	0	high: registered under this name in FUN_004a8175 (name string pushed immediately before the member-function pointer)
4990c5	MoviePlayer__GetIsPlaying	0	high: registered under this name in FUN_004a8175 (name string pushed immediately before the member-function pointer)
4990d3	MoviePlayer__GetVolume	0	high: registered under this name in FUN_004a8175 (name string pushed immediately before the member-function pointer)
4990da	MoviePlayer__GetLooping	0	high: registered under this name in FUN_004a8175 (name string pushed immediately before the member-function pointer)
4990e1	MoviePlayer__GetPlayTime	0	high: registered under this name in FUN_004a8175 (name string pushed immediately before the member-function pointer)
4990e9	MoviePlayer__GetScaleX	0	high: registered under this name in FUN_004a8175 (name string pushed immediately before the member-function pointer)
4990f0	MoviePlayer__GetScaleY	0	high: registered under this name in FUN_004a8175 (name string pushed immediately before the member-function pointer)
4990f7	MoviePlayer__GetDisplacementX	0	high: registered under this name in FUN_004a8175 (name string pushed immediately before the member-function pointer)
499102	MoviePlayer__GetDisplacementY	0	high: registered under this name in FUN_004a8175 (name string pushed immediately before the member-function pointer)
499344	CollisionNode__GetTargetDistanceMSG	0	high: registered under this name in FUN_004ac8f0 (name string pushed immediately before the member-function pointer)
4993b0	CollisionNode__GetNearestAIEntityMSG	0	high: registered under this name in FUN_004ac8f0 (name string pushed immediately before the member-function pointer)
4994e6	CubeMapNode__GetTextureSize	0	medium: registered under this name in FUN_004ad0f2 (name string pushed immediately before the member-function pointer); COMDAT-folded, also: EmbeddedJointNode::GetJoint, ParticleType::GetOcclusionId, Sprite::GetConstantSizeMode
499523	BoneAttacher__GetAttachedBone	0	medium: registered under this name in FUN_00496afb (name string pushed immediately before the member-function pointer); COMDAT-folded, also: BoneController::GetAttachedBone, SnapGrid::GetGridCellSizeIndex, SubPivot::GetOwner
49952a	EmbeddedJointNode__vfunc_06	0	medium: RTTI: slot 6 of vtable 0xa02944 (EmbeddedJointNode); class membership read from RTTI, method meaning not established
4995c6	BaseModel__vfunc_33	0	medium: RTTI: slot 33 of vtable 0xa029e4 (BaseModel), inherited by 3 other vtables; class membership read from RTTI, method meaning not established
4995fe	_A0x51e46247__ParentFindNodeChecker__vfunc_01	0	medium: RTTI: slot 1 of vtable 0xa000bc (?A0x51e46247::ParentFindNodeChecker); class membership read from RTTI, method meaning not established
49964f	_A0x51e46247__ParentFindNodeChecker__vfunc_00	0	medium: RTTI: slot 0 of vtable 0xa000bc (?A0x51e46247::ParentFindNodeChecker); class membership read from RTTI, method meaning not established
4996b6	SubPivot__vfunc_11	0	medium: RTTI: slot 11 of vtable 0xa000cc (SubPivot); class membership read from RTTI, method meaning not established
4996d8	SubPivot__vfunc_26	0	medium: RTTI: slot 26 of vtable 0xa000cc (SubPivot); class membership read from RTTI, method meaning not established
4996f1	SubPivot__vfunc_27	0	medium: RTTI: slot 27 of vtable 0xa000cc (SubPivot); class membership read from RTTI, method meaning not established
499701	SubPivot__vfunc_36	0	medium: RTTI: slot 36 of vtable 0xa000cc (SubPivot); class membership read from RTTI, method meaning not established
49972c	PropertySequenceNode__GetAutoStart	0	high: registered under this name in FUN_004ad2d1 (name string pushed immediately before the member-function pointer)
499733	PropertyTrackInstance__vfunc_01	0	medium: RTTI: slot 1 of vtable 0xa0127c (PropertyTrackInstance); class membership read from RTTI, method meaning not established
499946	PropertyTrackInstance__vfunc_04	0	medium: RTTI: slot 4 of vtable 0xa0127c (PropertyTrackInstance); class membership read from RTTI, method meaning not established
4999a3	PropertyTrackInstance__vfunc_05	0	medium: RTTI: slot 5 of vtable 0xa0127c (PropertyTrackInstance); class membership read from RTTI, method meaning not established
4999cb	ActionTrackInstance__vfunc_00	0	medium: RTTI: slot 0 of vtable 0x9fffec (ActionTrackInstance); class membership read from RTTI, method meaning not established
499a47	StreamBlockNode__GetColorCodeAsVector	0	high: registered under this name in FUN_004ad797 (name string pushed immediately before the member-function pointer)
499a65	StreamBlockNode__GetRender	0	high: registered under this name in FUN_004ad797 (name string pushed immediately before the member-function pointer)
499ada	StreamBlockNode__vfunc_14	0	medium: RTTI: slot 14 of vtable 0xa04814 (StreamBlockNode); class membership read from RTTI, method meaning not established
499b55	AIBrainNode__GetIsReferencePoint	0	medium: registered under this name in FUN_004865b9 (name string pushed immediately before the member-function pointer); COMDAT-folded, also: AIStaticPathObjectNode::GetIsImpassable, Light::GetTextured
499b5c	AIStaticPathObjectNode__GetCanBypass	0	medium: registered under this name in FUN_0048c9a7 (name string pushed immediately before the member-function pointer); COMDAT-folded, also: Light::GetCausePOMShadows, SoundController::IsPaused
499b63	Light__GetIgnoreGlobalLightFading	0	high: registered under this name in FUN_004a7051 (name string pushed immediately before the member-function pointer)
499b6a	Light__GetWidth	0	medium: registered under this name in FUN_004a7051 (name string pushed immediately before the member-function pointer); COMDAT-folded, also: ModelRes::GetLODDistance23
499b71	Light__GetHeight	0	high: registered under this name in FUN_004a7051 (name string pushed immediately before the member-function pointer)
499b78	Light__GetDepth	0	high: registered under this name in FUN_004a7051 (name string pushed immediately before the member-function pointer)
499b7f	Light__GetAspectRatio	0	high: registered under this name in FUN_004a7051 (name string pushed immediately before the member-function pointer)
499b86	D6Joint__GetXMotorPower	0	medium: registered under this name in FUN_004a7051 (name string pushed immediately before the member-function pointer); COMDAT-folded, also: Light::GetTextureOffsetX, Sprite::GetV3U, TerrainNode::GetMetersPerQuad
499b8d	D6Joint__GetYMotorPower	0	medium: registered under this name in FUN_004a7051 (name string pushed immediately before the member-function pointer); COMDAT-folded, also: Light::GetTextureOffsetY, ModelRes::GetLODFadeOut34, Sprite::GetV3V
499b94	Light__GetTextureScaleY	0	medium: registered under this name in FUN_004a7051 (name string pushed immediately before the member-function pointer); COMDAT-folded, also: ModelRes::GetLODDistance45, Sprite::GetV4V
499bce	SnapGrid__GetGridSize	0	medium: registered under this name in FUN_00496afb (name string pushed immediately before the member-function pointer); COMDAT-folded, also: SubPivot::GetPivotID
499bd5	Light__GetColorAsVector	0	high: registered under this name in FUN_004a7051 (name string pushed immediately before the member-function pointer)
49a056	Light__GetTexture	0	high: registered under this name in FUN_004a7051 (name string pushed immediately before the member-function pointer)
49a3f8	Camera__InFrustumMSG	0	high: registered under this name in FUN_004a97e9 (name string pushed immediately before the member-function pointer)
49a51a	Wind__GetWindSpeed	0	high: registered under this name in FUN_004a21e9 (name string pushed immediately before the member-function pointer)
49a521	Wind__GetWindFlux	0	high: registered under this name in FUN_004a21e9 (name string pushed immediately before the member-function pointer)
49a52f	Wind__GetFrenzyAngle	0	high: registered under this name in FUN_004a21e9 (name string pushed immediately before the member-function pointer)
49a536	Wind__GetVariationSpeed	0	high: registered under this name in FUN_004a21e9 (name string pushed immediately before the member-function pointer)
49a5cc	Wind__vfunc_11	0	medium: RTTI: slot 11 of vtable 0xa00014 (Wind); class membership read from RTTI, method meaning not established
49a5e8	Wind__vfunc_17	0	medium: RTTI: slot 17 of vtable 0xa00014 (Wind); class membership read from RTTI, method meaning not established
49aa39	GrassCollisionNode__GetDrawDebugSpheres	0	high: registered under this name in FUN_004a6288 (name string pushed immediately before the member-function pointer)
49aa40	GrassCollisionNode__GetNumberOfCollisionSpheres	0	medium: registered under this name in FUN_004a6288 (name string pushed immediately before the member-function pointer); COMDAT-folded, also: TextureSheet::GetSrcBlendAsInt
49aa47	AIBrainNode__GetDynamicAvoidanceMaxDegreeRotationPerSec	0	medium: registered under this name in FUN_004865b9 (name string pushed immediately before the member-function pointer); COMDAT-folded, also: D6Joint::GetSwing1LimitValue, GFXEffect::GetGlobalLightFadeEnd
49b93b	CollisionNode__GetPivotBookAsEntity	0	high: registered under this name in FUN_004ac8f0 (name string pushed immediately before the member-function pointer)
49b983	TerrainNode__GetSurfaceHeightMSG	0	high: registered under this name in FUN_004abb3c (name string pushed immediately before the member-function pointer)
49b9de	TerrainNode__GetSurfaceNormalMSG	0	high: registered under this name in FUN_004abb3c (name string pushed immediately before the member-function pointer)
49ba45	LoadBlock__SetMemorySetupEditor	0	high: registered under this name in FUN_004ae441 (name string pushed immediately before the member-function pointer)
49ba75	LoadBlock__SetMemorySetupPC	0	high: registered under this name in FUN_004ae441 (name string pushed immediately before the member-function pointer)
49baa5	LoadBlock__SetMemorySetupX360	0	high: registered under this name in FUN_004ae441 (name string pushed immediately before the member-function pointer)
49bad5	LoadBlock__SetMemorySetupPS3	0	high: registered under this name in FUN_004ae441 (name string pushed immediately before the member-function pointer)
49bc48	Camera__GetGfxEffectNode	0	high: registered under this name in FUN_004a97e9 (name string pushed immediately before the member-function pointer)
49bc58	Camera__GetStreamingProbe	0	high: registered under this name in FUN_004a97e9 (name string pushed immediately before the member-function pointer)
49bc68	Camera__GetShadowPointOfInterest	0	high: registered under this name in FUN_004a97e9 (name string pushed immediately before the member-function pointer)
49bc78	Camera__UnProjectMSG	0	high: registered under this name in FUN_004a97e9 (name string pushed immediately before the member-function pointer)
49bebd	TerrainNode__SetTextureTiling	0	high: registered under this name in FUN_004abb3c (name string pushed immediately before the member-function pointer)
49c22a	TerrainNode__GetTerrainColoringAssetName	0	high: registered under this name in FUN_004abb3c (name string pushed immediately before the member-function pointer)
49c23e	TerrainNode__SetTerrainWidth	0	high: registered under this name in FUN_004abb3c (name string pushed immediately before the member-function pointer)
49c250	TerrainNode__SetTerrainHeight	0	high: registered under this name in FUN_004abb3c (name string pushed immediately before the member-function pointer)
49c2a9	TerrainNode__SetMetersPerQuad	0	high: registered under this name in FUN_004abb3c (name string pushed immediately before the member-function pointer)
49c4ce	TerrainNode__vfunc_30	0	medium: RTTI: slot 30 of vtable 0xa032ac (TerrainNode); class membership read from RTTI, method meaning not established
49c519	TerrainNode__SetCastShadows	0	high: registered under this name in FUN_004abb3c (name string pushed immediately before the member-function pointer)
49c526	TerrainNode__SetVisualizeUserSectors	0	high: registered under this name in FUN_004abb3c (name string pushed immediately before the member-function pointer)
49c533	MoviePlayer__IsAllocatedMSG	0	high: registered under this name in FUN_004a8175 (name string pushed immediately before the member-function pointer)
49c547	MoviePlayer__GetIsPlayingMSG	0	high: registered under this name in FUN_004a8175 (name string pushed immediately before the member-function pointer)
49c6e5	MoviePlayer__SetVolume	0	high: registered under this name in FUN_004a8175 (name string pushed immediately before the member-function pointer)
49c6ff	MoviePlayer__SetLooping	0	high: registered under this name in FUN_004a8175 (name string pushed immediately before the member-function pointer)
49c719	MoviePlayer__SetScaleX	0	high: registered under this name in FUN_004a8175 (name string pushed immediately before the member-function pointer)
49c730	MoviePlayer__SetScaleY	0	high: registered under this name in FUN_004a8175 (name string pushed immediately before the member-function pointer)
49c747	MoviePlayer__SetDisplacementX	0	high: registered under this name in FUN_004a8175 (name string pushed immediately before the member-function pointer)
49c75e	MoviePlayer__SetDisplacementY	0	high: registered under this name in FUN_004a8175 (name string pushed immediately before the member-function pointer)
49c775	MoviePlayer__SetStopEvent	0	high: registered under this name in FUN_004a8175 (name string pushed immediately before the member-function pointer)
49c85e	EmbeddedActorNode__GetActor	0	high: registered under this name in FUN_004aa894 (name string pushed immediately before the member-function pointer)
49c86e	CollisionNode__vfunc_24	0	medium: RTTI: slot 24 of vtable 0xa027e4 (CollisionNode), inherited by 17 other vtables; class membership read from RTTI, method meaning not established
49c940	CollisionNode__vfunc_41	0	medium: RTTI: slot 41 of vtable 0xa027e4 (CollisionNode), inherited by 16 other vtables; class membership read from RTTI, method meaning not established
49c991	CollisionNode__vfunc_36	0	medium: RTTI: slot 36 of vtable 0xa027e4 (CollisionNode), inherited by 14 other vtables; class membership read from RTTI, method meaning not established
49cb58	CollisionNode__vfunc_26	0	medium: RTTI: slot 26 of vtable 0xa027e4 (CollisionNode), inherited by 16 other vtables; class membership read from RTTI, method meaning not established
49cbaa	CollisionNode__SetNodeCollisionMask	0	high: registered under this name in FUN_004ac8f0 (name string pushed immediately before the member-function pointer)
49cbc4	CollisionNode__SetMovementType	0	high: registered under this name in FUN_004ac8f0 (name string pushed immediately before the member-function pointer)
49cbec	CollisionNode__SetIncludeInAIVisibilityCache	0	high: registered under this name in FUN_004ac8f0 (name string pushed immediately before the member-function pointer)
49cbf9	CollisionNode__vfunc_38	0	medium: RTTI: slot 38 of vtable 0xa027e4 (CollisionNode), inherited by 6 other vtables; class membership read from RTTI, method meaning not established
49cc45	CollisionNode__GetPivotBookName	0	high: registered under this name in FUN_004ac8f0 (name string pushed immediately before the member-function pointer)
49ccf1	EmbeddedJointNode__SetJoint	0	high: registered under this name in FUN_004ad0f2 (name string pushed immediately before the member-function pointer)
49cd1a	BaseModel__GetModelResName	0	high: registered under this name in FUN_004aab8f (name string pushed immediately before the member-function pointer)
49cd5d	BaseModel__SetOpacity	0	high: registered under this name in FUN_004aab8f (name string pushed immediately before the member-function pointer)
49cda2	BaseModel__SetTerrainAOGradient	0	high: registered under this name in FUN_004aab8f (name string pushed immediately before the member-function pointer)
49cdf1	BaseModel__SetUseConstantAmbient	0	high: registered under this name in FUN_004aab8f (name string pushed immediately before the member-function pointer)
49ce85	BaseModel__SetGeometryLodOverride	0	high: registered under this name in FUN_004aab8f (name string pushed immediately before the member-function pointer)
49ce92	BaseModel__SetTextureSheets	0	high: registered under this name in FUN_004aab8f (name string pushed immediately before the member-function pointer)
49cf25	BaseModel__GetTextureSheetPivotLodMeshMSG	0	high: registered under this name in FUN_004aab8f (name string pushed immediately before the member-function pointer)
49cf41	BaseModel__GetTextureSheetPivotLodMeshOldMSG	0	high: registered under this name in FUN_004aab8f (name string pushed immediately before the member-function pointer)
49cf5c	BaseModel__vfunc_08	0	medium: RTTI: slot 8 of vtable 0xa029e4 (BaseModel), inherited by 7 other vtables; class membership read from RTTI, method meaning not established
49d26c	BaseModel__SetTextureSheetsDescription	0	high: registered under this name in FUN_004aab8f (name string pushed immediately before the member-function pointer)
49d2c7	BaseModel__GetModelResMSG	0	high: registered under this name in FUN_004aab8f (name string pushed immediately before the member-function pointer)
49d2d8	BaseModel__GetModelResOldMSG	0	high: registered under this name in FUN_004aab8f (name string pushed immediately before the member-function pointer)
49d2e8	BaseModel__vfunc_32	0	medium: RTTI: slot 32 of vtable 0xa029e4 (BaseModel), inherited by 3 other vtables; class membership read from RTTI, method meaning not established
49d35a	Model__vfunc_26	0	medium: RTTI: slot 26 of vtable 0xa02aa4 (Model); class membership read from RTTI, method meaning not established
49d380	Model__vfunc_34	0	medium: RTTI: slot 34 of vtable 0xa02aa4 (Model); class membership read from RTTI, method meaning not established
49d450	SubPivot__vfunc_14	0	medium: RTTI: slot 14 of vtable 0xa000cc (SubPivot); class membership read from RTTI, method meaning not established
49d4c7	SubPivot__vfunc_31	0	medium: RTTI: slot 31 of vtable 0xa000cc (SubPivot); class membership read from RTTI, method meaning not established
49d51c	SubPivot__SetPivotID	0	high: registered under this name in FUN_004a5bbc (name string pushed immediately before the member-function pointer)
49d66e	PropertySequenceNode__GetSequenceAsEntity	0	high: registered under this name in FUN_004ad2d1 (name string pushed immediately before the member-function pointer)
49d6f3	PropertySequenceNode__SetPlayPos	0	high: registered under this name in FUN_004ad2d1 (name string pushed immediately before the member-function pointer)
49d794	PropertySequenceNode__PlayOverrideLoopMsg	0	high: registered under this name in FUN_004ad2d1 (name string pushed immediately before the member-function pointer)
49d7a2	PropertySequenceNode__StopMsg	0	high: registered under this name in FUN_004ad2d1 (name string pushed immediately before the member-function pointer)
49d7fe	PropertySequenceNode__vfunc_17	0	medium: RTTI: slot 17 of vtable 0xa00304 (PropertySequenceNode); class membership read from RTTI, method meaning not established
49da8d	PropertySequenceNode__SetAutoStart	0	high: registered under this name in FUN_004ad2d1 (name string pushed immediately before the member-function pointer)
49da9a	PropertySequenceNode__GetSequenceName	0	high: registered under this name in FUN_004ad2d1 (name string pushed immediately before the member-function pointer)
49daae	GFXEffect__SetWaterWaveSpeedVariance	0	medium: registered under this name in FUN_004c068c (name string pushed immediately before the member-function pointer); COMDAT-folded, also: LensFlareManager::SetNumberOfFadeInFrames, TextureSheet::SetHighlightBumpScale
49dabb	StreamBlockNode__SetRender	0	high: registered under this name in FUN_004ad797 (name string pushed immediately before the member-function pointer)
49dac8	StreamBlockNode__SetMode	0	high: registered under this name in FUN_004ad797 (name string pushed immediately before the member-function pointer)
49dae3	StreamBlockNode__SetColorCodeAsVector	0	high: registered under this name in FUN_004ad797 (name string pushed immediately before the member-function pointer)
49db3c	LoadBlock__GetSceneReservedAssetBudget	0	high: registered under this name in FUN_004ae441 (name string pushed immediately before the member-function pointer)
49dd75	LoadBlock__SetQuadTreeBoundMinX	0	high: registered under this name in FUN_004ae441 (name string pushed immediately before the member-function pointer)
49dd8c	LoadBlock__SetQuadTreeBoundMaxX	0	high: registered under this name in FUN_004ae441 (name string pushed immediately before the member-function pointer)
49dda3	LoadBlock__SetQuadTreeBoundMinZ	0	high: registered under this name in FUN_004ae441 (name string pushed immediately before the member-function pointer)
49ddd1	LoadBlock__SetVisualizeQuadTreeBounds	0	high: registered under this name in FUN_004ae441 (name string pushed immediately before the member-function pointer)
49df35	Light__SetWidth	0	high: registered under this name in FUN_004a7051 (name string pushed immediately before the member-function pointer)
49df62	Light__SetHeight	0	high: registered under this name in FUN_004a7051 (name string pushed immediately before the member-function pointer)
49dfbc	Light__SetAspectRatio	0	high: registered under this name in FUN_004a7051 (name string pushed immediately before the member-function pointer)
49dfe9	AIStaticPathObjectNode__SetCanBypass	0	medium: registered under this name in FUN_0048c9a7 (name string pushed immediately before the member-function pointer); COMDAT-folded, also: Light::SetCausePOMShadows
49e00b	Light__SetRange	0	high: registered under this name in FUN_004a7051 (name string pushed immediately before the member-function pointer)
49e03e	Light__SetAttnStart	0	high: registered under this name in FUN_004a7051 (name string pushed immediately before the member-function pointer)
49e050	CollisionNode__SetFollowTerrain	0	medium: registered under this name in FUN_004a7051 (name string pushed immediately before the member-function pointer); COMDAT-folded, also: Light::SetIgnoreGlobalLightFading
49e05d	Light__SetDistFadeStart	0	high: registered under this name in FUN_004a7051 (name string pushed immediately before the member-function pointer)
49e09a	Light__SetDistFadeEnd	0	high: registered under this name in FUN_004a7051 (name string pushed immediately before the member-function pointer)
49e0d7	Light__SetInnerConeAngle	0	high: registered under this name in FUN_004a7051 (name string pushed immediately before the member-function pointer)
49e179	Light__SetTextured	0	high: registered under this name in FUN_004a7051 (name string pushed immediately before the member-function pointer)
49e186	Light__SetTextureOffsetX	0	medium: registered under this name in FUN_004a7051 (name string pushed immediately before the member-function pointer); COMDAT-folded, also: Sprite::SetV3U
49e193	Light__SetTextureOffsetY	0	medium: registered under this name in FUN_004a7051 (name string pushed immediately before the member-function pointer); COMDAT-folded, also: Sprite::SetV3V
49e1a0	Light__SetTextureScaleY	0	medium: registered under this name in FUN_004a7051 (name string pushed immediately before the member-function pointer); COMDAT-folded, also: Sprite::SetV4V
49e2d3	FragmentNode__ApplyMSG	0	high: registered under this name in FUN_004a601d (name string pushed immediately before the member-function pointer)
49e2ee	FragmentNode__vfunc_06	0	medium: RTTI: slot 6 of vtable 0xa0094c (FragmentNode), inherited by 1 other vtables; class membership read from RTTI, method meaning not established
49e3e8	Camera__DistanceToMSG	0	high: registered under this name in FUN_004a97e9 (name string pushed immediately before the member-function pointer)
49e500	Camera__SetFarClip	0	high: registered under this name in FUN_004a97e9 (name string pushed immediately before the member-function pointer)
49e59c	Camera__SetDrawDebugLevel	0	high: registered under this name in FUN_004a97e9 (name string pushed immediately before the member-function pointer)
49e851	Wind__SetWindSpeed	0	high: registered under this name in FUN_004a21e9 (name string pushed immediately before the member-function pointer)
49e85e	Wind__SetWindFlux	0	high: registered under this name in FUN_004a21e9 (name string pushed immediately before the member-function pointer)
49e86b	Wind__SetWindFrenzy	0	high: registered under this name in FUN_004a21e9 (name string pushed immediately before the member-function pointer)
49e878	Wind__SetFrenzyAngle	0	high: registered under this name in FUN_004a21e9 (name string pushed immediately before the member-function pointer)
49e885	Wind__SetVariationSpeed	0	high: registered under this name in FUN_004a21e9 (name string pushed immediately before the member-function pointer)
49ea5d	GrassCollisionNode__SetDrawDebugSpheres	0	high: registered under this name in FUN_004a6288 (name string pushed immediately before the member-function pointer)
49ea6a	GFXEffect__SetWaterWaveSpeed	0	medium: registered under this name in FUN_004a6288 (name string pushed immediately before the member-function pointer); COMDAT-folded, also: GrassCollisionNode::SetClampCharacterSpeed, LensFlareManager::SetFadeDist, TextureSheet::SetSecondaryHighlightShift
49f3e4	TerrainNode__vfunc_36	0	medium: RTTI: slot 36 of vtable 0xa032ac (TerrainNode); class membership read from RTTI, method meaning not established
49f420	TerrainNode__SetUserSectorQuadLength	0	high: registered under this name in FUN_004abb3c (name string pushed immediately before the member-function pointer)
49f46e	TerrainNode__SetTerrainAssetName	0	high: registered under this name in FUN_004abb3c (name string pushed immediately before the member-function pointer)
49f4dc	TerrainNode__SetTerrainColoringAssetName	0	high: registered under this name in FUN_004abb3c (name string pushed immediately before the member-function pointer)
49f52a	MoviePlayer__StopMSG	0	high: registered under this name in FUN_004a8175 (name string pushed immediately before the member-function pointer)
49f532	MoviePlayer__SetMovie	0	high: registered under this name in FUN_004a8175 (name string pushed immediately before the member-function pointer)
49f788	CollisionNode__vfunc_39	0	medium: RTTI: slot 39 of vtable 0xa027e4 (CollisionNode), inherited by 15 other vtables; class membership read from RTTI, method meaning not established
49f7e1	CollisionNode__SetPivotBookByName	0	high: registered under this name in FUN_004ac8f0 (name string pushed immediately before the member-function pointer)
49f95e	BaseModel__GetTextureSheetsDescription	0	high: registered under this name in FUN_004aab8f (name string pushed immediately before the member-function pointer)
49faaf	Model__vfunc_37	0	medium: RTTI: slot 37 of vtable 0xa02aa4 (Model); class membership read from RTTI, method meaning not established
49fc04	Model__vfunc_39	0	medium: RTTI: slot 39 of vtable 0xa02aa4 (Model); class membership read from RTTI, method meaning not established
49fd2c	Model__vfunc_45	0	medium: RTTI: slot 45 of vtable 0xa02aa4 (Model); class membership read from RTTI, method meaning not established
49fecd	ActionTrackInstance__vfunc_01	0	medium: RTTI: slot 1 of vtable 0x9fffec (ActionTrackInstance); class membership read from RTTI, method meaning not established
49ff7b	PropertySequenceNode__vfunc_11	0	medium: RTTI: slot 11 of vtable 0xa00304 (PropertySequenceNode); class membership read from RTTI, method meaning not established
49ff97	PropertySequenceNode__SetRelPlayPos	0	high: registered under this name in FUN_004ad2d1 (name string pushed immediately before the member-function pointer)
49ffc0	PropertySequenceNode__SetSequenceByName	0	high: registered under this name in FUN_004ad2d1 (name string pushed immediately before the member-function pointer)
4a0023	PropertySequenceNode__PlayMsg	0	high: registered under this name in FUN_004ad2d1 (name string pushed immediately before the member-function pointer)
4a016a	LoadBlock__vfunc_06	0	medium: RTTI: slot 6 of vtable 0xa05c64 (LoadBlock); class membership read from RTTI, method meaning not established
4a1bcb	Light__vfunc_36	0	medium: RTTI: slot 36 of vtable 0xa008a4 (Light); class membership read from RTTI, method meaning not established
4a1eeb	Camera__SetFOVVertical	0	high: registered under this name in FUN_004a97e9 (name string pushed immediately before the member-function pointer)
4a2150	Camera__vfunc_36	0	medium: RTTI: slot 36 of vtable 0xa013d4 (Camera), inherited by 1 other vtables; class membership read from RTTI, method meaning not established
4a2167	Camera__vfunc_29	0	medium: RTTI: slot 29 of vtable 0xa013d4 (Camera), inherited by 1 other vtables; class membership read from RTTI, method meaning not established
4a2177	Camera__SetUseViewport	0	high: registered under this name in FUN_004a97e9 (name string pushed immediately before the member-function pointer)
4a2189	Camera__SetViewportPositionX	0	high: registered under this name in FUN_004a97e9 (name string pushed immediately before the member-function pointer)
4a21b9	Camera__SetViewportWidth	0	high: registered under this name in FUN_004a97e9 (name string pushed immediately before the member-function pointer)
4a21d1	Camera__SetViewportHeight	0	high: registered under this name in FUN_004a97e9 (name string pushed immediately before the member-function pointer)
4a21e9	Wind__RegisterMembers	0	high: pushes 10 "Wind::..." member-name strings paired with member-function pointers
4a274a	GrassCollisionNode__SetNumberOfCollisionSpheres	0	high: registered under this name in FUN_004a6288 (name string pushed immediately before the member-function pointer)
4a2b56	LoadBlock__UnloadMSG	0	high: registered under this name in FUN_004ae441 (name string pushed immediately before the member-function pointer)
4a2b72	MoviePlayer__DeAllocateMSG	0	high: registered under this name in FUN_004a8175 (name string pushed immediately before the member-function pointer)
4a2b7a	MoviePlayer__PlayMovieMSG	0	high: registered under this name in FUN_004a8175 (name string pushed immediately before the member-function pointer)
4a2b8f	CollisionNode__vfunc_40	0	medium: RTTI: slot 40 of vtable 0xa027e4 (CollisionNode), inherited by 15 other vtables; class membership read from RTTI, method meaning not established
4a2b9f	CollisionNode__BuildAIObjectList	0	medium: name given from the function's role, which is inferred (read (Kynapse bridge, 0x4810d9-0x482deb and the Kynapse* classes))
4a2d3c	CollisionNode__vfunc_06	0	medium: RTTI: slot 6 of vtable 0xa027e4 (CollisionNode); class membership read from RTTI, method meaning not established
4a2e59	CollisionNode__vfunc_42	0	medium: RTTI: slot 42 of vtable 0xa027e4 (CollisionNode), inherited by 5 other vtables; class membership read from RTTI, method meaning not established
4a2f4c	EmbeddedActorNode__vfunc_06	0	medium: RTTI: slot 6 of vtable 0xa02894 (EmbeddedActorNode), inherited by 9 other vtables; class membership read from RTTI, method meaning not established
4a2f7c	BaseModel__GetTextureSheets	0	high: registered under this name in FUN_004aab8f (name string pushed immediately before the member-function pointer)
4a3071	BaseModel__SetTextureSheetPivotLodMeshMSG	0	high: registered under this name in FUN_004aab8f (name string pushed immediately before the member-function pointer)
4a30ab	BaseModel__SetTextureSheetPivotLodMeshOldMSG	0	high: registered under this name in FUN_004aab8f (name string pushed immediately before the member-function pointer)
4a30e4	BaseModel__vfunc_06	0	medium: RTTI: slot 6 of vtable 0xa029e4 (BaseModel), inherited by 1 other vtables; class membership read from RTTI, method meaning not established
4a3223	Model__vfunc_40	0	medium: RTTI: slot 40 of vtable 0xa02aa4 (Model); class membership read from RTTI, method meaning not established
4a3263	SubPivot__SetOwner	0	high: registered under this name in FUN_004a5bbc (name string pushed immediately before the member-function pointer)
4a3279	SubPivot__vfunc_29	0	medium: RTTI: slot 29 of vtable 0xa000cc (SubPivot); class membership read from RTTI, method meaning not established
4a329d	PropertySequenceNode__vfunc_20	0	medium: RTTI: slot 20 of vtable 0xa00304 (PropertySequenceNode); class membership read from RTTI, method meaning not established
4a347d	LoadBlock__SetIsCommonBlock	0	high: registered under this name in FUN_004ae441 (name string pushed immediately before the member-function pointer)
4a3f7d	Light__vfunc_11	0	medium: RTTI: slot 11 of vtable 0xa008a4 (Light); class membership read from RTTI, method meaning not established
4a3f99	Light__vfunc_29	0	medium: RTTI: slot 29 of vtable 0xa008a4 (Light); class membership read from RTTI, method meaning not established
4a3fc3	Light__SetLightTypeAsInt	0	high: registered under this name in FUN_004a7051 (name string pushed immediately before the member-function pointer)
4a400d	FragmentNode__vfunc_11	0	medium: RTTI: slot 11 of vtable 0xa0094c (FragmentNode); class membership read from RTTI, method meaning not established
4a42dc	Camera__vfunc_17	0	medium: RTTI: slot 17 of vtable 0xa013d4 (Camera); class membership read from RTTI, method meaning not established
4a4894	GrassCollisionNode__vfunc_11	0	medium: RTTI: slot 11 of vtable 0xa00c5c (GrassCollisionNode); class membership read from RTTI, method meaning not established
4a4b43	TerrainNode__vfunc_06	0	medium: RTTI: slot 6 of vtable 0xa032ac (TerrainNode); class membership read from RTTI, method meaning not established
4a4c44	CollisionNode__SetPivotSheetID	0	high: registered under this name in FUN_004ac8f0 (name string pushed immediately before the member-function pointer)
4a4d29	CollisionNode__SetPivotSheetMSG	0	high: registered under this name in FUN_004ac8f0 (name string pushed immediately before the member-function pointer)
4a4db4	CollisionNode__SetPhysicsType	0	high: registered under this name in FUN_004ac8f0 (name string pushed immediately before the member-function pointer)
4a4e42	BaseModel__vfunc_43	0	medium: RTTI: slot 43 of vtable 0xa029e4 (BaseModel), inherited by 2 other vtables; class membership read from RTTI, method meaning not established
4a5002	BaseModel__SetTextureSheetPivotTexMSG	0	high: registered under this name in FUN_004aab8f (name string pushed immediately before the member-function pointer)
4a5048	BaseModel__SetTextureSheetPivotTexOldMSG	0	high: registered under this name in FUN_004aab8f (name string pushed immediately before the member-function pointer)
4a52b0	BaseModel__vfunc_44	0	medium: RTTI: slot 44 of vtable 0xa029e4 (BaseModel), inherited by 2 other vtables; class membership read from RTTI, method meaning not established
4a5bbc	SubPivot__RegisterMembers	0	high: pushes 4 "SubPivot::..." member-name strings paired with member-function pointers
4a5d0a	PropertyTrackInstance__vfunc_07	0	medium: RTTI: slot 7 of vtable 0xa0127c (PropertyTrackInstance); class membership read from RTTI, method meaning not established
4a5d42	PropertyTrackInstance__vfunc_00	0	medium: RTTI: slot 0 of vtable 0xa0127c (PropertyTrackInstance); class membership read from RTTI, method meaning not established
4a5db5	StreamBlockNode__LoadMSG	0	high: registered under this name in FUN_004ad797 (name string pushed immediately before the member-function pointer)
4a5dc6	StreamBlockNode__UnloadMSG	0	high: registered under this name in FUN_004ad797 (name string pushed immediately before the member-function pointer)
4a5e69	Light__SetTexture	0	high: registered under this name in FUN_004a7051 (name string pushed immediately before the member-function pointer)
4a601d	FragmentNode__RegisterMembers	0	high: pushes 5 "FragmentNode::..." member-name strings paired with member-function pointers
4a6288	GrassCollisionNode__RegisterMembers	0	high: pushes 7 "GrassCollisionNode::..." member-name strings paired with member-function pointers
4a67ec	MoviePlayer__vfunc_11	0	medium: RTTI: slot 11 of vtable 0xa0108c (MoviePlayer); class membership read from RTTI, method meaning not established
4a6808	MoviePlayer__SetSubtitleTextBox	0	high: registered under this name in FUN_004a8175 (name string pushed immediately before the member-function pointer)
4a687a	MoviePlayer__SetSubtitleSlot	0	high: registered under this name in FUN_004a8175 (name string pushed immediately before the member-function pointer)
4a68c8	MoviePlayer__SetNotificationTextBox	0	high: registered under this name in FUN_004a8175 (name string pushed immediately before the member-function pointer)
4a68fe	CollisionNode__SetArticulatedBody	0	high: registered under this name in FUN_004ac8f0 (name string pushed immediately before the member-function pointer)
4a6961	CollisionNode__vfunc_29	0	medium: RTTI: slot 29 of vtable 0xa027e4 (CollisionNode), inherited by 1 other vtables; class membership read from RTTI, method meaning not established
4a69bd	CollisionNode__vfunc_25	0	medium: RTTI: slot 25 of vtable 0xa027e4 (CollisionNode), inherited by 17 other vtables; class membership read from RTTI, method meaning not established
4a69f6	CollisionNode__GetAllAIObjectsMSG	0	high: registered under this name in FUN_004ac8f0 (name string pushed immediately before the member-function pointer)
4a6ab7	CollisionNode__GetVisibleAIObjectsMSG	0	high: registered under this name in FUN_004ac8f0 (name string pushed immediately before the member-function pointer)
4a6b7b	CollisionNode__GetNearbyAIObjectsMSG	0	high: registered under this name in FUN_004ac8f0 (name string pushed immediately before the member-function pointer)
4a6d37	EmbeddedActorNode__vfunc_42	0	medium: RTTI: slot 42 of vtable 0xa02894 (EmbeddedActorNode), inherited by 11 other vtables; class membership read from RTTI, method meaning not established
4a6d92	EmbeddedActorNode__SetActor	0	high: registered under this name in FUN_004aa894 (name string pushed immediately before the member-function pointer)
4a6e1c	EmbeddedJointNode__SetChildNode	0	high: registered under this name in FUN_004ad0f2 (name string pushed immediately before the member-function pointer)
4a6e6c	EmbeddedJointNode__SetParentNode	0	high: registered under this name in FUN_004ad0f2 (name string pushed immediately before the member-function pointer)
4a6f98	Model__vfunc_36	0	medium: RTTI: slot 36 of vtable 0xa02aa4 (Model); class membership read from RTTI, method meaning not established
4a7051	Light__RegisterMembers	0	high: pushes 46 "Light::..." member-name strings paired with member-function pointers
4a7ac8	Camera__vfunc_11	0	medium: RTTI: slot 11 of vtable 0xa013d4 (Camera); class membership read from RTTI, method meaning not established
4a7ae4	Camera__SetStreamingProbe	0	high: registered under this name in FUN_004a97e9 (name string pushed immediately before the member-function pointer)
4a7b5d	Camera__SetShadowPointOfInterest	0	high: registered under this name in FUN_004a97e9 (name string pushed immediately before the member-function pointer)
4a7b93	Camera__SetGfxEffectNode	0	high: registered under this name in FUN_004a97e9 (name string pushed immediately before the member-function pointer)
4a7bc9	Camera__SetGfxEffectNodeMSG	0	high: registered under this name in FUN_004a97e9 (name string pushed immediately before the member-function pointer)
4a8047	TerrainNode__vfunc_29	0	medium: RTTI: slot 29 of vtable 0xa032ac (TerrainNode); class membership read from RTTI, method meaning not established
4a8175	MoviePlayer__RegisterMembers	0	high: pushes 36 "MoviePlayer::..." member-name strings paired with member-function pointers
4a8f43	EmbeddedJointNode__vfunc_20	0	medium: RTTI: slot 20 of vtable 0xa02944 (EmbeddedJointNode); class membership read from RTTI, method meaning not established
4a8f53	EmbeddedJointNode__SetActorsMSG	0	high: registered under this name in FUN_004ad0f2 (name string pushed immediately before the member-function pointer)
4a9304	BaseModel__vfunc_29	0	medium: RTTI: slot 29 of vtable 0xa029e4 (BaseModel); class membership read from RTTI, method meaning not established
4a9462	Model__vfunc_29	0	medium: RTTI: slot 29 of vtable 0xa02aa4 (Model); class membership read from RTTI, method meaning not established
4a9685	Model__vfunc_31	0	medium: RTTI: slot 31 of vtable 0xa02aa4 (Model); class membership read from RTTI, method meaning not established
4a9771	ActionTrack__vfunc_00	0	medium: RTTI: slot 0 of vtable 0xa02b70 (ActionTrack); class membership read from RTTI, method meaning not established
4a97e9	Camera__RegisterMembers	0	high: pushes 34 "Camera::..." member-name strings paired with member-function pointers
4aa607	CollisionNode__vfunc_11	0	medium: RTTI: slot 11 of vtable 0xa027e4 (CollisionNode); class membership read from RTTI, method meaning not established
4aa623	CollisionNode__SetDynamicObstacle	0	high: registered under this name in FUN_004ac8f0 (name string pushed immediately before the member-function pointer)
4aa6f7	CollisionNode__vfunc_17	0	medium: RTTI: slot 17 of vtable 0xa027e4 (CollisionNode), inherited by 15 other vtables; class membership read from RTTI, method meaning not established
4aa878	EmbeddedActorNode__vfunc_11	0	medium: RTTI: slot 11 of vtable 0xa02894 (EmbeddedActorNode); class membership read from RTTI, method meaning not established
4aa894	EmbeddedActorNode__RegisterMembers	0	high: pushes 2 "EmbeddedActorNode::..." member-name strings paired with member-function pointers
4aa9ea	EmbeddedJointNode__vfunc_11	0	medium: RTTI: slot 11 of vtable 0xa02944 (EmbeddedJointNode); class membership read from RTTI, method meaning not established
4aaa06	EmbeddedJointNode__vfunc_17	0	medium: RTTI: slot 17 of vtable 0xa02944 (EmbeddedJointNode); class membership read from RTTI, method meaning not established
4aab32	EmbeddedJointNode__vfunc_29	0	medium: RTTI: slot 29 of vtable 0xa02944 (EmbeddedJointNode); class membership read from RTTI, method meaning not established
4aab56	EmbeddedJointNode__vfunc_26	0	medium: RTTI: slot 26 of vtable 0xa02944 (EmbeddedJointNode); class membership read from RTTI, method meaning not established
4aab73	BaseModel__vfunc_11	0	medium: RTTI: slot 11 of vtable 0xa029e4 (BaseModel); class membership read from RTTI, method meaning not established
4aab8f	BaseModel__RegisterMembers	0	high: pushes 27 "BaseModel::..." member-name strings paired with member-function pointers
4ab150	Model__vfunc_11	0	medium: RTTI: slot 11 of vtable 0xa02aa4 (Model); class membership read from RTTI, method meaning not established
4ab16c	Model__RegisterMembers	0	high: pushes 1 "Model::..." member-name strings paired with member-function pointers
4ab9ba	CollisionNode__UnsubscribeFromCollisionInfoMSG	0	high: registered under this name in FUN_004ac8f0 (name string pushed immediately before the member-function pointer)
4ab9cf	CollisionNode__UnsubscribeFromCollisionInfoFirstContactMSG	0	high: registered under this name in FUN_004ac8f0 (name string pushed immediately before the member-function pointer)
4abb20	TerrainNode__vfunc_11	0	medium: RTTI: slot 11 of vtable 0xa032ac (TerrainNode); class membership read from RTTI, method meaning not established
4abb3c	TerrainNode__RegisterMembers	0	high: pushes 39 "TerrainNode::..." member-name strings paired with member-function pointers
4ac6aa	PropertySequenceNode__vfunc_29	0	medium: RTTI: slot 29 of vtable 0xa00304 (PropertySequenceNode); class membership read from RTTI, method meaning not established
4ac6ba	PropertySequenceNode__UpdateTrackBindingsMsg	0	high: registered under this name in FUN_004ad2d1 (name string pushed immediately before the member-function pointer)
4ac6c2	StreamBlockNode__AddLoadedCallbackMSG	0	high: registered under this name in FUN_004ad797 (name string pushed immediately before the member-function pointer)
4ac7e9	FragmentNode__vfunc_38	0	medium: RTTI: slot 38 of vtable 0xa0094c (FragmentNode), inherited by 1 other vtables; class membership read from RTTI, method meaning not established
4ac8ba	CollisionNode__SubscribeToCollisionInfoMSG	0	high: registered under this name in FUN_004ac8f0 (name string pushed immediately before the member-function pointer)
4ac8d5	CollisionNode__SubscribeToCollisionInfoFirstContactMSG	0	high: registered under this name in FUN_004ac8f0 (name string pushed immediately before the member-function pointer)
4ac8f0	CollisionNode__RegisterMembers	0	high: pushes 32 "CollisionNode::..." member-name strings paired with member-function pointers
4ad0e1	EmbeddedJointNode__SubscribeToJointInfoMSG	0	high: registered under this name in FUN_004ad0f2 (name string pushed immediately before the member-function pointer)
4ad0f2	EmbeddedJointNode__RegisterMembers	0	high: pushes 8 "EmbeddedJointNode::..." member-name strings paired with member-function pointers
4ad2d1	PropertySequenceNode__RegisterMembers	0	high: pushes 18 "PropertySequenceNode::..." member-name strings paired with member-function pointers
4ad77b	StreamBlockNode__vfunc_11	0	medium: RTTI: slot 11 of vtable 0xa04814 (StreamBlockNode); class membership read from RTTI, method meaning not established
4ad797	StreamBlockNode__RegisterMembers	0	high: pushes 11 "StreamBlockNode::..." member-name strings paired with member-function pointers
4addda	LoadBlock__vfunc_11	0	medium: RTTI: slot 11 of vtable 0xa05c64 (LoadBlock); class membership read from RTTI, method meaning not established
4ae3ee	LoadBlock__LoadMSG	0	high: registered under this name in FUN_004ae441 (name string pushed immediately before the member-function pointer)
4ae401	LoadBlock__ApplyLoadedMSG	0	high: registered under this name in FUN_004ae441 (name string pushed immediately before the member-function pointer)
4ae441	LoadBlock__RegisterMembers	0	high: pushes 32 "LoadBlock::..." member-name strings paired with member-function pointers
4aed14	Actor__GetWorldPos	0	high: registered under this name in FUN_00518a9a (name string pushed immediately before the member-function pointer)
4aed6a	MockupBox__GetTextureSheetProp	0	high: registered under this name in FUN_004c8a57 (name string pushed immediately before the member-function pointer)
4aed77	Character__GetBoneScaleFactorsAsProperty	0	high: registered under this name in FUN_004c9218 (name string pushed immediately before the member-function pointer)
4aefa6	ControlSetup__ClearActiveControllerMSG	0	high: registered under this name in FUN_004cbdcf (name string pushed immediately before the member-function pointer)
4af2f9	SoundSystemNode__vfunc_17	0	medium: RTTI: slot 17 of vtable 0xa06b54 (SoundSystemNode); class membership read from RTTI, method meaning not established
4af347	SoundSystemNode__StopMSG	0	high: registered under this name in FUN_004caea5 (name string pushed immediately before the member-function pointer)
4af35b	SoundSystemNode__StopAllMSG	0	high: registered under this name in FUN_004caea5 (name string pushed immediately before the member-function pointer)
4af369	SoundSystemNode__IsPlayingMSG	0	high: registered under this name in FUN_004caea5 (name string pushed immediately before the member-function pointer)
4af385	SoundSystemNode__GetVoiceTimeMSG	0	high: registered under this name in FUN_004caea5 (name string pushed immediately before the member-function pointer)
4af39e	SoundSystemNode__ClearGeometryMSG	0	high: registered under this name in FUN_004caea5 (name string pushed immediately before the member-function pointer)
4af3b2	SoundSystemNode__SetNumberOfListenersMSG	0	high: registered under this name in FUN_004caea5 (name string pushed immediately before the member-function pointer)
4af3c6	SoundSystemNode__GetMaxVoices	0	high: registered under this name in FUN_004caea5 (name string pushed immediately before the member-function pointer)
4af3cf	SoundSystemNode__GetRollOffScale	0	high: registered under this name in FUN_004caea5 (name string pushed immediately before the member-function pointer)
4af3da	SoundSystemNode__GetLinearDistAtt	0	high: registered under this name in FUN_004caea5 (name string pushed immediately before the member-function pointer)
4af3e3	SoundSystemNode__GetObstructionFactor	0	high: registered under this name in FUN_004caea5 (name string pushed immediately before the member-function pointer)
4af5a3	Entity_CastTo_e167c8	0	medium: read: same against DAT_00e167c8
4af916	Sprite__GetLeftAnchor	0	high: registered under this name in FUN_004c7270 (name string pushed immediately before the member-function pointer)
4af91d	Sprite__GetRightAnchor	0	high: registered under this name in FUN_004c7270 (name string pushed immediately before the member-function pointer)
4af924	Sprite__GetHorizontalModifier	0	high: registered under this name in FUN_004c7270 (name string pushed immediately before the member-function pointer)
4af92b	Sprite__GetBottomAnchor	0	high: registered under this name in FUN_004c7270 (name string pushed immediately before the member-function pointer)
4af932	Sprite__GetVerticalModifier	0	high: registered under this name in FUN_004c7270 (name string pushed immediately before the member-function pointer)
4af939	Sprite__GetInfiniteDistance	0	high: registered under this name in FUN_004c7270 (name string pushed immediately before the member-function pointer)
4af940	Sprite__GetConstSizeFar	0	high: registered under this name in FUN_004c7270 (name string pushed immediately before the member-function pointer)
4af947	Sprite__GetConstSizeFarShrink	0	high: registered under this name in FUN_004c7270 (name string pushed immediately before the member-function pointer)
4af94e	Sprite__GetV1U	0	high: registered under this name in FUN_004c7270 (name string pushed immediately before the member-function pointer)
4af955	ModelRes__GetLODDistance34	0	high: registered under this name in FUN_00547584 (name string pushed immediately before the member-function pointer)
4af95c	Sprite__GetV2U	0	high: registered under this name in FUN_004c7270 (name string pushed immediately before the member-function pointer)
4afa2a	Sprite__GetColor1AsVector	0	high: registered under this name in FUN_004c7270 (name string pushed immediately before the member-function pointer)
4afa48	Sprite__GetColor2AsVector	0	high: registered under this name in FUN_004c7270 (name string pushed immediately before the member-function pointer)
4afa5f	Sprite__GetColor3AsVector	0	high: registered under this name in FUN_004c7270 (name string pushed immediately before the member-function pointer)
4afa76	Sprite__GetColor4AsVector	0	high: registered under this name in FUN_004c7270 (name string pushed immediately before the member-function pointer)
4afa8d	Sprite__GetAlpha4	0	high: registered under this name in FUN_004c7270 (name string pushed immediately before the member-function pointer)
4afa9c	Sprite__GetPriority	0	high: registered under this name in FUN_004c7270 (name string pushed immediately before the member-function pointer)
4afaa4	Sprite__GetCullMode	0	high: registered under this name in FUN_004c7270 (name string pushed immediately before the member-function pointer)
4afaac	Sprite__GetEnableMouseInput	0	high: registered under this name in FUN_004c7270 (name string pushed immediately before the member-function pointer)
4afaba	Sprite__GetRelativeSize2D	0	high: registered under this name in FUN_004c7270 (name string pushed immediately before the member-function pointer)
4afaff	Sprite__GetClampTextureU	0	high: registered under this name in FUN_004c7270 (name string pushed immediately before the member-function pointer)
4afb06	Sprite__GetClampTextureV	0	high: registered under this name in FUN_004c7270 (name string pushed immediately before the member-function pointer)
4afb0d	Sprite__GetDistFadeStart	0	high: registered under this name in FUN_004c7270 (name string pushed immediately before the member-function pointer)
4afb14	Sprite__GetDistFadeEnd	0	high: registered under this name in FUN_004c7270 (name string pushed immediately before the member-function pointer)
4afb1b	TextBox__GetColor	0	high: registered under this name in FUN_004ca379 (name string pushed immediately before the member-function pointer)
4afb32	TextBox__GetScale	0	high: registered under this name in FUN_004ca379 (name string pushed immediately before the member-function pointer)
4afb49	TextBox__GetHorizontalSpacing	0	high: registered under this name in FUN_004ca379 (name string pushed immediately before the member-function pointer)
4afb50	TextBox__GetHorizontalAlignment	0	high: registered under this name in FUN_004ca379 (name string pushed immediately before the member-function pointer)
4afb58	TextBox__GetVerticalAlignment	0	high: registered under this name in FUN_004ca379 (name string pushed immediately before the member-function pointer)
4afb60	TextBox__GetTextResMode	0	high: registered under this name in FUN_004ca379 (name string pushed immediately before the member-function pointer)
4afb67	TextBox__GetUseSlotIndex	0	high: registered under this name in FUN_004ca379 (name string pushed immediately before the member-function pointer)
4afb6e	TextBox__GetTextSlotIndex	0	high: registered under this name in FUN_004ca379 (name string pushed immediately before the member-function pointer)
4afb76	AlignNodeOptions__GetAlignXPosition	0	medium: registered under this name in FUN_004e412d (name string pushed immediately before the member-function pointer); COMDAT-folded, also: EditorModeOptions::GetWindowHighlightEnabled, EntityTableOptions::GetShowSharedProperties, RenderOptions::GetShowHUD
4afb90	TextBox__GetText	0	high: registered under this name in FUN_004ca379 (name string pushed immediately before the member-function pointer)
4afba0	TextureSheet__GetAlphaThreshold	0	high: registered under this name in FUN_00526589 (name string pushed immediately before the member-function pointer)
4b0498	Character__GetFreeze	0	high: registered under this name in FUN_004c9218 (name string pushed immediately before the member-function pointer)
4b049f	Character__GetBoneAnimModelPosMSG	0	high: registered under this name in FUN_004c9218 (name string pushed immediately before the member-function pointer)
4b04fb	Character__GetBoneAnimLocalPosMSG	0	high: registered under this name in FUN_004c9218 (name string pushed immediately before the member-function pointer)
4b0526	Character__GetBoneAnimLocalOrientMSG	0	high: registered under this name in FUN_004c9218 (name string pushed immediately before the member-function pointer)
4b0557	Character__GetBoneControlledModelPosMSG	0	high: registered under this name in FUN_004c9218 (name string pushed immediately before the member-function pointer)
4b0582	Character__GetBoneControlledModelOrientMSG	0	high: registered under this name in FUN_004c9218 (name string pushed immediately before the member-function pointer)
4b05de	Character__GetBoneControlledLocalOrientMSG	0	high: registered under this name in FUN_004c9218 (name string pushed immediately before the member-function pointer)
4b060f	Character__GetNumMorphChannelsMSG	0	high: registered under this name in FUN_004c9218 (name string pushed immediately before the member-function pointer)
4b0623	Character__SetIKChainMSG	0	high: registered under this name in FUN_004c9218 (name string pushed immediately before the member-function pointer)
4b0637	Character__SetIKTargetMSG	0	high: registered under this name in FUN_004c9218 (name string pushed immediately before the member-function pointer)
4b0661	Character__SetIKBlendWeightMSG	0	high: registered under this name in FUN_004c9218 (name string pushed immediately before the member-function pointer)
4b0677	Character__GetRagdollBlendWeight	0	medium: registered under this name in FUN_004c7270 (name string pushed immediately before the member-function pointer); COMDAT-folded, also: Sprite::GetAngle
4b067e	Character__GetSelectedBone	0	high: registered under this name in FUN_004c9218 (name string pushed immediately before the member-function pointer)
4b07b0	MockupBox__GetMetricTextureMode	0	high: registered under this name in FUN_004c8a57 (name string pushed immediately before the member-function pointer)
4b07b7	MockupBox__GetMetricTextureMultiplier	0	medium: registered under this name in FUN_004c7270 (name string pushed immediately before the member-function pointer); COMDAT-folded, also: Sprite::GetAlpha3
4b07be	D6Joint__GetTwistMotorPower	0	medium: registered under this name in FUN_004c8a57 (name string pushed immediately before the member-function pointer); COMDAT-folded, also: MockupBox::GetDepth
4b07c5	GFXEffect__GetWaterWaveSharpness	0	high: registered under this name in FUN_004c0af2 (name string pushed immediately before the member-function pointer)
4b07cc	D6Joint__GetLowTwistLimitDamping	0	medium: registered under this name in FUN_004a7051 (name string pushed immediately before the member-function pointer); COMDAT-folded, also: LensFlareManager::GetSizeReduction, Light::GetRange
4b07d3	D6Joint__GetHighTwistLimitValue	0	medium: registered under this name in FUN_0051ff66 (name string pushed immediately before the member-function pointer); COMDAT-folded, also: TextureSheet::GetHighlightBumpScale
4b07da	LensFlareManager__GetVisualizeOcclusion	0	high: registered under this name in FUN_004c068c (name string pushed immediately before the member-function pointer)
4b07e1	AIWorldNode__GetGroundSlopeMax	0	medium: registered under this name in FUN_00484ffb (name string pushed immediately before the member-function pointer); COMDAT-folded, also: AnimBlendSource::GetEaseInFactor, GFXEffect::GetFocalNearFallOff, LensFlare::GetBlindLevel
4b07e8	LensFlare__GetInvFadeFlare	0	high: registered under this name in FUN_004bd024 (name string pushed immediately before the member-function pointer)
4b07ef	GFXEffect__GetSkyBoxBlur	0	medium: registered under this name in FUN_004bd024 (name string pushed immediately before the member-function pointer); COMDAT-folded, also: LensFlare::GetMaxDistance, TextureSheet::GetBloomPower
4b083e	GFXEffect__GetFog	0	medium: registered under this name in FUN_004c0af2 (name string pushed immediately before the member-function pointer); COMDAT-folded, also: GeometryCollisionAffector::GetDieOnImpact, Sheet::IsVolatile, ViewportOptions::GetAlignToNormal
4b0842	AlignNodeOptions__GetValueZ	0	medium: registered under this name in FUN_004b8f76 (name string pushed immediately before the member-function pointer); COMDAT-folded, also: AnimLayer::GetEaseInDuration, GEKeyFrame::GetTranslationX, GFXEffect::GetFogBegin
4b0846	GFXEffect__GetEnableFilters	0	high: registered under this name in FUN_004c0af2 (name string pushed immediately before the member-function pointer)
4b084a	GFXEffect__GetEnableAA	0	high: registered under this name in FUN_004c0af2 (name string pushed immediately before the member-function pointer)
4b0852	AIWorldNode__GetUseCollisionMasksForMapBuilder	0	medium: registered under this name in FUN_00484ffb (name string pushed immediately before the member-function pointer); COMDAT-folded, also: GFXEffect::GetEdgeDetectVisualize
4b0859	AnimBlendSource__GetEaseOutFactor	0	medium: registered under this name in FUN_004bd024 (name string pushed immediately before the member-function pointer); COMDAT-folded, also: GFXEffect::GetFocalFarFallOff, LensFlare::GetFadeFlareAngle, ParticleType::GetVScale
4b0860	AIBrainNode__GetFollowDist	0	medium: registered under this name in FUN_00484ffb (name string pushed immediately before the member-function pointer); COMDAT-folded, also: AIWorldNode::GetHoleMax, LensFlare::GetDistanceSizeScaleFactor, SoundSlot::GetRandomPitchLen
4b0867	AIBrainNode__GetFollowCurrentDist	0	medium: registered under this name in FUN_004865b9 (name string pushed immediately before the member-function pointer); COMDAT-folded, also: GFXEffect::GetBloomContrast, MediaStreamAsset::GetMp3CompressionRatio, ParticleSystemAsset::GetDuration
4b086e	AIBrainNode__GetEndGoalMinDist	0	medium: registered under this name in FUN_004865b9 (name string pushed immediately before the member-function pointer); COMDAT-folded, also: D6Joint::GetLinearLimitValue, GFXEffect::GetNoiseIntensity, GrassAsset::GetSinModulator
4b0875	AIBrainNode__GetDynamicAvoidancePassingDistance	0	medium: registered under this name in FUN_004865b9 (name string pushed immediately before the member-function pointer); COMDAT-folded, also: Cloth::GetStretchingStiffness, GFXEffect::GetGlobalLightFadeStart, GrassAsset::GetSphereInsertLength
4b087c	AIBrainNode__GetVehicleDynamicAvoidanceAggression	0	medium: registered under this name in FUN_004865b9 (name string pushed immediately before the member-function pointer); COMDAT-folded, also: GFXEffect::GetBloomSlopeBias, TextureSheet::GetFresnelPower
4b0883	GFXEffect__GetWaterSimulationEnabled	0	high: registered under this name in FUN_004c0af2 (name string pushed immediately before the member-function pointer)
4b088a	Cloth__GetMinAdhereVelocity	0	medium: registered under this name in FUN_004c0af2 (name string pushed immediately before the member-function pointer); COMDAT-folded, also: GFXEffect::GetWaterNormalScale
4b0891	Cloth__GetPhysicsBlendFactor	0	medium: registered under this name in FUN_004c0af2 (name string pushed immediately before the member-function pointer); COMDAT-folded, also: GFXEffect::GetWaterMaxDisplacement, TextureSheet::GetU2ScrollSpeed
4b0898	GFXEffect__GetSimulationStepsPerFrame	0	high: registered under this name in FUN_004c0af2 (name string pushed immediately before the member-function pointer)
4b089f	GFXEffect__GetWaterWaveDirectionSpread	0	medium: registered under this name in FUN_004a7051 (name string pushed immediately before the member-function pointer); COMDAT-folded, also: LensFlareManager::GetEmitterSize, Light::GetShadowPower, ModelRes::GetLODDistance12
4b08a6	D6Joint__GetHighTwistLimitSpring	0	medium: registered under this name in FUN_004a7051 (name string pushed immediately before the member-function pointer); COMDAT-folded, also: GFXEffect::GetWaterWaveNormalScale, Light::GetDistFadeEnd, LoadBlock::GetQuadTreeBoundMaxX
4b08ad	GFXEffect__GetCompareReflectionProxiesIn2D	0	high: registered under this name in FUN_004c0af2 (name string pushed immediately before the member-function pointer)
4b08b4	GFXEffect__GetTintColorAsVector	0	high: registered under this name in FUN_004c0af2 (name string pushed immediately before the member-function pointer)
4b08cb	GFXEffect__GetMaxMaterialLodLevelAsInt	0	high: registered under this name in FUN_004c0af2 (name string pushed immediately before the member-function pointer)
4b08d2	GFXEffect__GetMinMaterialLodLevelAsInt	0	medium: registered under this name in FUN_004c0af2 (name string pushed immediately before the member-function pointer); COMDAT-folded, also: ParticleType::GetRenderStyle, Texture::GetGlowScale
4b0bc5	GeometryEffect__GetLooping	0	high: registered under this name in FUN_004c2305 (name string pushed immediately before the member-function pointer)
4b0bcc	GeometryEffect__GetEffectRadius	0	medium: registered under this name in FUN_004c2305 (name string pushed immediately before the member-function pointer); COMDAT-folded, also: Sprite::GetOpacity
4b0bd3	GeometryEffect__GetTriggerAtStart	0	high: registered under this name in FUN_004c2305 (name string pushed immediately before the member-function pointer)
4b0be1	GeometryEffect__GetWriteDepthBuffer	0	high: registered under this name in FUN_004c2305 (name string pushed immediately before the member-function pointer)
4b0be8	GeometryEffect__GetAdditiveBlending	0	high: registered under this name in FUN_004c2305 (name string pushed immediately before the member-function pointer)
4b0bef	GeometryEffect__KillAllEffectsMSG	0	high: registered under this name in FUN_004c2305 (name string pushed immediately before the member-function pointer)
4b2337	GeometryEffect__TriggerAbsMSG	0	high: registered under this name in FUN_004c2305 (name string pushed immediately before the member-function pointer)
4b23a3	GeometryEffect__TriggerNodeMSG	0	high: registered under this name in FUN_004c2305 (name string pushed immediately before the member-function pointer)
4b23ef	GeometryEffect__TriggerNodeOffsMSG	0	high: registered under this name in FUN_004c2305 (name string pushed immediately before the member-function pointer)
4b2482	GeometryEffect__SetTimeAndFreezeMSG	0	high: registered under this name in FUN_004c2305 (name string pushed immediately before the member-function pointer)
4b24ff	DecalManager__vfunc_29	0	medium: RTTI: slot 29 of vtable 0xa07f14 (DecalManager); class membership read from RTTI, method meaning not established
4b2623	Node__vfunc_11	0	medium: RTTI: slot 11 of vtable 0x9fd31c (Node), inherited by 2 other vtables; class membership read from RTTI, method meaning not established
4b2697	Control__GetKeyStr	0	high: registered under this name in FUN_004b952a (name string pushed immediately before the member-function pointer)
4b26e8	Cloth__GetCharacterClothMode	0	high: registered under this name in FUN_0050f877 (name string pushed immediately before the member-function pointer)
4b28be	Character__vfunc_46	0	medium: RTTI: slot 46 of vtable 0xa0a91c (Character); class membership read from RTTI, method meaning not established
4b2934	Character__vfunc_39	0	medium: RTTI: slot 39 of vtable 0xa0a91c (Character); class membership read from RTTI, method meaning not established
4b2967	Character__GetABPrototypeMSG	0	high: registered under this name in FUN_004c9218 (name string pushed immediately before the member-function pointer)
4b2a1c	Track__IsCustomSpeedEnabled	0	high: registered under this name in FUN_004c6858 (name string pushed immediately before the member-function pointer)
4b2a23	Track__GetLatestPosMSG	0	high: registered under this name in FUN_004c6858 (name string pushed immediately before the member-function pointer)
4b2a52	Track__GetLatestOrientMSG	0	high: registered under this name in FUN_004c6858 (name string pushed immediately before the member-function pointer)
4b2a87	Track__GetLatestTrackPointMSG	0	high: registered under this name in FUN_004c6858 (name string pushed immediately before the member-function pointer)
4b2a96	Track__GetLatestTimeMSG	0	high: registered under this name in FUN_004c6858 (name string pushed immediately before the member-function pointer)
4b2aa5	Track__GetLatestTangentMSG	0	high: registered under this name in FUN_004c6858 (name string pushed immediately before the member-function pointer)
4b2bd4	Track__vfunc_11	0	medium: RTTI: slot 11 of vtable 0xa068bc (Track); class membership read from RTTI, method meaning not established
4b2bf6	Track__IsActive	0	high: registered under this name in FUN_004c6858 (name string pushed immediately before the member-function pointer)
4b2bfd	Track__IsLoopingEnabled	0	high: registered under this name in FUN_004c6858 (name string pushed immediately before the member-function pointer)
4b2c0b	Track__IsReverseEnabled	0	high: registered under this name in FUN_004c6858 (name string pushed immediately before the member-function pointer)
4b2c12	Track__IsConnectEndsEnabled	0	high: registered under this name in FUN_004c6858 (name string pushed immediately before the member-function pointer)
4b2db1	SoundSystemNode__SetVoicePosMSG	0	high: registered under this name in FUN_004caea5 (name string pushed immediately before the member-function pointer)
4b2de1	SoundSystemNode__AddEnvironmentBoxDeprecatedMSG	0	medium: registered under this name in FUN_004caea5 (name string pushed immediately before the member-function pointer); COMDAT-folded, also: SoundSystemNode::AddEnvironmentBoxMSG
4b2efa	SoundSystemNode__SetListenerDeprecatedMSG	0	high: registered under this name in FUN_004caea5 (name string pushed immediately before the member-function pointer)
4b2f7d	SoundSystemNode__SetListenerPosOrientMSG	0	high: registered under this name in FUN_004caea5 (name string pushed immediately before the member-function pointer)
4b2fff	SoundSystemNode__SetListenerPosOrientPanMSG	0	high: registered under this name in FUN_004caea5 (name string pushed immediately before the member-function pointer)
4b309d	GEKeyFrame__GetRotationY	0	medium: registered under this name in FUN_004b8f76 (name string pushed immediately before the member-function pointer); COMDAT-folded, also: GFXEffect::GetEdgeDetectGradient, ParticleType::GetParticleSize, SoundGroup::GetVolume
4b30a1	GEKeyFrame__GetRotationZ	0	medium: registered under this name in FUN_004b8f76 (name string pushed immediately before the member-function pointer); COMDAT-folded, also: ParticleType::GetParticleDepth, ProximityNoiseSpawner::GetJitterAmount, SoundSlot::GetReverbMaxDistance
4b30a5	SoundSystemNode__GetMultiListenerDisableOrientationPanning	0	high: registered under this name in FUN_004caea5 (name string pushed immediately before the member-function pointer)
4b30a9	SoundSystemNode__GetMultiListenerDisableDoppler	0	high: registered under this name in FUN_004caea5 (name string pushed immediately before the member-function pointer)
4b30ad	AnimSlot__GetLoopMode	0	medium: registered under this name in FUN_004a8175 (name string pushed immediately before the member-function pointer); COMDAT-folded, also: DebugMonitorOptions::GetPS3Target, DecalManager::GetBufferSize, LensFlare::GetBlendMode
4b30b1	GEKeyFrame__GetTranslationZ	0	medium: registered under this name in FUN_004b8f76 (name string pushed immediately before the member-function pointer); COMDAT-folded, also: PivotSheet::GetFriction, SoundSystemNode::GetMultiListenerSeparationPanning
4b30b5	SoundSystemNode__GetSoundControllerMSG	0	high: registered under this name in FUN_004caea5 (name string pushed immediately before the member-function pointer)
4b3110	SoundSystemNode__GetVoiceSoundSlotMSG	0	high: registered under this name in FUN_004caea5 (name string pushed immediately before the member-function pointer)
4b3776	TextureVisualizer__SetTextureIndex	0	high: registered under this name in FUN_004bf4f0 (name string pushed immediately before the member-function pointer)
4b3876	TextBox__GetTextSlot	0	high: registered under this name in FUN_004ca379 (name string pushed immediately before the member-function pointer)
4b3a1b	TextBox__SetColor	0	high: registered under this name in FUN_004ca379 (name string pushed immediately before the member-function pointer)
4b3a45	TextBox__SetScale	0	high: registered under this name in FUN_004ca379 (name string pushed immediately before the member-function pointer)
4b3a61	TextBox__SetHorizontalSpacing	0	high: registered under this name in FUN_004ca379 (name string pushed immediately before the member-function pointer)
4b3a75	TextBox__SetHorizontalAlignment	0	high: registered under this name in FUN_004ca379 (name string pushed immediately before the member-function pointer)
4b3a82	TextBox__SetVerticalAlignment	0	high: registered under this name in FUN_004ca379 (name string pushed immediately before the member-function pointer)
4b3b27	TextBox__SetTextResMode	0	high: registered under this name in FUN_004ca379 (name string pushed immediately before the member-function pointer)
4b3b76	TextBox__SetUseSlotIndex	0	high: registered under this name in FUN_004ca379 (name string pushed immediately before the member-function pointer)
4b3b9e	TextBox__SetTextSlotIndex	0	high: registered under this name in FUN_004ca379 (name string pushed immediately before the member-function pointer)
4b3e6c	Sprite__GetPixelOffset	0	high: registered under this name in FUN_004c7270 (name string pushed immediately before the member-function pointer)
4b3ec2	Sprite__GetSize	0	high: registered under this name in FUN_004c7270 (name string pushed immediately before the member-function pointer)
4b3f7a	Sprite__SetRelativeSize2D	0	high: registered under this name in FUN_004c7270 (name string pushed immediately before the member-function pointer)
4b3fa4	Sprite__SetRelativeOffset	0	high: registered under this name in FUN_004c7270 (name string pushed immediately before the member-function pointer)
4b3fb9	Sprite__SetLeftAnchor	0	high: registered under this name in FUN_004c7270 (name string pushed immediately before the member-function pointer)
4b3ffd	Sprite__SetRightAnchor	0	high: registered under this name in FUN_004c7270 (name string pushed immediately before the member-function pointer)
4b4041	Sprite__SetTopAnchor	0	high: registered under this name in FUN_004c7270 (name string pushed immediately before the member-function pointer)
4b4085	Sprite__SetBottomAnchor	0	high: registered under this name in FUN_004c7270 (name string pushed immediately before the member-function pointer)
4b40c9	Sprite__SetHorizontalModifier	0	high: registered under this name in FUN_004c7270 (name string pushed immediately before the member-function pointer)
4b40d6	Sprite__SetVerticalModifier	0	high: registered under this name in FUN_004c7270 (name string pushed immediately before the member-function pointer)
4b40e3	ParticleType__SetOcclusionId	0	medium: registered under this name in FUN_004c7270 (name string pushed immediately before the member-function pointer); COMDAT-folded, also: Sprite::SetConstantSizeMode
4b40fd	GeometryEffect__SetEffectFadeThreshold	0	medium: registered under this name in FUN_004c2305 (name string pushed immediately before the member-function pointer); COMDAT-folded, also: Sprite::SetConstSizeNear
4b410a	Sprite__SetConstSizeFar	0	high: registered under this name in FUN_004c7270 (name string pushed immediately before the member-function pointer)
4b4117	Sprite__SetConstSizeFarShrink	0	high: registered under this name in FUN_004c7270 (name string pushed immediately before the member-function pointer)
4b4124	Sprite__SetAngle	0	high: registered under this name in FUN_004c7270 (name string pushed immediately before the member-function pointer)
4b4131	Sprite__SetV1U	0	high: registered under this name in FUN_004c7270 (name string pushed immediately before the member-function pointer)
4b414b	Sprite__SetV2U	0	high: registered under this name in FUN_004c7270 (name string pushed immediately before the member-function pointer)
4b4158	Sprite__SetV2V	0	high: registered under this name in FUN_004c7270 (name string pushed immediately before the member-function pointer)
4b4165	GeometryEffect__SetEffectRadius	0	medium: registered under this name in FUN_004c2305 (name string pushed immediately before the member-function pointer); COMDAT-folded, also: Sprite::SetOpacity
4b4172	Sprite__SetColor1AsVector	0	high: registered under this name in FUN_004c7270 (name string pushed immediately before the member-function pointer)
4b4187	Sprite__SetColor2AsVector	0	high: registered under this name in FUN_004c7270 (name string pushed immediately before the member-function pointer)
4b419c	Sprite__SetColor3AsVector	0	high: registered under this name in FUN_004c7270 (name string pushed immediately before the member-function pointer)
4b41b1	Sprite__SetColor4AsVector	0	high: registered under this name in FUN_004c7270 (name string pushed immediately before the member-function pointer)
4b41d3	Sprite__SetAlpha2	0	high: registered under this name in FUN_004c7270 (name string pushed immediately before the member-function pointer)
4b41e0	Sprite__SetAlpha3	0	high: registered under this name in FUN_004c7270 (name string pushed immediately before the member-function pointer)
4b41ed	Sprite__SetAlpha4	0	high: registered under this name in FUN_004c7270 (name string pushed immediately before the member-function pointer)
4b41fa	Sprite__SetAxisAlign	0	high: registered under this name in FUN_004c7270 (name string pushed immediately before the member-function pointer)
4b4207	Sprite__SetPriority	0	high: registered under this name in FUN_004c7270 (name string pushed immediately before the member-function pointer)
4b4224	Sprite__SetCullMode	0	high: registered under this name in FUN_004c7270 (name string pushed immediately before the member-function pointer)
4b4231	Sprite__GetTexture	0	high: registered under this name in FUN_004c7270 (name string pushed immediately before the member-function pointer)
4b4245	Sprite__SetEnableMouseInput	0	high: registered under this name in FUN_004c7270 (name string pushed immediately before the member-function pointer)
4b4252	Sprite__GetViewportCamera	0	high: registered under this name in FUN_004c7270 (name string pushed immediately before the member-function pointer)
4b4262	Sprite__SetClampTextureU	0	high: registered under this name in FUN_004c7270 (name string pushed immediately before the member-function pointer)
4b426f	Sprite__SetClampTextureV	0	high: registered under this name in FUN_004c7270 (name string pushed immediately before the member-function pointer)
4b427c	Sprite__SetDistFadeStart	0	high: registered under this name in FUN_004c7270 (name string pushed immediately before the member-function pointer)
4b42b9	Sprite__SetDistFadeEnd	0	high: registered under this name in FUN_004c7270 (name string pushed immediately before the member-function pointer)
4b441f	Sprite__SetUsePostProcessing	0	high: registered under this name in FUN_004c7270 (name string pushed immediately before the member-function pointer)
4b442c	Character__GetMorphChannelWeightMSG	0	high: registered under this name in FUN_004c9218 (name string pushed immediately before the member-function pointer)
4b4441	Character__SetRagdollBlendWeight	0	high: registered under this name in FUN_004c9218 (name string pushed immediately before the member-function pointer)
4b4485	Character__SetMorphChannelWeightMSG	0	high: registered under this name in FUN_004c9218 (name string pushed immediately before the member-function pointer)
4b449a	MockupBox__GetTexture	0	high: registered under this name in FUN_004c8a57 (name string pushed immediately before the member-function pointer)
4b454e	MockupBox__SetMetricTextureMode	0	high: registered under this name in FUN_004c8a57 (name string pushed immediately before the member-function pointer)
4b456f	MockupBox__SetMetricTextureMultiplier	0	high: registered under this name in FUN_004c8a57 (name string pushed immediately before the member-function pointer)
4b45ba	MockupBox__SetWidth	0	high: registered under this name in FUN_004c8a57 (name string pushed immediately before the member-function pointer)
4b4602	MockupBox__SetDepth	0	high: registered under this name in FUN_004c8a57 (name string pushed immediately before the member-function pointer)
4b464a	MockupBox__SetHeight	0	high: registered under this name in FUN_004c8a57 (name string pushed immediately before the member-function pointer)
4b47fa	LensFlare__vfunc_11	0	medium: RTTI: slot 11 of vtable 0xa06d8c (LensFlare); class membership read from RTTI, method meaning not established
4b4de8	LensFlare__SetColorAsVector	0	high: registered under this name in FUN_004bd024 (name string pushed immediately before the member-function pointer)
4b4e0f	LensFlare__SetFadeCamaraAngle1	0	high: registered under this name in FUN_004bd024 (name string pushed immediately before the member-function pointer)
4b4e42	LensFlare__SetFadeCamaraAngle2	0	high: registered under this name in FUN_004bd024 (name string pushed immediately before the member-function pointer)
4b4e75	LensFlare__SetFadeFlareAngle	0	high: registered under this name in FUN_004bd024 (name string pushed immediately before the member-function pointer)
4b4ea8	LensFlare__SetInvFadeFlare	0	high: registered under this name in FUN_004bd024 (name string pushed immediately before the member-function pointer)
4b4eb5	AnimSlot__SetSpeedFactor	0	medium: registered under this name in FUN_004b8f76 (name string pushed immediately before the member-function pointer); COMDAT-folded, also: GEKeyFrame::SetTranslationZ, LensFlare::SetOpacity
4b4ebf	GFXEffect__SetSkyBoxBlur	0	medium: registered under this name in FUN_004bd024 (name string pushed immediately before the member-function pointer); COMDAT-folded, also: LensFlare::SetMaxDistance, TextureSheet::SetBloomPower
4b4f07	LensFlareManager__SetSizeReduction	0	high: registered under this name in FUN_004c068c (name string pushed immediately before the member-function pointer)
4b4f14	GFXEffect__SetWaterWaveDirectionSpread	0	medium: registered under this name in FUN_004a7051 (name string pushed immediately before the member-function pointer); COMDAT-folded, also: LensFlareManager::SetEmitterSize, Light::SetShadowPower
4b4f21	GFXEffect__SetWaterWaveSharpness	0	high: registered under this name in FUN_004c0af2 (name string pushed immediately before the member-function pointer)
4b4f2e	LensFlareManager__SetOcclusionSize	0	high: registered under this name in FUN_004c068c (name string pushed immediately before the member-function pointer)
4b4f3b	LensFlareManager__SetVisualizeOcclusion	0	high: registered under this name in FUN_004c068c (name string pushed immediately before the member-function pointer)
4b4f48	LensFlareManager__SetOpacityModifier	0	high: registered under this name in FUN_004c068c (name string pushed immediately before the member-function pointer)
4b4f8c	GFXEffect__SetFogBegin	0	high: registered under this name in FUN_004c0af2 (name string pushed immediately before the member-function pointer)
4b4fcc	GFXEffect__SetFogEnd	0	high: registered under this name in FUN_004c0af2 (name string pushed immediately before the member-function pointer)
4b5043	GFXEffect__SetFogColor	0	high: registered under this name in FUN_004c0af2 (name string pushed immediately before the member-function pointer)
4b5055	GFXEffect__SetEnableFilters	0	high: registered under this name in FUN_004c0af2 (name string pushed immediately before the member-function pointer)
4b505f	AIBrainNode__SetFollowDist	0	medium: registered under this name in FUN_00484ffb (name string pushed immediately before the member-function pointer); COMDAT-folded, also: AIWorldNode::SetHoleMax, LensFlare::SetDistanceSizeScaleFactor, SoundSlot::SetRandomPitchLen
4b506c	GFXEffect__SetBrightness	0	high: registered under this name in FUN_004c0af2 (name string pushed immediately before the member-function pointer)
4b5079	DetailMeshAsset__SetMovementPower	0	medium: registered under this name in FUN_004c0af2 (name string pushed immediately before the member-function pointer); COMDAT-folded, also: GFXEffect::SetContrast, ParticleSystemAsset::SetCullingRadius, RigidBody::SetMaxLinearVelocity
4b5086	GFXEffect__SetTintColorAsVector	0	high: registered under this name in FUN_004c0af2 (name string pushed immediately before the member-function pointer)
4b50b0	GFXEffect__SetGammaCoeff	0	high: registered under this name in FUN_004c0af2 (name string pushed immediately before the member-function pointer)
4b50bd	GFXEffect__GetNoiseTexture	0	high: registered under this name in FUN_004c0af2 (name string pushed immediately before the member-function pointer)
4b50d1	AIBrainNode__SetEndGoalMaxDist	0	medium: registered under this name in FUN_004865b9 (name string pushed immediately before the member-function pointer); COMDAT-folded, also: GFXEffect::SetGlobalGeometryLodFactor, GrassAsset::SetCosModulator
4b50de	AIBrainNode__SetFlatDataModeSearchRadius	0	medium: registered under this name in FUN_00484ffb (name string pushed immediately before the member-function pointer); COMDAT-folded, also: AIWorldNode::SetDistEdgeMax, GFXEffect::SetGlobalReflectionLodFactor, GrassAsset::SetAmbientOccHeight
4b516f	GFXEffect__SetGlobalLightFadeEnd	0	high: registered under this name in FUN_004c0af2 (name string pushed immediately before the member-function pointer)
4b51ac	GFXEffect__GetWaterDropTexture	0	high: registered under this name in FUN_004c0af2 (name string pushed immediately before the member-function pointer)
4b51c0	GFXEffect__SetWaterSimulationEnabled	0	high: registered under this name in FUN_004c0af2 (name string pushed immediately before the member-function pointer)
4b51cd	GFXEffect__SetWaterNormalScale	0	high: registered under this name in FUN_004c0af2 (name string pushed immediately before the member-function pointer)
4b51da	GFXEffect__SetWaterTileScale	0	high: registered under this name in FUN_004c0af2 (name string pushed immediately before the member-function pointer)
4b51fe	GFXEffect__SetWaterMaxDisplacement	0	high: registered under this name in FUN_004c0af2 (name string pushed immediately before the member-function pointer)
4b520b	GFXEffect__SetSimulationStepsPerFrame	0	high: registered under this name in FUN_004c0af2 (name string pushed immediately before the member-function pointer)
4b5218	GFXEffect__SetDropsPerSecond	0	high: registered under this name in FUN_004c0af2 (name string pushed immediately before the member-function pointer)
4b5225	GFXEffect__SetViscosity	0	high: registered under this name in FUN_004c0af2 (name string pushed immediately before the member-function pointer)
4b526f	GFXEffect__SetReflectionLightFadeEnd	0	high: registered under this name in FUN_004c0af2 (name string pushed immediately before the member-function pointer)
4b52ac	GFXEffect__SetShadowMaxRange	0	high: registered under this name in FUN_004c0af2 (name string pushed immediately before the member-function pointer)
4b52d4	GFXEffect__SetEnableAA	0	high: registered under this name in FUN_004c0af2 (name string pushed immediately before the member-function pointer)
4b52de	GFXEffect__SetEdgeDetectCutoff	0	high: registered under this name in FUN_004c0af2 (name string pushed immediately before the member-function pointer)
4b52e8	GFXEffect__SetWaterWaveNormalScale	0	high: registered under this name in FUN_004c0af2 (name string pushed immediately before the member-function pointer)
4b52f5	GFXEffect__GetWaterWaveTexture	0	high: registered under this name in FUN_004c0af2 (name string pushed immediately before the member-function pointer)
4b5309	GFXEffect__SetCompareReflectionProxiesIn2D	0	high: registered under this name in FUN_004c0af2 (name string pushed immediately before the member-function pointer)
4b53b1	GeometryEffect__vfunc_29	0	medium: RTTI: slot 29 of vtable 0xa07e54 (GeometryEffect); class membership read from RTTI, method meaning not established
4b54ca	GeometryEffect__SetDuration	0	high: registered under this name in FUN_004c2305 (name string pushed immediately before the member-function pointer)
4b54d7	GeometryEffect__SetLooping	0	high: registered under this name in FUN_004c2305 (name string pushed immediately before the member-function pointer)
4b54e4	GeometryEffect__SetTriggerAtStart	0	high: registered under this name in FUN_004c2305 (name string pushed immediately before the member-function pointer)
4b54fe	GeometryEffect__SetWriteDepthBuffer	0	high: registered under this name in FUN_004c2305 (name string pushed immediately before the member-function pointer)
4b550b	GeometryEffect__SetAdditiveBlending	0	high: registered under this name in FUN_004c2305 (name string pushed immediately before the member-function pointer)
4b5518	GEKeyFrame__SetRotationX	0	medium: registered under this name in FUN_004b8f76 (name string pushed immediately before the member-function pointer); COMDAT-folded, also: SoundSlot::SetMaxDistance, TextureSheet::SetSelfIlluminance, VarianceInitializer::SetSpeed
4b5522	GFXEffect__SetEdgeDetectGradient	0	medium: registered under this name in FUN_004c0af2 (name string pushed immediately before the member-function pointer); COMDAT-folded, also: ParticleType::SetParticleSize, SoundSlot::SetReverbMinDistance, VarianceInitializer::SetLife
4b5567	DecalManager__SetBufferSize	0	high: registered under this name in FUN_004c8e43 (name string pushed immediately before the member-function pointer)
4b5576	DecalManager__SetBufferFillSize	0	high: registered under this name in FUN_004c8e43 (name string pushed immediately before the member-function pointer)
4b5585	AnimSlot__GetTargetAnimName	0	medium: registered under this name in FUN_004bd024 (name string pushed immediately before the member-function pointer); COMDAT-folded, also: DecalManager::GetTexture, LensFlare::GetTexture, SoundSlot::GetSound
4b58bf	Control__SetKeyStr	0	high: registered under this name in FUN_004b952a (name string pushed immediately before the member-function pointer)
4b59ab	Control__SetKey	0	high: registered under this name in FUN_004b952a (name string pushed immediately before the member-function pointer)
4b59b9	AnimSlot__SetLoopMode	0	medium: registered under this name in FUN_004b952a (name string pushed immediately before the member-function pointer); COMDAT-folded, also: Control::SetDevice, LensFlare::SetBlendMode, SnapOptions::SetMainGridCellSizeIndex
4b5e35	Character__SetBoundsFixedSize	0	high: registered under this name in FUN_004c9218 (name string pushed immediately before the member-function pointer)
4b5fb3	Character__GetNumBones	0	high: registered under this name in FUN_004c9218 (name string pushed immediately before the member-function pointer)
4b5fdd	Character__SetFreeze	0	high: registered under this name in FUN_004c9218 (name string pushed immediately before the member-function pointer)
4b5fea	Character__SetSelectedBone	0	high: registered under this name in FUN_004c9218 (name string pushed immediately before the member-function pointer)
4b5ff7	Character__CopyModelResSettingsFromCharacterMSG	0	high: registered under this name in FUN_004c9218 (name string pushed immediately before the member-function pointer)
4b64c5	Track__EnableLooping	0	high: registered under this name in FUN_004c6858 (name string pushed immediately before the member-function pointer)
4b64d2	Track__EnablePingPong	0	high: registered under this name in FUN_004c6858 (name string pushed immediately before the member-function pointer)
4b64df	Track__EnableReverse	0	high: registered under this name in FUN_004c6858 (name string pushed immediately before the member-function pointer)
4b64ec	Track__EnableConnectEnds	0	high: registered under this name in FUN_004c6858 (name string pushed immediately before the member-function pointer)
4b6542	Light__SetTextureScaleX	0	medium: registered under this name in FUN_004a7051 (name string pushed immediately before the member-function pointer); COMDAT-folded, also: Sprite::SetV4U, Track::SetFrameRate
4b655c	Track__EnableCustomSpeed	0	high: registered under this name in FUN_004c6858 (name string pushed immediately before the member-function pointer)
4b6569	Track__Activate	0	high: registered under this name in FUN_004c6858 (name string pushed immediately before the member-function pointer)
4b66d3	SoundSystemNode__vfunc_11	0	medium: RTTI: slot 11 of vtable 0xa06b54 (SoundSystemNode); class membership read from RTTI, method meaning not established
4b66ef	SoundSystemNode__SetRollOffScale	0	high: registered under this name in FUN_004caea5 (name string pushed immediately before the member-function pointer)
4b670c	SoundSystemNode__SetMasterAttenuationPC	0	high: registered under this name in FUN_004caea5 (name string pushed immediately before the member-function pointer)
4b6729	GEKeyFrame__SetRotationZ	0	medium: registered under this name in FUN_004b8f76 (name string pushed immediately before the member-function pointer); COMDAT-folded, also: ParticleType::SetParticleDepth, SoundSlot::SetReverbMaxDistance, SoundSystemNode::SetMasterAttenuationX360
4b6733	SoundSystemNode__SetLfeDownMixLevelPC	0	high: registered under this name in FUN_004caea5 (name string pushed immediately before the member-function pointer)
4b6753	SoundSystemNode__SetMovieAttenuation	0	high: registered under this name in FUN_004caea5 (name string pushed immediately before the member-function pointer)
4b6773	SoundSystemNode__SetMultiListenerDisableOrientationPanning	0	high: registered under this name in FUN_004caea5 (name string pushed immediately before the member-function pointer)
4b679f	SoundSystemNode__SetMultiListenerDistanceAttenuationType	0	high: registered under this name in FUN_004caea5 (name string pushed immediately before the member-function pointer)
4b67b5	SoundSystemNode__SetMultiListenerSeparationPanning	0	high: registered under this name in FUN_004caea5 (name string pushed immediately before the member-function pointer)
4b67ce	SoundSystemNode__SetMultiListenerGeneralAttenuation	0	high: registered under this name in FUN_004caea5 (name string pushed immediately before the member-function pointer)
4b6833	SoundSystemNode__SetLinearDistAtt	0	high: registered under this name in FUN_004caea5 (name string pushed immediately before the member-function pointer)
4b6846	SoundSystemNode__SetObstructionFactor	0	high: registered under this name in FUN_004caea5 (name string pushed immediately before the member-function pointer)
4b68eb	SoundSystemNode__vfunc_06	0	medium: RTTI: slot 6 of vtable 0xa06b54 (SoundSystemNode); class membership read from RTTI, method meaning not established
4b6e91	Sprite__SetTextureFromSpriteMSG	0	high: registered under this name in FUN_004c7270 (name string pushed immediately before the member-function pointer)
4b6f43	TextBox__SetFont	0	high: registered under this name in FUN_004ca379 (name string pushed immediately before the member-function pointer)
4b7159	Sprite__SetPixelOffset	0	high: registered under this name in FUN_004c7270 (name string pushed immediately before the member-function pointer)
4b719e	Sprite__SetSize	0	high: registered under this name in FUN_004c7270 (name string pushed immediately before the member-function pointer)
4b727c	Character__GetParentBoneIndexMSG	0	high: registered under this name in FUN_004c9218 (name string pushed immediately before the member-function pointer)
4b728d	Character__TransferToRagdollControlMSG	0	high: registered under this name in FUN_004c9218 (name string pushed immediately before the member-function pointer)
4b729f	Character__TransferToAnimationControlMSG	0	high: registered under this name in FUN_004c9218 (name string pushed immediately before the member-function pointer)
4b72b1	Character__GetRagdollParentBoneIndexMSG	0	high: registered under this name in FUN_004c9218 (name string pushed immediately before the member-function pointer)
4b72c2	Character__GetAuxModelRes00Name	0	high: registered under this name in FUN_004c9218 (name string pushed immediately before the member-function pointer)
4b72d2	Character__GetAuxModelRes02Name	0	high: registered under this name in FUN_004c9218 (name string pushed immediately before the member-function pointer)
4b72da	Character__GetAuxModelRes03Name	0	high: registered under this name in FUN_004c9218 (name string pushed immediately before the member-function pointer)
4b72e2	Character__GetAuxModelRes04Name	0	high: registered under this name in FUN_004c9218 (name string pushed immediately before the member-function pointer)
4b72ea	Character__GetAuxModelRes05Name	0	high: registered under this name in FUN_004c9218 (name string pushed immediately before the member-function pointer)
4b72fa	Character__GetAuxModelRes07Name	0	high: registered under this name in FUN_004c9218 (name string pushed immediately before the member-function pointer)
4b7302	Character__GetAuxModelRes08Name	0	high: registered under this name in FUN_004c9218 (name string pushed immediately before the member-function pointer)
4b730a	Character__GetAuxModelRes09Name	0	high: registered under this name in FUN_004c9218 (name string pushed immediately before the member-function pointer)
4b7312	Character__GetAuxModelRes10Name	0	high: registered under this name in FUN_004c9218 (name string pushed immediately before the member-function pointer)
4b731a	Character__GetAuxModelRes11Name	0	high: registered under this name in FUN_004c9218 (name string pushed immediately before the member-function pointer)
4b8771	LensFlare__SetTexture	0	high: registered under this name in FUN_004bd024 (name string pushed immediately before the member-function pointer)
4b8806	GFXEffect__SetMaxMaterialLodLevelAsInt	0	high: registered under this name in FUN_004c0af2 (name string pushed immediately before the member-function pointer)
4b880b	GFXEffect__SetMinMaterialLodLevelAsInt	0	high: registered under this name in FUN_004c0af2 (name string pushed immediately before the member-function pointer)
4b8926	GFXEffect__SetWaterWaveTexture	0	high: registered under this name in FUN_004c0af2 (name string pushed immediately before the member-function pointer)
4b8f76	GEKeyFrame__RegisterMembers	0	high: pushes 24 "GEKeyFrame::..." member-name strings paired with member-function pointers
4b945a	DecalManager__SetTexture	0	high: registered under this name in FUN_004c8e43 (name string pushed immediately before the member-function pointer)
4b949d	ControlSetup__GetControlIDMSG	0	high: registered under this name in FUN_004cbdcf (name string pushed immediately before the member-function pointer)
4b94b0	ControlSetup__GetControlKeyMSG	0	high: registered under this name in FUN_004cbdcf (name string pushed immediately before the member-function pointer)
4b94c3	ControlSetup__GetControlKeyFromIDMSG	0	high: registered under this name in FUN_004cbdcf (name string pushed immediately before the member-function pointer)
4b94d6	ControlSetup__GetControlPosMSG	0	high: registered under this name in FUN_004cbdcf (name string pushed immediately before the member-function pointer)
4b94e9	ControlSetup__IsPresentMSG	0	high: registered under this name in FUN_004cbdcf (name string pushed immediately before the member-function pointer)
4b9502	ControlSetup__SetVibrationMSG	0	high: registered under this name in FUN_004cbdcf (name string pushed immediately before the member-function pointer)
4b9517	ControlSetup__GetVibrationMSG	0	high: registered under this name in FUN_004cbdcf (name string pushed immediately before the member-function pointer)
4b952a	Control__RegisterMembers	0	high: pushes 6 "Control::..." member-name strings paired with member-function pointers
4ba43d	Character__vfunc_40	0	medium: RTTI: slot 40 of vtable 0xa0a91c (Character); class membership read from RTTI, method meaning not established
4ba7ad	Character__SetBoneLocalPosAndOrientMSG	0	high: registered under this name in FUN_004c9218 (name string pushed immediately before the member-function pointer)
4ba7fb	Character__vfunc_34	0	medium: RTTI: slot 34 of vtable 0xa0a91c (Character); class membership read from RTTI, method meaning not established
4ba860	Track__GetNextFrameNodeMSG	0	high: registered under this name in FUN_004c6858 (name string pushed immediately before the member-function pointer)
4bb324	TrackPoint__RegisterMembers	0	high: pushes 2 "TrackPoint::..." member-name strings paired with member-function pointers
4bb482	SoundSystemNode__GetTestSound1	0	high: registered under this name in FUN_004caea5 (name string pushed immediately before the member-function pointer)
4bb48a	SoundSystemNode__GetTestSound2	0	high: registered under this name in FUN_004caea5 (name string pushed immediately before the member-function pointer)
4bb492	SoundSystemNode__GetTestSound3	0	high: registered under this name in FUN_004caea5 (name string pushed immediately before the member-function pointer)
4bb49a	SoundSystemNode__GetTestSound4	0	high: registered under this name in FUN_004caea5 (name string pushed immediately before the member-function pointer)
4bb4a2	SoundSystemNode__GetTestSound5	0	high: registered under this name in FUN_004caea5 (name string pushed immediately before the member-function pointer)
4bb963	TextBox__GetActualBoxSize	0	high: registered under this name in FUN_004ca379 (name string pushed immediately before the member-function pointer)
4bbc41	TextBox__GetStringWidth	0	high: registered under this name in FUN_004ca379 (name string pushed immediately before the member-function pointer)
4bc578	Sprite__GetScreenSpacePos	0	high: registered under this name in FUN_004c7270 (name string pushed immediately before the member-function pointer)
4bc639	Sprite__GetScreenSpaceSize	0	high: registered under this name in FUN_004c7270 (name string pushed immediately before the member-function pointer)
4bc76c	Sprite__vfunc_39	0	medium: RTTI: slot 39 of vtable 0xa081ac (Sprite); class membership read from RTTI, method meaning not established
4bca76	Character__GetBoneIndexMSG	0	high: registered under this name in FUN_004c9218 (name string pushed immediately before the member-function pointer)
4bca89	Character__GetMorphChannelIdxMSG	0	high: registered under this name in FUN_004c9218 (name string pushed immediately before the member-function pointer)
4bca9c	MockupBox__vfunc_11	0	medium: RTTI: slot 11 of vtable 0xa0716c (MockupBox); class membership read from RTTI, method meaning not established
4bd024	LensFlare__RegisterMembers	0	high: pushes 26 "LensFlare::..." member-name strings paired with member-function pointers
4be7d6	GFXEffect__vfunc_11	0	medium: RTTI: slot 11 of vtable 0xa0725c (GFXEffect); class membership read from RTTI, method meaning not established
4bee1e	Character__vfunc_41	0	medium: RTTI: slot 41 of vtable 0xa0a91c (Character); class membership read from RTTI, method meaning not established
4bf1e6	Character__SetBoneScaleFactorsAsProperty	0	high: registered under this name in FUN_004c9218 (name string pushed immediately before the member-function pointer)
4bf259	SoundSystemNode__SetTestSound1	0	high: registered under this name in FUN_004caea5 (name string pushed immediately before the member-function pointer)
4bf267	SoundSystemNode__SetTestSound2	0	high: registered under this name in FUN_004caea5 (name string pushed immediately before the member-function pointer)
4bf275	SoundSystemNode__SetTestSound3	0	high: registered under this name in FUN_004caea5 (name string pushed immediately before the member-function pointer)
4bf283	SoundSystemNode__SetTestSound4	0	high: registered under this name in FUN_004caea5 (name string pushed immediately before the member-function pointer)
4bf291	SoundSystemNode__SetTestSound5	0	high: registered under this name in FUN_004caea5 (name string pushed immediately before the member-function pointer)
4bf29f	KernelSoundSystem__vfunc_01	0	medium: RTTI: slot 1 of vtable 0xa0b05c (KernelSoundSystem); class membership read from RTTI, method meaning not established
4bf4d4	TextureVisualizer__vfunc_11	0	medium: RTTI: slot 11 of vtable 0xa0784c (TextureVisualizer); class membership read from RTTI, method meaning not established
4bf4f0	TextureVisualizer__RegisterMembers	0	high: pushes 3 "TextureVisualizer::..." member-name strings paired with member-function pointers
4bf63b	TextBox__SetParameterFromStringMSG	0	high: registered under this name in FUN_004ca379 (name string pushed immediately before the member-function pointer)
4bf64c	TextBox__SetParameterFromTextSlotIndexMSG	0	high: registered under this name in FUN_004ca379 (name string pushed immediately before the member-function pointer)
4bf66d	TextBox__vfunc_38	0	medium: RTTI: slot 38 of vtable 0xa0aa24 (TextBox); class membership read from RTTI, method meaning not established
4bfb50	TextBox__vfunc_39	0	medium: RTTI: slot 39 of vtable 0xa0aa24 (TextBox); class membership read from RTTI, method meaning not established
4bffbb	Sprite__SetTexture	0	high: registered under this name in FUN_004c7270 (name string pushed immediately before the member-function pointer)
4c00c7	Character__GetBoneScaleY	0	high: registered under this name in FUN_004c9218 (name string pushed immediately before the member-function pointer)
4c00e1	Character__GetBoneScaleZ	0	high: registered under this name in FUN_004c9218 (name string pushed immediately before the member-function pointer)
4c00fb	Character__GetBoneScaleMSG	0	high: registered under this name in FUN_004c9218 (name string pushed immediately before the member-function pointer)
4c0126	Character__UpdateAnimationMSG	0	high: registered under this name in FUN_004c9218 (name string pushed immediately before the member-function pointer)
4c022f	MockupBox__SetTexture	0	high: registered under this name in FUN_004c8a57 (name string pushed immediately before the member-function pointer)
4c0333	MockupBox__SetTextureSheetProp	0	high: registered under this name in FUN_004c8a57 (name string pushed immediately before the member-function pointer)
4c03b3	MockupBox__vfunc_29	0	medium: RTTI: slot 29 of vtable 0xa0716c (MockupBox), inherited by 3 other vtables; class membership read from RTTI, method meaning not established
4c04f5	MockupBox__vfunc_37	0	medium: RTTI: slot 37 of vtable 0xa0716c (MockupBox), inherited by 3 other vtables; class membership read from RTTI, method meaning not established
4c0670	LensFlareManager__vfunc_11	0	medium: RTTI: slot 11 of vtable 0xa07d8c (LensFlareManager); class membership read from RTTI, method meaning not established
4c068c	LensFlareManager__RegisterMembers	0	high: pushes 17 "LensFlareManager::..." member-name strings paired with member-function pointers
4c0af2	GFXEffect__RegisterMembers	0	high: pushes 122 "GFXEffect::..." member-name strings paired with member-function pointers
4c2305	GeometryEffect__RegisterMembers	0	high: pushes 23 "GeometryEffect::..." member-name strings paired with member-function pointers
4c27c7	GeometryEffect__vfunc_20	0	medium: RTTI: slot 20 of vtable 0xa07e54 (GeometryEffect); class membership read from RTTI, method meaning not established
4c2897	DecalManager__vfunc_11	0	medium: RTTI: slot 11 of vtable 0xa07f14 (DecalManager); class membership read from RTTI, method meaning not established
4c2949	ControlSetup__vfunc_11	0	medium: RTTI: slot 11 of vtable 0xa07f94 (ControlSetup); class membership read from RTTI, method meaning not established
4c30c9	Character__vfunc_29	0	medium: RTTI: slot 29 of vtable 0xa0a91c (Character); class membership read from RTTI, method meaning not established
4c31e9	Character__vfunc_17	0	medium: RTTI: slot 17 of vtable 0xa0a91c (Character); class membership read from RTTI, method meaning not established
4c321f	Character__vfunc_45	0	medium: RTTI: slot 45 of vtable 0xa0a91c (Character); class membership read from RTTI, method meaning not established
4c3540	Character__RefreshScalingMSG	0	high: registered under this name in FUN_004c9218 (name string pushed immediately before the member-function pointer)
4c35d3	SoundSystemNode__DetachVoicePivotMSG	0	high: registered under this name in FUN_004caea5 (name string pushed immediately before the member-function pointer)
4c35e7	SoundSystemNode__DetachAllVoicesOnPivotMSG	0	high: registered under this name in FUN_004caea5 (name string pushed immediately before the member-function pointer)
4c3728	TextBox__SetTextSlot	0	high: registered under this name in FUN_004ca379 (name string pushed immediately before the member-function pointer)
4c395e	Sprite__vfunc_11	0	medium: RTTI: slot 11 of vtable 0xa081ac (Sprite); class membership read from RTTI, method meaning not established
4c4878	MockupBox__GetTextureSheetMSG	0	high: registered under this name in FUN_004c8a57 (name string pushed immediately before the member-function pointer)
4c493b	Character__SetBoneScaleY	0	high: registered under this name in FUN_004c9218 (name string pushed immediately before the member-function pointer)
4c4955	Character__SetBoneScaleZ	0	high: registered under this name in FUN_004c9218 (name string pushed immediately before the member-function pointer)
4c496f	Character__SetBoneScaleMSG	0	high: registered under this name in FUN_004c9218 (name string pushed immediately before the member-function pointer)
4c499b	MockupBox__SetTextureSheetMSG	0	high: registered under this name in FUN_004c8a57 (name string pushed immediately before the member-function pointer)
4c5664	DecalManager__SetDecalExMSG	0	high: registered under this name in FUN_004c8e43 (name string pushed immediately before the member-function pointer)
4c56f1	DecalManager__SetDecalMSG	0	high: registered under this name in FUN_004c8e43 (name string pushed immediately before the member-function pointer)
4c5fdf	DecalManager__vfunc_17	0	medium: RTTI: slot 17 of vtable 0xa07f14 (DecalManager); class membership read from RTTI, method meaning not established
4c6371	ControlSetup__vfunc_20	0	medium: RTTI: slot 20 of vtable 0xa07f94 (ControlSetup); class membership read from RTTI, method meaning not established
4c64db	Character__vfunc_43	0	medium: RTTI: slot 43 of vtable 0xa0a91c (Character); class membership read from RTTI, method meaning not established
4c64f2	Character__vfunc_44	0	medium: RTTI: slot 44 of vtable 0xa0a91c (Character); class membership read from RTTI, method meaning not established
4c6834	Track__UpdateTrackingMSG	0	high: registered under this name in FUN_004c6858 (name string pushed immediately before the member-function pointer)
4c6858	Track__RegisterMembers	0	high: pushes 25 "Track::..." member-name strings paired with member-function pointers
4c6d8e	SoundSystemNode__GetAllVoicesOnPivotMSG	0	high: registered under this name in FUN_004caea5 (name string pushed immediately before the member-function pointer)
4c70ee	TextBox__SetTextSlotMSG	0	high: registered under this name in FUN_004ca379 (name string pushed immediately before the member-function pointer)
4c7210	TextBox__vfunc_11	0	medium: RTTI: slot 11 of vtable 0xa0aa24 (TextBox); class membership read from RTTI, method meaning not established
4c7270	Sprite__RegisterMembers	0	high: pushes 97 "Sprite::..." member-name strings paired with member-function pointers
4c85e8	Sprite__vfunc_38	0	medium: RTTI: slot 38 of vtable 0xa081ac (Sprite); class membership read from RTTI, method meaning not established
4c89af	Character__SetAuxModelRes00ByName	0	high: registered under this name in FUN_004c9218 (name string pushed immediately before the member-function pointer)
4c89cb	Character__SetAuxModelRes02ByName	0	high: registered under this name in FUN_004c9218 (name string pushed immediately before the member-function pointer)
4c89d9	Character__SetAuxModelRes03ByName	0	high: registered under this name in FUN_004c9218 (name string pushed immediately before the member-function pointer)
4c89e7	Character__SetAuxModelRes04ByName	0	high: registered under this name in FUN_004c9218 (name string pushed immediately before the member-function pointer)
4c89f5	Character__SetAuxModelRes05ByName	0	high: registered under this name in FUN_004c9218 (name string pushed immediately before the member-function pointer)
4c8a11	Character__SetAuxModelRes07ByName	0	high: registered under this name in FUN_004c9218 (name string pushed immediately before the member-function pointer)
4c8a1f	Character__SetAuxModelRes08ByName	0	high: registered under this name in FUN_004c9218 (name string pushed immediately before the member-function pointer)
4c8a2d	Character__SetAuxModelRes09ByName	0	high: registered under this name in FUN_004c9218 (name string pushed immediately before the member-function pointer)
4c8a3b	Character__SetAuxModelRes10ByName	0	high: registered under this name in FUN_004c9218 (name string pushed immediately before the member-function pointer)
4c8a57	MockupBox__RegisterMembers	0	high: pushes 18 "MockupBox::..." member-name strings paired with member-function pointers
4c8e27	GeometryEffect__vfunc_11	0	medium: RTTI: slot 11 of vtable 0xa07e54 (GeometryEffect); class membership read from RTTI, method meaning not established
4c8e43	DecalManager__RegisterMembers	0	high: pushes 8 "DecalManager::..." member-name strings paired with member-function pointers
4c91fc	Character__vfunc_11	0	medium: RTTI: slot 11 of vtable 0xa0a91c (Character); class membership read from RTTI, method meaning not established
4c9218	Character__RegisterMembers	0	high: pushes 68 "Character::..." member-name strings paired with member-function pointers
4ca09f	Character__vfunc_37	0	medium: RTTI: slot 37 of vtable 0xa0a91c (Character); class membership read from RTTI, method meaning not established
4ca275	KernelSoundSystem__vfunc_00	0	medium: RTTI: slot 0 of vtable 0xa0b05c (KernelSoundSystem); class membership read from RTTI, method meaning not established
4ca379	TextBox__RegisterMembers	0	high: pushes 44 "TextBox::..." member-name strings paired with member-function pointers
4cadb5	SoundSystemNode__SetVoicePivotMSG	0	high: registered under this name in FUN_004caea5 (name string pushed immediately before the member-function pointer)
4caea5	SoundSystemNode__RegisterMembers	0	high: pushes 73 "SoundSystemNode::..." member-name strings paired with member-function pointers
4cbd7a	ControlSetup__IsControlDownMSG	0	high: registered under this name in FUN_004cbdcf (name string pushed immediately before the member-function pointer)
4cbd90	ControlSetup__IsControlPressedMSG	0	high: registered under this name in FUN_004cbdcf (name string pushed immediately before the member-function pointer)
4cbda6	ControlSetup__IsControlReleasedMSG	0	high: registered under this name in FUN_004cbdcf (name string pushed immediately before the member-function pointer)
4cbdbc	ControlSetup__GetControlPressureMSG	0	high: registered under this name in FUN_004cbdcf (name string pushed immediately before the member-function pointer)
4cbdcf	ControlSetup__RegisterMembers	0	high: pushes 12 "ControlSetup::..." member-name strings paired with member-function pointers
4cc10e	SoundController__GetVoiceVolume	0	high: registered under this name in FUN_004d9436 (name string pushed immediately before the member-function pointer)
4cc116	SoundController__SetOffsetMsg	0	high: registered under this name in FUN_004d9436 (name string pushed immediately before the member-function pointer)
4cc13b	SoundController__StopMSG	0	high: registered under this name in FUN_004d9436 (name string pushed immediately before the member-function pointer)
4cc145	SoundController__IsPlayingMSG	0	high: registered under this name in FUN_004d9436 (name string pushed immediately before the member-function pointer)
4cc159	SoundController__GetSoundSlotMSG	0	high: registered under this name in FUN_004d9436 (name string pushed immediately before the member-function pointer)
4cc17d	SoundGroup__StopMSG	0	high: registered under this name in FUN_004d284e (name string pushed immediately before the member-function pointer)
4cc188	SoundGroup__SetRampEventMSG	0	high: registered under this name in FUN_004d284e (name string pushed immediately before the member-function pointer)
4cc1a4	SoundGroup__SetRampEventOnEntityMSG	0	high: registered under this name in FUN_004d284e (name string pushed immediately before the member-function pointer)
4cc217	SoundGroup__vfunc_17	0	medium: RTTI: slot 17 of vtable 0xa0f124 (SoundGroup); class membership read from RTTI, method meaning not established
4cc250	RenderOptions__GetShowSafeArea	0	medium: registered under this name in FUN_004d284e (name string pushed immediately before the member-function pointer); COMDAT-folded, also: SoundGroup::IsPaused
4cc25e	SoundController__StopRepeatingMSG	0	high: registered under this name in FUN_004d9436 (name string pushed immediately before the member-function pointer)
4cc2bb	SoundEffectNode__RemoveDefinitionMSG	0	high: registered under this name in FUN_004d5175 (name string pushed immediately before the member-function pointer)
4cc2de	SoundEffectNode__RemoveAllDefinitionsMSG	0	high: registered under this name in FUN_004d5175 (name string pushed immediately before the member-function pointer)
4cc2e9	SoundStreamPlayer__vfunc_17	0	medium: RTTI: slot 17 of vtable 0xa0fc84 (SoundStreamPlayer); class membership read from RTTI, method meaning not established
4cc35e	SoundStreamPlayer__DeallocateMSG	0	high: registered under this name in FUN_004d7a82 (name string pushed immediately before the member-function pointer)
4cc369	SoundStreamPlayer__PauseMSG	0	high: registered under this name in FUN_004d7a82 (name string pushed immediately before the member-function pointer)
4cc37f	SoundStreamPlayer__IsPlayingMSG	0	high: registered under this name in FUN_004d7a82 (name string pushed immediately before the member-function pointer)
4cc393	SoundStreamPlayer__IsPreloadedMSG	0	high: registered under this name in FUN_004d7a82 (name string pushed immediately before the member-function pointer)
4cc3b9	SoundStreamPlayer__SetPreloadEventMSG	0	high: registered under this name in FUN_004d7a82 (name string pushed immediately before the member-function pointer)
4cc3d5	SoundStreamPlayer__SetPreloadEventOnEntityMSG	0	high: registered under this name in FUN_004d7a82 (name string pushed immediately before the member-function pointer)
4cc3f4	SoundStreamPlayer__SetChainEventMSG	0	high: registered under this name in FUN_004d7a82 (name string pushed immediately before the member-function pointer)
4cc410	SoundStreamPlayer__SetChainEventOnEntityMSG	0	high: registered under this name in FUN_004d7a82 (name string pushed immediately before the member-function pointer)
4cc769	GamepadNode__ToStringButtonMSG	0	high: registered under this name in FUN_004d3514 (name string pushed immediately before the member-function pointer)
4cc79a	GamepadNode__ToStringStickMSG	0	high: registered under this name in FUN_004d3514 (name string pushed immediately before the member-function pointer)
4cc7cb	GamepadNode__ToStringVibrationMSG	0	high: registered under this name in FUN_004d3514 (name string pushed immediately before the member-function pointer)
4cc7fc	KeyboardNode__IsPresentMSG	0	high: registered under this name in FUN_004d7f6d (name string pushed immediately before the member-function pointer)
4cc811	KeyboardNode__ToStringMSG	0	high: registered under this name in FUN_004d7f6d (name string pushed immediately before the member-function pointer)
4cd12a	MouseNode__ToStringMSG	0	high: registered under this name in FUN_004db801 (name string pushed immediately before the member-function pointer)
4cd15b	MouseNode__GetMouseWheelDeltaMSG	0	high: registered under this name in FUN_004db801 (name string pushed immediately before the member-function pointer)
4cd16c	MouseNode__SetClientPosMSG	0	high: registered under this name in FUN_004db801 (name string pushed immediately before the member-function pointer)
4cd17e	MouseNode__SetLockedToCenterMSG	0	high: registered under this name in FUN_004db801 (name string pushed immediately before the member-function pointer)
4cd194	MouseNode__ShowCursorMSG	0	high: registered under this name in FUN_004db801 (name string pushed immediately before the member-function pointer)
4cd1a2	MouseNode__HideCursorMSG	0	high: registered under this name in FUN_004db801 (name string pushed immediately before the member-function pointer)
4cd2f6	WiiNode__ToStringButtonMSG	0	high: registered under this name in FUN_004d3f5c (name string pushed immediately before the member-function pointer)
4cd327	PlatformFacade__vfunc_00	0	medium: RTTI: slot 0 of vtable 0xa0f7d4 (PlatformFacade); class membership read from RTTI, method meaning not established
4cd34f	PlatformNode__ShowDeviceSelectorMSG	0	high: registered under this name in FUN_004dce04 (name string pushed immediately before the member-function pointer)
4cd373	PlatformNode__ShowDeleteFromListMSG	0	high: registered under this name in FUN_004dce04 (name string pushed immediately before the member-function pointer)
4cd39e	PlatformNode__IsLastLoadOwnedBySignedInUserMSG	0	high: registered under this name in FUN_004dce04 (name string pushed immediately before the member-function pointer)
4cd3b5	PlatformNode__GetOperationMSG	0	high: registered under this name in FUN_004dce04 (name string pushed immediately before the member-function pointer)
4cd3c9	PlatformNode__GetStatusMSG	0	high: registered under this name in FUN_004dce04 (name string pushed immediately before the member-function pointer)
4cd3dd	PlatformNode__GetLastFailCodeMSG	0	high: registered under this name in FUN_004dce04 (name string pushed immediately before the member-function pointer)
4cd3f1	PlatformNode__IsDeviceSelectorUIActiveMSG	0	high: registered under this name in FUN_004dce04 (name string pushed immediately before the member-function pointer)
4cd408	PlatformNode__IsDeviceSetMSG	0	high: registered under this name in FUN_004dce04 (name string pushed immediately before the member-function pointer)
4cd41f	PlatformNode__GetCurrentSaveDeviceIDMSG	0	high: registered under this name in FUN_004dce04 (name string pushed immediately before the member-function pointer)
4cd433	PlatformNode__IsSaveDeviceConnectedMSG	0	high: registered under this name in FUN_004dce04 (name string pushed immediately before the member-function pointer)
4cd44f	PlatformNode__IsReadyForNewOperationMSG	0	high: registered under this name in FUN_004dce04 (name string pushed immediately before the member-function pointer)
4cd466	PlatformNode__GetNumAvailableDevicesMSG	0	high: registered under this name in FUN_004dce04 (name string pushed immediately before the member-function pointer)
4cd47a	PlatformNode__GetAvailableMemoryMSG	0	high: registered under this name in FUN_004dce04 (name string pushed immediately before the member-function pointer)
4cd499	PlatformNode__SetTitleMSG	0	high: registered under this name in FUN_004dce04 (name string pushed immediately before the member-function pointer)
4cd4ad	PlatformNode__GetTitleMSG	0	high: registered under this name in FUN_004dce04 (name string pushed immediately before the member-function pointer)
4cd4ce	PlatformNode__SetTitleIconMSG	0	high: registered under this name in FUN_004dce04 (name string pushed immediately before the member-function pointer)
4cd4e2	PlatformNode__AddUserMSG	0	high: registered under this name in FUN_004dce04 (name string pushed immediately before the member-function pointer)
4cd4f9	PlatformNode__RemoveUserMSG	0	high: registered under this name in FUN_004dce04 (name string pushed immediately before the member-function pointer)
4cd510	PlatformNode__ShowSignInUIMSG	0	high: registered under this name in FUN_004dce04 (name string pushed immediately before the member-function pointer)
4cd527	PlatformNode__IsUserOnlineMSG	0	high: registered under this name in FUN_004dce04 (name string pushed immediately before the member-function pointer)
4cd546	PlatformNode__IsUserSignedInMSG	0	high: registered under this name in FUN_004dce04 (name string pushed immediately before the member-function pointer)
4cd565	PlatformNode__GetNumberOfSignedInUsersMSG	0	high: registered under this name in FUN_004dce04 (name string pushed immediately before the member-function pointer)
4cd57c	PlatformNode__SetSignInParametersMSG	0	high: registered under this name in FUN_004dce04 (name string pushed immediately before the member-function pointer)
4cd59b	PlatformNode__ChooseSignedInUserMSG	0	high: registered under this name in FUN_004dce04 (name string pushed immediately before the member-function pointer)
4cd5ba	PlatformNode__CheckPrivilegeMSG	0	high: registered under this name in FUN_004dce04 (name string pushed immediately before the member-function pointer)
4cd5dc	PlatformNode__SetPresenceContextMSG	0	high: registered under this name in FUN_004dce04 (name string pushed immediately before the member-function pointer)
4cd601	PlatformNode__UpdatePresenceContextMSG	0	high: registered under this name in FUN_004dce04 (name string pushed immediately before the member-function pointer)
4cd623	PlatformNode__SetPresencePropertyMSG	0	high: registered under this name in FUN_004dce04 (name string pushed immediately before the member-function pointer)
4cd648	PlatformNode__AwardGamerPictureMSG	0	high: registered under this name in FUN_004dce04 (name string pushed immediately before the member-function pointer)
4cd667	PlatformNode__IsAchievementsInitializedMSG	0	high: registered under this name in FUN_004dce04 (name string pushed immediately before the member-function pointer)
4cd67e	PlatformNode__RefreshAchievementsMSG	0	high: registered under this name in FUN_004dce04 (name string pushed immediately before the member-function pointer)
4cd68c	PlatformNode__SetAchievementEarnedMSG	0	high: registered under this name in FUN_004dce04 (name string pushed immediately before the member-function pointer)
4cd6d1	PlatformNode__IsAchievementEarnedMSG	0	high: registered under this name in FUN_004dce04 (name string pushed immediately before the member-function pointer)
4cd6ff	PlatformNode__ShowAchievementsUIMSG	0	high: registered under this name in FUN_004dce04 (name string pushed immediately before the member-function pointer)
4cd716	PlatformNode__IsTrialMSG	0	high: registered under this name in FUN_004dce04 (name string pushed immediately before the member-function pointer)
4cd728	PlatformNode__RefreshTrialModeMSG	0	high: registered under this name in FUN_004dce04 (name string pushed immediately before the member-function pointer)
4cd75b	PlatformNode__IsGamerProfileInitializedMSG	0	high: registered under this name in FUN_004dce04 (name string pushed immediately before the member-function pointer)
4cd780	PlatformNode__GetDiffucultySettingsMSG	0	high: registered under this name in FUN_004dce04 (name string pushed immediately before the member-function pointer)
4cd7a3	PlatformNode__GetControllerSensitivityMSG	0	high: registered under this name in FUN_004dce04 (name string pushed immediately before the member-function pointer)
4cd7c6	PlatformNode__GetAutoAimSettingMSG	0	high: registered under this name in FUN_004dce04 (name string pushed immediately before the member-function pointer)
4cd7e9	PlatformNode__GetAutoCenterSettingMSG	0	high: registered under this name in FUN_004dce04 (name string pushed immediately before the member-function pointer)
4cd82f	PlatformNode__GetYAxisInverseEnabledMSG	0	high: registered under this name in FUN_004dce04 (name string pushed immediately before the member-function pointer)
4cd855	PlatformNode__GetControllerVibrationEnabledMSG	0	high: registered under this name in FUN_004dce04 (name string pushed immediately before the member-function pointer)
4cd87b	PlatformNode__GetEnterButtonAssigmentMSG	0	high: registered under this name in FUN_004dce04 (name string pushed immediately before the member-function pointer)
4cd8c0	X360EmulationNode__GetDeviceName	0	high: registered under this name in FUN_004d445a (name string pushed immediately before the member-function pointer)
4cd8cd	AIBrainNode__GetKynapseName	0	medium: registered under this name in FUN_004865b9 (name string pushed immediately before the member-function pointer); COMDAT-folded, also: X360EmulationNode::GetSignedInUserName
4cd8da	X360EmulationNode__UserButtonPressedMSG	0	high: registered under this name in FUN_004d445a (name string pushed immediately before the member-function pointer)
4cd8ea	X360EmulationNode__DeviceUIBackMSG	0	high: registered under this name in FUN_004d445a (name string pushed immediately before the member-function pointer)
4cd8f7	X360EmulationNode__UserUIBackMSG	0	high: registered under this name in FUN_004d445a (name string pushed immediately before the member-function pointer)
4cd904	X360EmulationNode__DeleteMSG	0	high: registered under this name in FUN_004d445a (name string pushed immediately before the member-function pointer)
4cdbef	MediaStreamAsset__IsLooping	0	medium: registered under this name in FUN_004da99c (name string pushed immediately before the member-function pointer); COMDAT-folded, also: SoundAsset::IsLooping, SoundSlot::GetUseCenterChannelOnly
4cdbf6	GEKeyFrame__GetRotationX	0	medium: registered under this name in FUN_004b8f76 (name string pushed immediately before the member-function pointer); COMDAT-folded, also: SoundSlot::GetMaxDistance, TextureSheet::GetSelfIlluminance, VarianceInitializer::GetSpeed
4cdbfa	AnimBlendSource__GetWeight	0	medium: registered under this name in FUN_004b8f76 (name string pushed immediately before the member-function pointer); COMDAT-folded, also: GEKeyFrame::GetOpacity, LensFlare::GetFadeCamaraAngle1, SoundSlot::GetReverbMixFactor
4cdc01	MediaStreamAsset__Is3d	0	medium: registered under this name in FUN_004da99c (name string pushed immediately before the member-function pointer); COMDAT-folded, also: SoundAsset::Is3d, SoundSlot::GetUseBackChannels
4cdc0f	SoundController__GetStopVoiceOnUnbind	0	high: registered under this name in FUN_004d9436 (name string pushed immediately before the member-function pointer)
4cdc60	AIBrainNode__GetAIAgentMaxSpeed	0	medium: registered under this name in FUN_00484ffb (name string pushed immediately before the member-function pointer); COMDAT-folded, also: AIWorldNode::GetGroundSlopeMin, GFXEffect::GetMaxFocalBlur, PropertySequenceAsset::GetDurationSec
4cdccf	SoundGroup__vfunc_11	0	medium: RTTI: slot 11 of vtable 0xa0f124 (SoundGroup); class membership read from RTTI, method meaning not established
4cdceb	SoundGroup__SetParentGroupMSG	0	high: registered under this name in FUN_004d284e (name string pushed immediately before the member-function pointer)
4cdd12	SoundController__vfunc_17	0	medium: RTTI: slot 17 of vtable 0xa11bac (SoundController); class membership read from RTTI, method meaning not established
4cdeae	SoundEffectNode__vfunc_11	0	medium: RTTI: slot 11 of vtable 0xa0f1a4 (SoundEffectNode); class membership read from RTTI, method meaning not established
4ce05b	GeneralEditorOptions__GetUseEditorMouseInPlayMode	0	medium: registered under this name in FUN_004e93f1 (name string pushed immediately before the member-function pointer); COMDAT-folded, also: SurfaceSpawner::GetSpawnOnGeometry
4ce0a9	MouseNode__GetDeltaMSG	0	high: registered under this name in FUN_004db801 (name string pushed immediately before the member-function pointer)
4ce0e9	MouseNode__GetClientPosMSG	0	high: registered under this name in FUN_004db801 (name string pushed immediately before the member-function pointer)
4ce11f	Annotator__GetLocalPosMode	0	medium: registered under this name in FUN_004a97e9 (name string pushed immediately before the member-function pointer); COMDAT-folded, also: Camera::GetUseViewport
4ce126	Annotator__GetTextScale	0	medium: registered under this name in FUN_004a97e9 (name string pushed immediately before the member-function pointer); COMDAT-folded, also: Camera::GetFOVVertical, Cloth::GetCollisionMapBottom, GFXEffect::GetReflectionLightFadeEnd
4ce12d	ModelRes__GetLODFadeIn01	0	high: registered under this name in FUN_00547584 (name string pushed immediately before the member-function pointer)
4ce788	Annotator__AnnotationPrimitive__vfunc_02	0	medium: RTTI: slot 2 of vtable 0xa142e8 (Annotator::AnnotationPrimitive), inherited by 2 other vtables; class membership read from RTTI, method meaning not established
4ce85a	Annotator__AnnotationCylinder__vfunc_03	0	medium: RTTI: slot 3 of vtable 0xa14368 (Annotator::AnnotationCylinder); class membership read from RTTI, method meaning not established
4cf865	Annotator__AnnotationCone__vfunc_03	0	medium: RTTI: slot 3 of vtable 0xa1437c (Annotator::AnnotationCone); class membership read from RTTI, method meaning not established
4d028d	WiiNode__vfunc_11	0	medium: RTTI: slot 11 of vtable 0xa0f754 (WiiNode); class membership read from RTTI, method meaning not established
4d02af	X360EmulationNode__GetMemoryUnit1	0	high: registered under this name in FUN_004d445a (name string pushed immediately before the member-function pointer)
4d02b3	X360EmulationNode__GetMemoryUnit2	0	high: registered under this name in FUN_004d445a (name string pushed immediately before the member-function pointer)
4d02b7	AIWorldNode__GetCollisionMask	0	medium: registered under this name in FUN_00484ffb (name string pushed immediately before the member-function pointer); COMDAT-folded, also: AnimBlendSource::GetAnimSlotName, X360EmulationNode::GetSignedInUser
4d02bb	PlatformNode__vfunc_06	0	medium: RTTI: slot 6 of vtable 0xa143dc (PlatformNode); class membership read from RTTI, method meaning not established
4d0311	PlatformNode__GetTotalSaveGameSizeMSG	0	high: registered under this name in FUN_004dce04 (name string pushed immediately before the member-function pointer)
4d033c	PlatformNode__GetSignedInUserMSG	0	high: registered under this name in FUN_004dce04 (name string pushed immediately before the member-function pointer)
4d0360	PlatformNode__HasAUserSignedInMSG	0	high: registered under this name in FUN_004dce04 (name string pushed immediately before the member-function pointer)
4d037b	PlatformNode__GetControllerNameMSG	0	high: registered under this name in FUN_004dce04 (name string pushed immediately before the member-function pointer)
4d0423	X360EmulationNode__vfunc_11	0	medium: RTTI: slot 11 of vtable 0xa0f8b4 (X360EmulationNode); class membership read from RTTI, method meaning not established
4d055c	Vec_Destroy	0	medium: read: frees data when owned flag 0x20000000
4d0930	SoundSlot__vfunc_11	0	medium: RTTI: slot 11 of vtable 0xa0f96c (SoundSlot); class membership read from RTTI, method meaning not established
4d0a59	SoundSlot__AssetIsLooping	0	high: registered under this name in FUN_004da99c (name string pushed immediately before the member-function pointer)
4d0a99	GEKeyFrame__SetOpacity	0	medium: registered under this name in FUN_004b8f76 (name string pushed immediately before the member-function pointer); COMDAT-folded, also: ParticleType::SetParticleSpeed, SoundSlot::SetReverbMixFactor, SoundSystemNode::SetMasterAttenuationPS3
4d0aa6	SoundSlot__SetUseBackChannels	0	high: registered under this name in FUN_004da99c (name string pushed immediately before the member-function pointer)
4d0ab3	SoundSlot__SetPriority	0	high: registered under this name in FUN_004da99c (name string pushed immediately before the member-function pointer)
4d0bad	SoundGroup__SetEffectMSG	0	high: registered under this name in FUN_004d284e (name string pushed immediately before the member-function pointer)
4d0c1f	SoundGroup__SetVolumeMSG	0	high: registered under this name in FUN_004d284e (name string pushed immediately before the member-function pointer)
4d0c44	SoundGroup__SetVolume	0	high: registered under this name in FUN_004d284e (name string pushed immediately before the member-function pointer)
4d0c68	SoundGroup__SetPause	0	high: registered under this name in FUN_004d284e (name string pushed immediately before the member-function pointer)
4d0c7e	SoundGroup__SetIsMusic	0	high: registered under this name in FUN_004d284e (name string pushed immediately before the member-function pointer)
4d0c91	SoundController__SetPosition	0	high: registered under this name in FUN_004d9436 (name string pushed immediately before the member-function pointer)
4d0cbb	SoundController__GetPivotNode	0	high: registered under this name in FUN_004d9436 (name string pushed immediately before the member-function pointer)
4d0ccb	SoundController__SetVolume	0	high: registered under this name in FUN_004d9436 (name string pushed immediately before the member-function pointer)
4d0cef	SoundController__SetVolumeMSG	0	high: registered under this name in FUN_004d9436 (name string pushed immediately before the member-function pointer)
4d0d14	SoundController__SetVolumeCurve	0	high: registered under this name in FUN_004d9436 (name string pushed immediately before the member-function pointer)
4d0d2a	SoundController__SetPitch	0	high: registered under this name in FUN_004d9436 (name string pushed immediately before the member-function pointer)
4d0d4e	SoundController__SetPitchMSG	0	high: registered under this name in FUN_004d9436 (name string pushed immediately before the member-function pointer)
4d0d73	SoundController__SetPause	0	high: registered under this name in FUN_004d9436 (name string pushed immediately before the member-function pointer)
4d0d8d	SoundController__SetStopVoiceOnUnbind	0	high: registered under this name in FUN_004d9436 (name string pushed immediately before the member-function pointer)
4d0d9a	SoundEffectDefinitionNode__GetPs3I3dl2Reverb_Level	0	high: registered under this name in FUN_004d6c5e (name string pushed immediately before the member-function pointer)
4d0db1	SoundEffectDefinitionNode__GetPs3I3dl2Reverb_RoomHF	0	high: registered under this name in FUN_004d6c5e (name string pushed immediately before the member-function pointer)
4d0dbd	SoundEffectDefinitionNode__GetPs3I3dl2Reverb_DecayTime	0	high: registered under this name in FUN_004d6c5e (name string pushed immediately before the member-function pointer)
4d0dd5	SoundEffectDefinitionNode__GetPs3I3dl2Reverb_Reflections	0	high: registered under this name in FUN_004d6c5e (name string pushed immediately before the member-function pointer)
4d0de1	SoundEffectDefinitionNode__GetPs3I3dl2Reverb_ReflectionsDelay	0	high: registered under this name in FUN_004d6c5e (name string pushed immediately before the member-function pointer)
4d0ded	SoundEffectDefinitionNode__GetPs3I3dl2Reverb_Reverb	0	high: registered under this name in FUN_004d6c5e (name string pushed immediately before the member-function pointer)
4d0df9	SoundEffectDefinitionNode__GetPs3I3dl2Reverb_ReverbDelay	0	high: registered under this name in FUN_004d6c5e (name string pushed immediately before the member-function pointer)
4d0e05	SoundEffectDefinitionNode__GetPs3I3dl2Reverb_Diffusion	0	high: registered under this name in FUN_004d6c5e (name string pushed immediately before the member-function pointer)
4d0e11	SoundEffectDefinitionNode__GetPs3I3dl2Reverb_Density	0	high: registered under this name in FUN_004d6c5e (name string pushed immediately before the member-function pointer)
4d0e1d	SoundEffectDefinitionNode__GetPs3I3dl2Reverb_HFReference	0	high: registered under this name in FUN_004d6c5e (name string pushed immediately before the member-function pointer)
4d0e29	SoundEffectDefinitionNode__GetXaudio2I3dl2Reverb_Level	0	high: registered under this name in FUN_004d6c5e (name string pushed immediately before the member-function pointer)
4d0e35	SoundEffectDefinitionNode__GetXaudio2I3dl2Reverb_Room	0	high: registered under this name in FUN_004d6c5e (name string pushed immediately before the member-function pointer)
4d0e42	SoundEffectDefinitionNode__GetXaudio2I3dl2Reverb_RoomHF	0	high: registered under this name in FUN_004d6c5e (name string pushed immediately before the member-function pointer)
4d0e4f	SoundEffectDefinitionNode__GetXaudio2I3dl2Reverb_DecayTime	0	high: registered under this name in FUN_004d6c5e (name string pushed immediately before the member-function pointer)
4d0e5c	SoundEffectDefinitionNode__GetXaudio2I3dl2Reverb_DecayHFRatio	0	high: registered under this name in FUN_004d6c5e (name string pushed immediately before the member-function pointer)
4d0e69	SoundEffectDefinitionNode__GetXaudio2I3dl2Reverb_Reflections	0	high: registered under this name in FUN_004d6c5e (name string pushed immediately before the member-function pointer)
4d0e76	SoundEffectDefinitionNode__GetXaudio2I3dl2Reverb_ReflectionsDelay	0	high: registered under this name in FUN_004d6c5e (name string pushed immediately before the member-function pointer)
4d0e90	SoundEffectDefinitionNode__GetXaudio2I3dl2Reverb_ReverbDelay	0	high: registered under this name in FUN_004d6c5e (name string pushed immediately before the member-function pointer)
4d0e9d	SoundEffectDefinitionNode__GetXaudio2I3dl2Reverb_Diffusion	0	high: registered under this name in FUN_004d6c5e (name string pushed immediately before the member-function pointer)
4d0eb7	SoundEffectDefinitionNode__GetXaudio2I3dl2Reverb_HFReference	0	high: registered under this name in FUN_004d6c5e (name string pushed immediately before the member-function pointer)
4d0ec4	SoundEffectDefinitionNode__GetSelectedTypePs3	0	high: registered under this name in FUN_004d6c5e (name string pushed immediately before the member-function pointer)
4d0eca	SoundEffectDefinitionNode__ApplyPresetPs3MSG	0	high: registered under this name in FUN_004d6c5e (name string pushed immediately before the member-function pointer)
4d0efa	SoundEffectDefinitionNode__GetPresetPs3	0	high: registered under this name in FUN_004d6c5e (name string pushed immediately before the member-function pointer)
4d0f07	SoundEffectDefinitionNode__ApplyPresetXaudio2MSG	0	high: registered under this name in FUN_004d6c5e (name string pushed immediately before the member-function pointer)
4d0f39	SoundEffectDefinitionNode__GetPresetXaudio2	0	high: registered under this name in FUN_004d6c5e (name string pushed immediately before the member-function pointer)
4d0f76	SoundEffectNode__SetDefinitionWeightMSG	0	high: registered under this name in FUN_004d5175 (name string pushed immediately before the member-function pointer)
4d0fa9	SoundEffectNode__SetIsEnviromentEffect	0	high: registered under this name in FUN_004d5175 (name string pushed immediately before the member-function pointer)
4d127b	CubeMapNode__SetTextureSize	0	high: registered under this name in FUN_004d7db7 (name string pushed immediately before the member-function pointer)
4d13da	GamepadNode__vfunc_11	0	medium: RTTI: slot 11 of vtable 0xa0f9ec (GamepadNode); class membership read from RTTI, method meaning not established
4d147c	GamepadNode__SetControllerID	0	high: registered under this name in FUN_004d3514 (name string pushed immediately before the member-function pointer)
4d14b9	GamepadNode__IsButtonDownMSG	0	high: registered under this name in FUN_004d3514 (name string pushed immediately before the member-function pointer)
4d14d8	GamepadNode__IsButtonPressedMSG	0	high: registered under this name in FUN_004d3514 (name string pushed immediately before the member-function pointer)
4d14f9	GamepadNode__IsButtonReleasedMSG	0	high: registered under this name in FUN_004d3514 (name string pushed immediately before the member-function pointer)
4d151a	GamepadNode__GetButtonPressureMSG	0	high: registered under this name in FUN_004d3514 (name string pushed immediately before the member-function pointer)
4d1533	GamepadNode__GetStickRawMSG	0	high: registered under this name in FUN_004d3514 (name string pushed immediately before the member-function pointer)
4d156d	GamepadNode__GetStickCircleMSG	0	high: registered under this name in FUN_004d3514 (name string pushed immediately before the member-function pointer)
4d161d	GamepadNode__GetStickSquareMSG	0	high: registered under this name in FUN_004d3514 (name string pushed immediately before the member-function pointer)
4d16a5	GamepadNode__GetStickPolarMSG	0	high: registered under this name in FUN_004d3514 (name string pushed immediately before the member-function pointer)
4d1723	GamepadNode__SetVibrationMSG	0	high: registered under this name in FUN_004d3514 (name string pushed immediately before the member-function pointer)
4d1743	GamepadNode__GetVibrationMSG	0	high: registered under this name in FUN_004d3514 (name string pushed immediately before the member-function pointer)
4d175f	GamepadNode__SetTriggerThresholdsMSG	0	high: registered under this name in FUN_004d3514 (name string pushed immediately before the member-function pointer)
4d1784	GamepadNode__GetTriggerThresholdsMSG	0	high: registered under this name in FUN_004d3514 (name string pushed immediately before the member-function pointer)
4d17b4	GamepadNode__IsPresentMSG	0	high: registered under this name in FUN_004d3514 (name string pushed immediately before the member-function pointer)
4d17ca	GamepadNode__SetStickMinZone	0	high: registered under this name in FUN_004d3514 (name string pushed immediately before the member-function pointer)
4d17e4	GamepadNode__SetStickMaxZone	0	high: registered under this name in FUN_004d3514 (name string pushed immediately before the member-function pointer)
4d186e	MouseNode__vfunc_11	0	medium: RTTI: slot 11 of vtable 0xa0fa6c (MouseNode); class membership read from RTTI, method meaning not established
4d1b13	Annotator__SetLocalPosMode	0	high: registered under this name in FUN_004dc70e (name string pushed immediately before the member-function pointer)
4d1b20	Annotator__SetSolidAlpha	0	medium: registered under this name in FUN_004c0af2 (name string pushed immediately before the member-function pointer); COMDAT-folded, also: GFXEffect::SetShadowBlurPower
4d1c56	WiiNode__SetControllerID	0	high: registered under this name in FUN_004d3f5c (name string pushed immediately before the member-function pointer)
4d1c6c	WiiNode__IsButtonDownMSG	0	high: registered under this name in FUN_004d3f5c (name string pushed immediately before the member-function pointer)
4d1c8b	WiiNode__IsButtonPressedMSG	0	high: registered under this name in FUN_004d3f5c (name string pushed immediately before the member-function pointer)
4d1cac	WiiNode__IsButtonReleasedMSG	0	high: registered under this name in FUN_004d3f5c (name string pushed immediately before the member-function pointer)
4d1ccd	WiiNode__GetButtonPressureMSG	0	high: registered under this name in FUN_004d3f5c (name string pushed immediately before the member-function pointer)
4d1ce6	WiiNode__SetVibrationMSG	0	high: registered under this name in FUN_004d3f5c (name string pushed immediately before the member-function pointer)
4d1d03	WiiNode__GetVibrationMSG	0	high: registered under this name in FUN_004d3f5c (name string pushed immediately before the member-function pointer)
4d1d18	WiiNode__SetTriggerThresholdsMSG	0	high: registered under this name in FUN_004d3f5c (name string pushed immediately before the member-function pointer)
4d1d3d	WiiNode__GetTriggerThresholdsMSG	0	high: registered under this name in FUN_004d3f5c (name string pushed immediately before the member-function pointer)
4d1d6d	WiiNode__IsPresentMSG	0	high: registered under this name in FUN_004d3f5c (name string pushed immediately before the member-function pointer)
4d1eff	PlatformNode__RequestLoadMSG	0	high: registered under this name in FUN_004dce04 (name string pushed immediately before the member-function pointer)
4d1f20	PlatformNode__RequestDeleteMSG	0	high: registered under this name in FUN_004dce04 (name string pushed immediately before the member-function pointer)
4d1f41	PlatformNode__RequestSaveDataListMSG	0	high: registered under this name in FUN_004dce04 (name string pushed immediately before the member-function pointer)
4d1f6f	PlatformNode__SimulatedLoadMSG	0	high: registered under this name in FUN_004dce04 (name string pushed immediately before the member-function pointer)
4d1f7c	PlatformNode__SimulatedDeleteMSG	0	high: registered under this name in FUN_004dce04 (name string pushed immediately before the member-function pointer)
4d1f89	PlatformNode__SetSignedInUserMSG	0	high: registered under this name in FUN_004dce04 (name string pushed immediately before the member-function pointer)
4d1fe5	PlatformNode__SetPresenceContextOLDMSG	0	medium: registered under this name in FUN_004dce04 (name string pushed immediately before the member-function pointer); COMDAT-folded, also: PlatformNode::SetPresencePropertyOLDMSG, PlatformNode::UpdatePresenceContextOLDMSG
4d2070	PlatformNode__GetProductCodeMSG	0	high: registered under this name in FUN_004dce04 (name string pushed immediately before the member-function pointer)
4d20bb	PlatformNode__SetSimulatedSaveFailCode	0	high: registered under this name in FUN_004dce04 (name string pushed immediately before the member-function pointer)
4d20d1	PlatformNode__SetSimulatedLoadFailCode	0	high: registered under this name in FUN_004dce04 (name string pushed immediately before the member-function pointer)
4d20e7	PlatformNode__SetSimulatedDeleteFailCode	0	high: registered under this name in FUN_004dce04 (name string pushed immediately before the member-function pointer)
4d214b	X360EmulationNode__SetMemoryUnit1	0	high: registered under this name in FUN_004d445a (name string pushed immediately before the member-function pointer)
4d2155	X360EmulationNode__SetMemoryUnit2	0	high: registered under this name in FUN_004d445a (name string pushed immediately before the member-function pointer)
4d215f	CameraOptions__SetDefaultBaseOffset	0	medium: registered under this name in FUN_004d445a (name string pushed immediately before the member-function pointer); COMDAT-folded, also: X360EmulationNode::SetAvailableBytes
4d2169	X360EmulationNode__SetDevice	0	high: registered under this name in FUN_004d445a (name string pushed immediately before the member-function pointer)
4d2190	X360EmulationNode__SetSignedInUser	0	high: registered under this name in FUN_004d445a (name string pushed immediately before the member-function pointer)
4d266c	SoundSlot__SetSound	0	high: registered under this name in FUN_004da99c (name string pushed immediately before the member-function pointer)
4d26e2	SoundSlot__SetStreamingSound	0	high: registered under this name in FUN_004da99c (name string pushed immediately before the member-function pointer)
4d282e	SoundSlot__NumStreamTracks	0	high: registered under this name in FUN_004da99c (name string pushed immediately before the member-function pointer)
4d284e	SoundGroup__RegisterMembers	0	high: pushes 12 "SoundGroup::..." member-name strings paired with member-function pointers
4d2af5	SoundController__PlayRepeatingMSG	0	high: registered under this name in FUN_004d9436 (name string pushed immediately before the member-function pointer)
4d2c27	SoundEffectDefinitionNode__SetPs3I3dl2Reverb_Level	0	high: registered under this name in FUN_004d6c5e (name string pushed immediately before the member-function pointer)
4d2c49	SoundEffectDefinitionNode__SetPs3I3dl2Reverb_Room	0	high: registered under this name in FUN_004d6c5e (name string pushed immediately before the member-function pointer)
4d2c6b	SoundEffectDefinitionNode__SetPs3I3dl2Reverb_RoomHF	0	high: registered under this name in FUN_004d6c5e (name string pushed immediately before the member-function pointer)
4d2c8d	SoundEffectDefinitionNode__SetPs3I3dl2Reverb_DecayTime	0	high: registered under this name in FUN_004d6c5e (name string pushed immediately before the member-function pointer)
4d2cd1	SoundEffectDefinitionNode__SetPs3I3dl2Reverb_Reflections	0	high: registered under this name in FUN_004d6c5e (name string pushed immediately before the member-function pointer)
4d2cf3	SoundEffectDefinitionNode__SetPs3I3dl2Reverb_ReflectionsDelay	0	high: registered under this name in FUN_004d6c5e (name string pushed immediately before the member-function pointer)
4d2d37	SoundEffectDefinitionNode__SetPs3I3dl2Reverb_ReverbDelay	0	high: registered under this name in FUN_004d6c5e (name string pushed immediately before the member-function pointer)
4d2d59	SoundEffectDefinitionNode__SetPs3I3dl2Reverb_Diffusion	0	high: registered under this name in FUN_004d6c5e (name string pushed immediately before the member-function pointer)
4d2d7b	SoundEffectDefinitionNode__SetPs3I3dl2Reverb_Density	0	high: registered under this name in FUN_004d6c5e (name string pushed immediately before the member-function pointer)
4d2d9d	SoundEffectDefinitionNode__SetPs3I3dl2Reverb_HFReference	0	high: registered under this name in FUN_004d6c5e (name string pushed immediately before the member-function pointer)
4d2dbf	SoundEffectDefinitionNode__SetXaudio2I3dl2Reverb_Level	0	high: registered under this name in FUN_004d6c5e (name string pushed immediately before the member-function pointer)
4d2de2	SoundEffectDefinitionNode__SetXaudio2I3dl2Reverb_Room	0	high: registered under this name in FUN_004d6c5e (name string pushed immediately before the member-function pointer)
4d2e28	SoundEffectDefinitionNode__SetXaudio2I3dl2Reverb_DecayTime	0	high: registered under this name in FUN_004d6c5e (name string pushed immediately before the member-function pointer)
4d2e4b	SoundEffectDefinitionNode__SetXaudio2I3dl2Reverb_DecayHFRatio	0	high: registered under this name in FUN_004d6c5e (name string pushed immediately before the member-function pointer)
4d2e6e	SoundEffectDefinitionNode__SetXaudio2I3dl2Reverb_Reflections	0	high: registered under this name in FUN_004d6c5e (name string pushed immediately before the member-function pointer)
4d2e91	SoundEffectDefinitionNode__SetXaudio2I3dl2Reverb_ReflectionsDelay	0	high: registered under this name in FUN_004d6c5e (name string pushed immediately before the member-function pointer)
4d2eb4	SoundEffectDefinitionNode__SetXaudio2I3dl2Reverb_Reverb	0	high: registered under this name in FUN_004d6c5e (name string pushed immediately before the member-function pointer)
4d2ed7	SoundEffectDefinitionNode__SetXaudio2I3dl2Reverb_ReverbDelay	0	high: registered under this name in FUN_004d6c5e (name string pushed immediately before the member-function pointer)
4d2efa	SoundEffectDefinitionNode__SetXaudio2I3dl2Reverb_Diffusion	0	high: registered under this name in FUN_004d6c5e (name string pushed immediately before the member-function pointer)
4d2f40	SoundEffectDefinitionNode__SetXaudio2I3dl2Reverb_HFReference	0	high: registered under this name in FUN_004d6c5e (name string pushed immediately before the member-function pointer)
4d2f63	SoundEffectDefinitionNode__SetPresetPs3	0	high: registered under this name in FUN_004d6c5e (name string pushed immediately before the member-function pointer)
4d2f71	SoundEffectDefinitionNode__SetPresetXaudio2	0	high: registered under this name in FUN_004d6c5e (name string pushed immediately before the member-function pointer)
4d2f7f	SoundEffectNode__AddDefinitionMSG	0	high: registered under this name in FUN_004d5175 (name string pushed immediately before the member-function pointer)
4d2fbc	SoundEffectDefinitionNode__vfunc_11	0	medium: RTTI: slot 11 of vtable 0xa0fbfc (SoundEffectDefinitionNode); class membership read from RTTI, method meaning not established
4d3318	SoundStreamPlayer__vfunc_11	0	medium: RTTI: slot 11 of vtable 0xa0fc84 (SoundStreamPlayer); class membership read from RTTI, method meaning not established
4d33d2	SoundStreamPlayer__PlayMSG	0	high: registered under this name in FUN_004d7a82 (name string pushed immediately before the member-function pointer)
4d34ce	CubeMapNode__SetTexture	0	high: registered under this name in FUN_004d7db7 (name string pushed immediately before the member-function pointer)
4d3514	GamepadNode__RegisterMembers	0	high: pushes 23 "GamepadNode::..." member-name strings paired with member-function pointers
4d3d14	KeyboardNode__vfunc_11	0	medium: RTTI: slot 11 of vtable 0xa0fd44 (KeyboardNode); class membership read from RTTI, method meaning not established
4d3d30	KeyboardNode__UnSubscribeEventsForKeyMSG	0	high: registered under this name in FUN_004d7f6d (name string pushed immediately before the member-function pointer)
4d3de1	MouseNode__SetCursorTexture	0	high: registered under this name in FUN_004db801 (name string pushed immediately before the member-function pointer)
4d3f5c	WiiNode__RegisterMembers	0	high: pushes 12 "WiiNode::..." member-name strings paired with member-function pointers
4d445a	X360EmulationNode__RegisterMembers	0	high: pushes 16 "X360EmulationNode::..." member-name strings paired with member-function pointers
4d4836	X360EmulationNode__vfunc_06	0	medium: RTTI: slot 6 of vtable 0xa0f8b4 (X360EmulationNode); class membership read from RTTI, method meaning not established
4d4b98	X360EmulationNode__vfunc_21	0	medium: RTTI: slot 21 of vtable 0xa0f8b4 (X360EmulationNode); class membership read from RTTI, method meaning not established
4d4d8a	VecPtr_PushBack	0	high: read: grow (0x44ede6) then store, count 24-bit in +4
4d4f44	SoundSlot__PlayGroupPosVolPitchOffsetDelayMSG	0	high: registered under this name in FUN_004da99c (name string pushed immediately before the member-function pointer)
4d4f91	SoundSlot__PlayGroupPosVolPitchOffsetMSG	0	high: registered under this name in FUN_004da99c (name string pushed immediately before the member-function pointer)
4d4fdd	SoundSlot__PlayGroupPosVolPitchMSG	0	high: registered under this name in FUN_004da99c (name string pushed immediately before the member-function pointer)
4d5026	SoundSlot__PlayGroupPosVolMSG	0	high: registered under this name in FUN_004da99c (name string pushed immediately before the member-function pointer)
4d506e	SoundSlot__PlayGroupPosMSG	0	high: registered under this name in FUN_004da99c (name string pushed immediately before the member-function pointer)
4d50b3	SoundSlot__PlayGroupMSG	0	high: registered under this name in FUN_004da99c (name string pushed immediately before the member-function pointer)
4d50e1	SoundEffectDefinitionNode__SetSelectedTypePs3	0	high: registered under this name in FUN_004d6c5e (name string pushed immediately before the member-function pointer)
4d50ef	SoundEffectDefinitionNode__EditorTest1Ps3MSG	0	high: registered under this name in FUN_004d6c5e (name string pushed immediately before the member-function pointer)
4d50fb	SoundEffectDefinitionNode__EditorTest2Ps3MSG	0	high: registered under this name in FUN_004d6c5e (name string pushed immediately before the member-function pointer)
4d5107	SoundEffectDefinitionNode__EditorTest3Ps3MSG	0	high: registered under this name in FUN_004d6c5e (name string pushed immediately before the member-function pointer)
4d5113	SoundEffectDefinitionNode__EditorTest4Ps3MSG	0	high: registered under this name in FUN_004d6c5e (name string pushed immediately before the member-function pointer)
4d511f	SoundEffectDefinitionNode__EditorTest5Ps3MSG	0	high: registered under this name in FUN_004d6c5e (name string pushed immediately before the member-function pointer)
4d512b	SoundEffectDefinitionNode__SetSelectedTypeXaudio2	0	high: registered under this name in FUN_004d6c5e (name string pushed immediately before the member-function pointer)
4d5139	SoundEffectDefinitionNode__EditorTest1Xaudio2MSG	0	high: registered under this name in FUN_004d6c5e (name string pushed immediately before the member-function pointer)
4d5145	SoundEffectDefinitionNode__EditorTest2Xaudio2MSG	0	high: registered under this name in FUN_004d6c5e (name string pushed immediately before the member-function pointer)
4d5151	SoundEffectDefinitionNode__EditorTest3Xaudio2MSG	0	high: registered under this name in FUN_004d6c5e (name string pushed immediately before the member-function pointer)
4d515d	SoundEffectDefinitionNode__EditorTest4Xaudio2MSG	0	high: registered under this name in FUN_004d6c5e (name string pushed immediately before the member-function pointer)
4d5169	SoundEffectDefinitionNode__EditorTest5Xaudio2MSG	0	high: registered under this name in FUN_004d6c5e (name string pushed immediately before the member-function pointer)
4d5175	SoundEffectNode__RegisterMembers	0	high: pushes 9 "SoundEffectNode::..." member-name strings paired with member-function pointers
4d55b9	SoundEffectDefinitionNode__vfunc_06	0	medium: RTTI: slot 6 of vtable 0xa0fbfc (SoundEffectDefinitionNode); class membership read from RTTI, method meaning not established
4d5bd4	SoundStreamPlayer__AllocateMSG	0	high: registered under this name in FUN_004d7a82 (name string pushed immediately before the member-function pointer)
4d5bed	SoundStreamPlayer__AllocateChainMSG	0	high: registered under this name in FUN_004d7a82 (name string pushed immediately before the member-function pointer)
4d5d28	KeyboardNode__SubscribeEventsForKeyMSG	0	high: registered under this name in FUN_004d7f6d (name string pushed immediately before the member-function pointer)
4d5e18	Annotator__vfunc_11	0	medium: RTTI: slot 11 of vtable 0xa10b84 (Annotator); class membership read from RTTI, method meaning not established
4d5fba	PlatformNode__RequestSaveMSG	0	high: registered under this name in FUN_004dce04 (name string pushed immediately before the member-function pointer)
4d604b	PlatformNode__RequestSaveTextSlotMSG	0	high: registered under this name in FUN_004dce04 (name string pushed immediately before the member-function pointer)
4d611f	PlatformNode__SubscribeAchievementCallbacksMSG	0	high: registered under this name in FUN_004dce04 (name string pushed immediately before the member-function pointer)
4d654e	SoundSlot__vfunc_06	0	medium: RTTI: slot 6 of vtable 0xa0f96c (SoundSlot); class membership read from RTTI, method meaning not established
4d6abc	SoundController__SetRampEventMSG	0	high: registered under this name in FUN_004d9436 (name string pushed immediately before the member-function pointer)
4d6ade	SoundController__SetRampEventOnEntityMSG	0	high: registered under this name in FUN_004d9436 (name string pushed immediately before the member-function pointer)
4d6aff	SoundController__SetStopEventMSG	0	high: registered under this name in FUN_004d9436 (name string pushed immediately before the member-function pointer)
4d6b21	SoundController__SetStopEventOnEntityMSG	0	high: registered under this name in FUN_004d9436 (name string pushed immediately before the member-function pointer)
4d6b42	SoundController__SetCuePointEventMSG	0	high: registered under this name in FUN_004d9436 (name string pushed immediately before the member-function pointer)
4d6b64	SoundController__SetCuePointEventOnEntityMSG	0	high: registered under this name in FUN_004d9436 (name string pushed immediately before the member-function pointer)
4d6b85	SoundController__SetRepeatingVoiceEventMSG	0	high: registered under this name in FUN_004d9436 (name string pushed immediately before the member-function pointer)
4d6ba7	SoundController__SetRepeatingVoiceEventOnEntityMSG	0	high: registered under this name in FUN_004d9436 (name string pushed immediately before the member-function pointer)
4d6c5e	SoundEffectDefinitionNode__RegisterMembers	0	high: pushes 68 "SoundEffectDefinitionNode::..." member-name strings paired with member-function pointers
4d7a82	SoundStreamPlayer__RegisterMembers	0	high: pushes 11 "SoundStreamPlayer::..." member-name strings paired with member-function pointers
4d7d9b	CubeMapNode__vfunc_11	0	medium: RTTI: slot 11 of vtable 0xa118ec (CubeMapNode); class membership read from RTTI, method meaning not established
4d7db7	CubeMapNode__RegisterMembers	0	high: pushes 5 "CubeMapNode::..." member-name strings paired with member-function pointers
4d7f6d	KeyboardNode__RegisterMembers	0	high: pushes 7 "KeyboardNode::..." member-name strings paired with member-function pointers
4d8715	PlatformNode__GetLoadDataMSG	0	high: registered under this name in FUN_004dce04 (name string pushed immediately before the member-function pointer)
4d8766	PlatformNode__GetSaveDataListMSG	0	high: registered under this name in FUN_004dce04 (name string pushed immediately before the member-function pointer)
4d8832	PlatformNode__SerializeHierarchyMSG	0	high: registered under this name in FUN_004dce04 (name string pushed immediately before the member-function pointer)
4d88b6	PlatformNode__DeserializeHierarchyMSG	0	high: registered under this name in FUN_004dce04 (name string pushed immediately before the member-function pointer)
4d8938	PlatformNode__GetListOfUsersMSG	0	high: registered under this name in FUN_004dce04 (name string pushed immediately before the member-function pointer)
4d8b8d	Annotator__AnnotationCylinder__vfunc_01	0	medium: RTTI: slot 1 of vtable 0xa14368 (Annotator::AnnotationCylinder); class membership read from RTTI, method meaning not established
4d8bbb	Annotator__AnnotationCone__vfunc_01	0	medium: RTTI: slot 1 of vtable 0xa1437c (Annotator::AnnotationCone); class membership read from RTTI, method meaning not established
4d8d02	SoundController__vfunc_11	0	medium: RTTI: slot 11 of vtable 0xa11bac (SoundController); class membership read from RTTI, method meaning not established
4d8de1	SoundController__SetPivotNode	0	high: registered under this name in FUN_004d9436 (name string pushed immediately before the member-function pointer)
4d8ff8	PlatformNode__vfunc_21	0	medium: RTTI: slot 21 of vtable 0xa143dc (PlatformNode); class membership read from RTTI, method meaning not established
4d9000	PlatformNode__UnsubscribeAchievementCallbacksMSG	0	high: registered under this name in FUN_004dce04 (name string pushed immediately before the member-function pointer)
4d91bf	SubtitleSlot__HasSubtitleForSoundSlotMSG	0	high: registered under this name in FUN_004dc504 (name string pushed immediately before the member-function pointer)
4d9234	Annotator__AnnotationPrimitive__vfunc_00	0	medium: RTTI: slot 0 of vtable 0xa142e8 (Annotator::AnnotationPrimitive), inherited by 2 other vtables; class membership read from RTTI, method meaning not established
4d92eb	SoundController__BindToVoiceMSG	0	high: registered under this name in FUN_004d9436 (name string pushed immediately before the member-function pointer)
4d9436	SoundController__RegisterMembers	0	high: pushes 51 "SoundController::..." member-name strings paired with member-function pointers
4d9f95	MouseNode__IsButtonDownMSG	0	high: registered under this name in FUN_004db801 (name string pushed immediately before the member-function pointer)
4d9fb1	MouseNode__IsButtonPressedMSG	0	high: registered under this name in FUN_004db801 (name string pushed immediately before the member-function pointer)
4d9fcd	MouseNode__IsButtonReleasedMSG	0	high: registered under this name in FUN_004db801 (name string pushed immediately before the member-function pointer)
4da0d8	PlatformNode__vfunc_11	0	medium: RTTI: slot 11 of vtable 0xa143dc (PlatformNode); class membership read from RTTI, method meaning not established
4da0f4	PlatformNode__vfunc_17	0	medium: RTTI: slot 17 of vtable 0xa143dc (PlatformNode); class membership read from RTTI, method meaning not established
4da257	SubtitleSlot__vfunc_11	0	medium: RTTI: slot 11 of vtable 0xa1449c (SubtitleSlot); class membership read from RTTI, method meaning not established
4da37f	SubtitleSlot__GetIndexFromTimeMSG	0	high: registered under this name in FUN_004dc504 (name string pushed immediately before the member-function pointer)
4da398	SubtitleSlot__GetIndexFromKeyAndTimeMSG	0	high: registered under this name in FUN_004dc504 (name string pushed immediately before the member-function pointer)
4da3e7	SubtitleSlot__GetIndexFromSoundSlotAndTimeMSG	0	high: registered under this name in FUN_004dc504 (name string pushed immediately before the member-function pointer)
4da8aa	SoundSlot__PlayGroupPivotVolPitchOffsetDelayMSG	0	high: registered under this name in FUN_004da99c (name string pushed immediately before the member-function pointer)
4da8de	SoundSlot__PlayGroupPivotVolPitchOffsetMSG	0	high: registered under this name in FUN_004da99c (name string pushed immediately before the member-function pointer)
4da911	SoundSlot__PlayGroupPivotVolPitchMSG	0	high: registered under this name in FUN_004da99c (name string pushed immediately before the member-function pointer)
4da941	SoundSlot__PlayGroupPivotVolMSG	0	high: registered under this name in FUN_004da99c (name string pushed immediately before the member-function pointer)
4da970	SoundSlot__PlayGroupPivotMSG	0	high: registered under this name in FUN_004da99c (name string pushed immediately before the member-function pointer)
4da99c	SoundSlot__RegisterMembers	0	high: pushes 65 "SoundSlot::..." member-name strings paired with member-function pointers
4db801	MouseNode__RegisterMembers	0	high: pushes 13 "MouseNode::..." member-name strings paired with member-function pointers
4dbb4e	MouseNode__vfunc_17	0	medium: RTTI: slot 17 of vtable 0xa0fa6c (MouseNode); class membership read from RTTI, method meaning not established
4dc375	Annotator__AnnotateSolidArrowMSG	0	high: registered under this name in FUN_004dc70e (name string pushed immediately before the member-function pointer)
4dc4cb	PlatformNode__UnsubscribeCallbacksMSG	0	high: registered under this name in FUN_004dce04 (name string pushed immediately before the member-function pointer)
4dc504	SubtitleSlot__RegisterMembers	0	high: pushes 7 "SubtitleSlot::..." member-name strings paired with member-function pointers
4dc6b7	SubtitleSlot__vfunc_29	0	medium: RTTI: slot 29 of vtable 0xa1449c (SubtitleSlot); class membership read from RTTI, method meaning not established
4dc70e	Annotator__RegisterMembers	0	high: pushes 34 "Annotator::..." member-name strings paired with member-function pointers
4dce04	PlatformNode__RegisterMembers	0	high: pushes 79 "PlatformNode::..." member-name strings paired with member-function pointers
4de441	StreamingProbe__vfunc_10	0	medium: RTTI: slot 10 of vtable 0xa19b9c (StreamingProbe); class membership read from RTTI, method meaning not established
4de485	BlockMemorySetup__GetTotalAssetBudgetMB	0	high: registered under this name in FUN_004e057f (name string pushed immediately before the member-function pointer)
4de4a1	BlockMemorySetup__GetTotalGfxAssetBudgetMB	0	high: registered under this name in FUN_004e057f (name string pushed immediately before the member-function pointer)
4de4bd	PlatformFacade__vfunc_01	0	medium: RTTI: slot 1 of vtable 0xa0f7d4 (PlatformFacade); class membership read from RTTI, method meaning not established
4de4c8	PlatformFacade__vfunc_02	0	medium: RTTI: slot 2 of vtable 0xa0f7d4 (PlatformFacade); class membership read from RTTI, method meaning not established
4de4d3	PlatformFacade__vfunc_03	0	medium: RTTI: slot 3 of vtable 0xa0f7d4 (PlatformFacade); class membership read from RTTI, method meaning not established
4de4de	PlatformFacade__vfunc_04	0	medium: RTTI: slot 4 of vtable 0xa0f7d4 (PlatformFacade); class membership read from RTTI, method meaning not established
4de4e9	PlatformFacade__vfunc_06	0	medium: RTTI: slot 6 of vtable 0xa0f7d4 (PlatformFacade); class membership read from RTTI, method meaning not established
4de4f4	PlatformFacade__vfunc_05	0	medium: RTTI: slot 5 of vtable 0xa0f7d4 (PlatformFacade); class membership read from RTTI, method meaning not established
4de4ff	PlatformFacade__vfunc_07	0	medium: RTTI: slot 7 of vtable 0xa0f7d4 (PlatformFacade); class membership read from RTTI, method meaning not established
4de50a	PlatformFacade__vfunc_10	0	medium: RTTI: slot 10 of vtable 0xa0f7d4 (PlatformFacade); class membership read from RTTI, method meaning not established
4de515	PlatformFacade__vfunc_08	0	medium: RTTI: slot 8 of vtable 0xa0f7d4 (PlatformFacade); class membership read from RTTI, method meaning not established
4de520	PlatformFacade__vfunc_09	0	medium: RTTI: slot 9 of vtable 0xa0f7d4 (PlatformFacade); class membership read from RTTI, method meaning not established
4de696	PlatformFacade__vfunc_44	0	medium: RTTI: slot 44 of vtable 0xa0f7d4 (PlatformFacade); class membership read from RTTI, method meaning not established
4de6a1	PlatformFacade__vfunc_45	0	medium: RTTI: slot 45 of vtable 0xa0f7d4 (PlatformFacade); class membership read from RTTI, method meaning not established
4de6ac	PlatformFacade__vfunc_46	0	medium: RTTI: slot 46 of vtable 0xa0f7d4 (PlatformFacade); class membership read from RTTI, method meaning not established
4de6b7	PlatformFacade__vfunc_47	0	medium: RTTI: slot 47 of vtable 0xa0f7d4 (PlatformFacade); class membership read from RTTI, method meaning not established
4de749	Str_InitEmpty	0	medium: read: len=0, ptr=inline buffer, cap flag 0x80000004
4dea4c	ReflectionProxyNode__GetBackfaceCulled	0	high: registered under this name in FUN_004e13cb (name string pushed immediately before the member-function pointer)
4dea53	AIBrainNode__GetMaxVisibilityDistance	0	medium: registered under this name in FUN_004865b9 (name string pushed immediately before the member-function pointer); COMDAT-folded, also: Cloth::GetCollisionMapTop, ParticleType::GetOcclusionAttenuationLow, PropertySequenceNode::GetPlayPos
4dea5a	StreamingProbe__GetSector2	0	high: registered under this name in FUN_004e172b (name string pushed immediately before the member-function pointer)
4deaa8	Entity__vfunc_03	0	medium: RTTI: slot 3 of vtable 0xa26428 (Entity), inherited by 80 other vtables; class membership read from RTTI, method meaning not established
4dec22	PlatformFacade__vfunc_43	0	medium: RTTI: slot 43 of vtable 0xa0f7d4 (PlatformFacade); class membership read from RTTI, method meaning not established
4df023	____VAssetStreamManager____Thread__vfunc_00	0	medium: RTTI: slot 0 of vtable 0xa198fc (::::VAssetStreamManager::?$Thread); class membership read from RTTI, method meaning not established
4df03f	____VStreamBlockTreeInterface____PAVStreamBlock____OldQuadTree__vfunc_00	0	medium: RTTI: slot 0 of vtable 0xa19908 (::::VStreamBlockTreeInterface::::PAVStreamBlock::?$OldQuadTree), inherited by 1 other vtables; class membership read from RTTI, method meaning not established
4df0ef	ReflectionProxyNode__SetBackfaceCulled	0	high: registered under this name in FUN_004e13cb (name string pushed immediately before the member-function pointer)
4df497	StreamingProbe__vfunc_36	0	medium: RTTI: slot 36 of vtable 0xa19b9c (StreamingProbe); class membership read from RTTI, method meaning not established
4df4b5	StreamingProbe__SetSector0	0	high: registered under this name in FUN_004e172b (name string pushed immediately before the member-function pointer)
4df4d8	StreamingProbe__SetSector1FarClip	0	high: registered under this name in FUN_004e172b (name string pushed immediately before the member-function pointer)
4df4fb	StreamingProbe__SetSector1FOV	0	high: registered under this name in FUN_004e172b (name string pushed immediately before the member-function pointer)
4df598	StreamingProbe__SetSector2	0	high: registered under this name in FUN_004e172b (name string pushed immediately before the member-function pointer)
4df5f2	BlockMemorySetup__SetMaxBaseLayerSizeMB	0	high: registered under this name in FUN_004e057f (name string pushed immediately before the member-function pointer)
4df66e	BlockMemorySetup__SetMaxBaseLayerGfxSizeMB	0	high: registered under this name in FUN_004e057f (name string pushed immediately before the member-function pointer)
4df6ea	BlockMemorySetup__SetMaxNumLoadedAutoStreamBlocks	0	high: registered under this name in FUN_004e057f (name string pushed immediately before the member-function pointer)
4df832	BlockMemorySetup__SetMaxGfxMemPerAutoStreamBlockMB	0	high: registered under this name in FUN_004e057f (name string pushed immediately before the member-function pointer)
4df8e6	BlockMemorySetup__SetMaxNumLoadedManualStreamBlocks	0	high: registered under this name in FUN_004e057f (name string pushed immediately before the member-function pointer)
4dfa2e	BlockMemorySetup__SetMaxGfxMemPerManualStreamBlockMB	0	high: registered under this name in FUN_004e057f (name string pushed immediately before the member-function pointer)
4e0568	StreamingProbe__vfunc_29	0	medium: RTTI: slot 29 of vtable 0xa19b9c (StreamingProbe); class membership read from RTTI, method meaning not established
4e057f	BlockMemorySetup__RegisterMembers	0	high: pushes 18 "BlockMemorySetup::..." member-name strings paired with member-function pointers
4e099b	____VStreamBlockTreeInterface____PAVStreamBlock____OldQuadTree__vfunc_01	0	medium: RTTI: slot 1 of vtable 0xa19908 (::::VStreamBlockTreeInterface::::PAVStreamBlock::?$OldQuadTree); class membership read from RTTI, method meaning not established
4e0cad	ReflectionProxyNode__vfunc_06	0	medium: RTTI: slot 6 of vtable 0xa1a604 (ReflectionProxyNode); class membership read from RTTI, method meaning not established
4e10d0	StreamingProbe__vfunc_11	0	medium: RTTI: slot 11 of vtable 0xa19b9c (StreamingProbe); class membership read from RTTI, method meaning not established
4e1164	BlockMemorySetup__vfunc_06	0	medium: RTTI: slot 6 of vtable 0xa198c0 (BlockMemorySetup); class membership read from RTTI, method meaning not established
4e12a1	____VStreamBlockTreeInterface____PAVStreamBlock____OldQuadTree__TreeNode__vfunc_00	0	medium: RTTI: slot 0 of vtable 0xa19914 (::::VStreamBlockTreeInterface::::PAVStreamBlock::?$OldQuadTree::TreeNode), inherited by 1 other vtables; class membership read from RTTI, method meaning not established
4e12bd	____VStreamBlockTreeInterface____PAVStreamBlock____StreamingSpatialTree__vfunc_01	0	medium: RTTI: slot 1 of vtable 0xa1a704 (::::VStreamBlockTreeInterface::::PAVStreamBlock::?$StreamingSpatialTree); class membership read from RTTI, method meaning not established
4e13af	ReflectionProxyNode__vfunc_11	0	medium: RTTI: slot 11 of vtable 0xa1a604 (ReflectionProxyNode); class membership read from RTTI, method meaning not established
4e13cb	ReflectionProxyNode__RegisterMembers	0	high: pushes 2 "ReflectionProxyNode::..." member-name strings paired with member-function pointers
4e172b	StreamingProbe__RegisterMembers	0	high: pushes 8 "StreamingProbe::..." member-name strings paired with member-function pointers
4e2886	GeneralEngineOptions__GetLogChannelsAsProperty	0	high: registered under this name in FUN_004e91da (name string pushed immediately before the member-function pointer)
4e288e	AlignNodeOptions__GetOriginalPositionsAsProperty	0	medium: registered under this name in FUN_004e93f1 (name string pushed immediately before the member-function pointer); COMDAT-folded, also: GeneralEditorOptions::GetSelectionAsProperty
4e2892	EntityTableOptions__vfunc_06	0	medium: RTTI: slot 6 of vtable 0xa1aef0 (EntityTableOptions); class membership read from RTTI, method meaning not established
4e28c2	AlignNodeOptions__GetSourceNodesAsProperty	0	high: registered under this name in FUN_004e9d48 (name string pushed immediately before the member-function pointer)
4e28c6	AlignNodeOptions__GetOriginalOrientationsAsProperty	0	high: registered under this name in FUN_004e9d48 (name string pushed immediately before the member-function pointer)
4e28f8	ArticulatedBody__GetJointsAsProperty	0	medium: registered under this name in FUN_004ead06 (name string pushed immediately before the member-function pointer); COMDAT-folded, also: NetworkSession::GetRemoteParticipants, ParticleType::GetSpawnersAsProperty
4e28fc	NetworkSession__GetLocalParticipant	0	high: registered under this name in FUN_004ead06 (name string pushed immediately before the member-function pointer)
4e2b40	GeneralEditorOptions__GetUndoSelection	0	high: registered under this name in FUN_004e93f1 (name string pushed immediately before the member-function pointer)
4e2b44	GeneralEditorOptions__GetAutoNumbering	0	high: registered under this name in FUN_004e93f1 (name string pushed immediately before the member-function pointer)
4e2b48	GeneralEditorOptions__GetShowUseEditorMouseInPlayModeText	0	high: registered under this name in FUN_004e93f1 (name string pushed immediately before the member-function pointer)
4e2b4c	AnimSlot__GetEaseInDuration	0	medium: registered under this name in FUN_004b8f76 (name string pushed immediately before the member-function pointer); COMDAT-folded, also: CameraOptions::GetFirstPersonOffset, GEKeyFrame::GetScaleX, GeneralEditorOptions::GetMasterVolume
4e2b54	GeneralEditorOptions__vfunc_10	0	medium: RTTI: slot 10 of vtable 0xa20bb4 (GeneralEditorOptions); class membership read from RTTI, method meaning not established
4e2b74	GeneralEditorOptions__vfunc_06	0	medium: RTTI: slot 6 of vtable 0xa20bb4 (GeneralEditorOptions); class membership read from RTTI, method meaning not established
4e2bb8	RenderOptions__GetRenderPipe	0	high: registered under this name in FUN_004e671c (name string pushed immediately before the member-function pointer)
4e2bbc	RenderOptions__GetSprites3D	0	high: registered under this name in FUN_004e671c (name string pushed immediately before the member-function pointer)
4e2bc0	RenderOptions__GetOcclusionCulling	0	high: registered under this name in FUN_004e671c (name string pushed immediately before the member-function pointer)
4e2bc4	RenderOptions__GetRenderOccluders	0	high: registered under this name in FUN_004e671c (name string pushed immediately before the member-function pointer)
4e2bc8	GFXEffect__GetEnableDOF	0	medium: registered under this name in FUN_004c0af2 (name string pushed immediately before the member-function pointer); COMDAT-folded, also: RenderOptions::GetWater
4e2bcf	RenderOptions__GetGlass	0	high: registered under this name in FUN_004e671c (name string pushed immediately before the member-function pointer)
4e2bdd	RenderOptions__GetUseLightOcclusion	0	medium: registered under this name in FUN_004e671c (name string pushed immediately before the member-function pointer); COMDAT-folded, also: VarianceInitializer::GetUseLocalOrientation
4e2be4	RenderOptions__GetRenderDetailZPass	0	high: registered under this name in FUN_004e671c (name string pushed immediately before the member-function pointer)
4e2beb	RenderOptions__GetShowOverlappingLights	0	medium: registered under this name in FUN_004da99c (name string pushed immediately before the member-function pointer); COMDAT-folded, also: SoundSlot::GetEnableObstructionAndOcclusion
4e2bf9	RenderOptions__GetRenderShadows	0	high: registered under this name in FUN_004e671c (name string pushed immediately before the member-function pointer)
4e2c00	RenderOptions__GetRenderLensflares	0	medium: registered under this name in FUN_004e671c (name string pushed immediately before the member-function pointer); COMDAT-folded, also: TextureSheet::GetEnableNormalMapping
4e2c07	RenderOptions__GetAiDebugShowPathDataGeneration	0	high: registered under this name in FUN_004e671c (name string pushed immediately before the member-function pointer)
4e2c13	RenderOptions__GetAiDebugShowPathObjectLinkedEdges	0	high: registered under this name in FUN_004e671c (name string pushed immediately before the member-function pointer)
4e2c1f	RenderOptions__vfunc_06	0	medium: RTTI: slot 6 of vtable 0xa1af8c (RenderOptions); class membership read from RTTI, method meaning not established
4e2c59	GeneralEditorOptions__GetIsMuted	0	high: registered under this name in FUN_004e93f1 (name string pushed immediately before the member-function pointer)
4e2cf1	AlignNodeOptions__GetAlignYPosition	0	medium: registered under this name in FUN_004e412d (name string pushed immediately before the member-function pointer); COMDAT-folded, also: EntityTableOptions::GetFollowSelection, SnapOptions::GetSnapToGrid, TNTOptions::GetSimulateMasterBuild
4e2cf5	RenderOptions__GetUseLightColorForLightAnnotations	0	high: registered under this name in FUN_004e671c (name string pushed immediately before the member-function pointer)
4e2cf9	AlignNodeOptions__GetValueX	0	medium: registered under this name in FUN_004e057f (name string pushed immediately before the member-function pointer); COMDAT-folded, also: BlockMemorySetup::GetMaxMemPerManualStreamBlockMB, SnapOptions::GetSnapAngle, SurfaceSpawner::GetRadius
4e2d7f	ViewportOptions__GetSelectionMode	0	high: registered under this name in FUN_004e7462 (name string pushed immediately before the member-function pointer)
4e2d83	ProximityNoiseSpawner__GetUseTerrainLayer	0	high: registered under this name in FUN_005544d8 (name string pushed immediately before the member-function pointer)
4e2d87	EditorModeOptions__GetTerrainWindowHighlightColorAsVector	0	medium: registered under this name in FUN_004c0af2 (name string pushed immediately before the member-function pointer); COMDAT-folded, also: GFXEffect::GetFogColor, SnapOptions::GetMainGridColorAsVector, ViewportOptions::GetCursorHighlightColorAsVector
4e2e28	EditorModeOptions__GetConsolePanelClearOnStart	0	medium: registered under this name in FUN_004e47f1 (name string pushed immediately before the member-function pointer); COMDAT-folded, also: RenderOptions::GetRefractions
4e2e2f	EditorModeOptions__GetConsolePanelClearOnStop	0	medium: registered under this name in FUN_004e47f1 (name string pushed immediately before the member-function pointer); COMDAT-folded, also: RenderOptions::GetRenderDetailMeshes
4e2e36	EditorModeOptions__GetAnnotationsPanelRevealFlagsSelected	0	medium: registered under this name in FUN_004e47f1 (name string pushed immediately before the member-function pointer); COMDAT-folded, also: GrassAsset::GetRandSeed
4e2e3d	EditorModeOptions__GetAnnotationsPanelRevealFlagsSiblings	0	high: registered under this name in FUN_004e47f1 (name string pushed immediately before the member-function pointer)
4e2e44	EditorModeOptions__GetAnnotationsPanelRevealFlagsNearby	0	medium: registered under this name in FUN_004e47f1 (name string pushed immediately before the member-function pointer); COMDAT-folded, also: ParticleSystemAsset::GetEvolveFramesOnStart, TextureSheet::GetAnimDelayInMs
4e2e4b	EditorModeOptions__GetPhysicsWindowHighlightColorAsVector	0	high: registered under this name in FUN_004e47f1 (name string pushed immediately before the member-function pointer)
4e2e5f	EditorModeOptions__GetAIWindowHighlightColorAsVector	0	high: registered under this name in FUN_004e47f1 (name string pushed immediately before the member-function pointer)
4e2f99	CameraOptions__GetCameraSpeedIndex	0	medium: registered under this name in FUN_00494142 (name string pushed immediately before the member-function pointer); COMDAT-folded, also: DebugMonitorOptions::GetSelectedPlatform, EditorTabWindowOptions::GetActiveTab, GeneralEditorOptions::GetStartupScene
4e2ffb	DebugMonitorOptions__GetShowLog	0	high: registered under this name in FUN_004e509d (name string pushed immediately before the member-function pointer)
4e2fff	DebugMonitorOptions__GetOverrideGameCamera	0	high: registered under this name in FUN_004e509d (name string pushed immediately before the member-function pointer)
4e3003	CameraOptions__GetInitEditorCamInPlayMode	0	medium: registered under this name in FUN_004b952a (name string pushed immediately before the member-function pointer); COMDAT-folded, also: Control::GetKey, DebugMonitorOptions::GetXexFilename, GamepadNode::GetControllerID
4e3007	DebugMonitorOptions__GetPS3TargetIsDevelopKit	0	high: registered under this name in FUN_004e509d (name string pushed immediately before the member-function pointer)
4e309e	RenderOptions__GetSecondaryColorForLightAnnotationsAsVector	0	medium: registered under this name in FUN_004e55e9 (name string pushed immediately before the member-function pointer); COMDAT-folded, also: ToolbarOptions::GetButtonColorSelectedAsVector, VarianceInitializer::GetPosition
4e30b2	ToolbarOptions__GetBorderColorSelectedAsVector	0	high: registered under this name in FUN_004e55e9 (name string pushed immediately before the member-function pointer)
4e30c6	ToolbarOptions__GetButtonColorHoverAsVector	0	high: registered under this name in FUN_004e55e9 (name string pushed immediately before the member-function pointer)
4e30dd	ParticleType__GetPosition	0	medium: registered under this name in FUN_004e55e9 (name string pushed immediately before the member-function pointer); COMDAT-folded, also: ToolbarOptions::GetBorderColorHoverAsVector
4e320b	ToolbarOptions__vfunc_06	0	medium: RTTI: slot 6 of vtable 0xa1ae5c (ToolbarOptions); class membership read from RTTI, method meaning not established
4e3284	BlockMemorySetup__GetMaxNumLoadedManualStreamBlocks	0	medium: registered under this name in FUN_00494142 (name string pushed immediately before the member-function pointer); COMDAT-folded, also: EditorModeOptions::GetWindowHighlightSize, EntityTableOptions::GetCurrentProfile, EventSpawner::GetParticleTypeIndex
4e332e	AlignNodeOptions__GetAlignXOrientation	0	medium: registered under this name in FUN_004e412d (name string pushed immediately before the member-function pointer); COMDAT-folded, also: SnapOptions::GetSourceBBoxSnap
4e3332	AlignNodeOptions__GetAlignYOrientation	0	medium: registered under this name in FUN_004e509d (name string pushed immediately before the member-function pointer); COMDAT-folded, also: DebugMonitorOptions::GetUseEditorScene, GeometryCollisionAffector::GetAlignToCollisionNormal, UVArrayAffector::GetRandomize
4e3386	NetworkManager__IsStarted	0	high: registered under this name in FUN_004eb351 (name string pushed immediately before the member-function pointer)
4e3396	RDPHost__Callback__vfunc_00	0	medium: RTTI: slot 0 of vtable 0xa1abec (RDPHost::Callback), inherited by 1 other vtables; class membership read from RTTI, method meaning not established
4e33c1	NetworkPacket__vfunc_00	0	medium: RTTI: slot 0 of vtable 0xa1af78 (NetworkPacket); class membership read from RTTI, method meaning not established
4e357c	ListType_ElementPtr	0	medium: read: list->data + elemSize(+0x30)*index*4; 1081 call sites in baked scripts
4e3595	GeneralEditorOptions__SetDefaultTextBoxFont	0	high: registered under this name in FUN_004e93f1 (name string pushed immediately before the member-function pointer)
4e35d9	DebugMonitorOptions__SetPS3SelfFilename	0	medium: registered under this name in FUN_004e509d (name string pushed immediately before the member-function pointer); COMDAT-folded, also: GeneralEditorOptions::SetScreenShotPath
4e361d	GeneralEditorOptions__SetIsMuted	0	high: registered under this name in FUN_004e93f1 (name string pushed immediately before the member-function pointer)
4e3627	GeneralEditorOptions__SetUndoSelection	0	high: registered under this name in FUN_004e93f1 (name string pushed immediately before the member-function pointer)
4e3631	GeneralEditorOptions__SetAutoNumbering	0	high: registered under this name in FUN_004e93f1 (name string pushed immediately before the member-function pointer)
4e363b	GeneralEditorOptions__SetShowUseEditorMouseInPlayModeText	0	high: registered under this name in FUN_004e93f1 (name string pushed immediately before the member-function pointer)
4e364f	GeneralEditorOptions__SetUseEditorMouseInPlayMode	0	medium: registered under this name in FUN_004e93f1 (name string pushed immediately before the member-function pointer); COMDAT-folded, also: SurfaceSpawner::SetSpawnOnGeometry
4e3659	RenderOptions__SetRenderPipe	0	high: registered under this name in FUN_004e671c (name string pushed immediately before the member-function pointer)
4e3663	AnimLayer__SetIsAdditive	0	medium: registered under this name in FUN_004e671c (name string pushed immediately before the member-function pointer); COMDAT-folded, also: RenderOptions::SetSprites3D
4e366d	RenderOptions__SetOcclusionCulling	0	high: registered under this name in FUN_004e671c (name string pushed immediately before the member-function pointer)
4e3677	RenderOptions__SetRenderOccluders	0	high: registered under this name in FUN_004e671c (name string pushed immediately before the member-function pointer)
4e3681	GFXEffect__SetEnableDOF	0	medium: registered under this name in FUN_004c0af2 (name string pushed immediately before the member-function pointer); COMDAT-folded, also: RenderOptions::SetWater
4e368e	RenderOptions__SetGlass	0	high: registered under this name in FUN_004e671c (name string pushed immediately before the member-function pointer)
4e36a8	RenderOptions__SetUseLightOcclusion	0	high: registered under this name in FUN_004e671c (name string pushed immediately before the member-function pointer)
4e36b5	RenderOptions__SetRenderDetailZPass	0	high: registered under this name in FUN_004e671c (name string pushed immediately before the member-function pointer)
4e36cf	SoundSlot__SetEnableObstructionAndOcclusion	0	high: registered under this name in FUN_004da99c (name string pushed immediately before the member-function pointer)
4e36dc	AIBrainNode__SetAIAgentMaxSpeed	0	medium: registered under this name in FUN_00484ffb (name string pushed immediately before the member-function pointer); COMDAT-folded, also: AIWorldNode::SetGroundSlopeMin, GFXEffect::SetMaxFocalBlur, RenderOptions::SetShowOverlappingLightsCullDistance
4e36e9	EditorModeOptions__SetNodePropertiesGrouping	0	medium: registered under this name in FUN_004e47f1 (name string pushed immediately before the member-function pointer); COMDAT-folded, also: RenderOptions::SetReflections
4e36f6	EditorModeOptions__SetConsolePanelClearOnStart	0	medium: registered under this name in FUN_004e47f1 (name string pushed immediately before the member-function pointer); COMDAT-folded, also: RenderOptions::SetRefractions
4e3703	RenderOptions__SetRenderGrass	0	high: registered under this name in FUN_004e671c (name string pushed immediately before the member-function pointer)
4e3710	RenderOptions__SetRenderShadows	0	high: registered under this name in FUN_004e671c (name string pushed immediately before the member-function pointer)
4e371d	EditorModeOptions__SetAnnotationsPanelRevealFlagsSelected	0	high: registered under this name in FUN_004e47f1 (name string pushed immediately before the member-function pointer)
4e372a	RenderOptions__SetRenderLensflares	0	medium: registered under this name in FUN_004e671c (name string pushed immediately before the member-function pointer); COMDAT-folded, also: TextureSheet::SetEnableNormalMapping
4e3737	RenderOptions__SetPrimaryColorForLightAnnotationsAsVector	0	high: registered under this name in FUN_004e671c (name string pushed immediately before the member-function pointer)
4e375e	RenderOptions__SetSecondaryColorForLightAnnotationsAsVector	0	medium: registered under this name in FUN_004e55e9 (name string pushed immediately before the member-function pointer); COMDAT-folded, also: ToolbarOptions::SetButtonColorSelectedAsVector
4e3d0b	CameraOptions__SetInitEditorCamInPlayMode	0	high: registered under this name in FUN_004e3d1f (name string pushed immediately before the member-function pointer)
4e3d15	CameraOptions__SetCameraMode	0	medium: registered under this name in FUN_004e3d1f (name string pushed immediately before the member-function pointer); COMDAT-folded, also: SnapOptions::SetMainGridSize
4e3d1f	CameraOptions__RegisterMembers	0	high: pushes 16 "CameraOptions::..." member-name strings paired with member-function pointers
4e4119	AlignNodeOptions__SetAlignXPosition	0	medium: registered under this name in FUN_004e412d (name string pushed immediately before the member-function pointer); COMDAT-folded, also: EditorModeOptions::SetWindowHighlightEnabled, EntityTableOptions::SetShowSharedProperties, RenderOptions::SetShowHUD
4e4123	AlignNodeOptions__SetValueX	0	medium: registered under this name in FUN_004e412d (name string pushed immediately before the member-function pointer); COMDAT-folded, also: SnapOptions::SetSnapAngle, SurfaceSpawner::SetRadius
4e412d	SnapOptions__RegisterMembers	0	high: pushes 20 "SnapOptions::..." member-name strings paired with member-function pointers
4e45e9	ViewportOptions__SetSelectionMode	0	high: registered under this name in FUN_004e7462 (name string pushed immediately before the member-function pointer)
4e45f3	ViewportOptions__SetCursorScaleFactor	0	high: registered under this name in FUN_004e7462 (name string pushed immediately before the member-function pointer)
4e46c2	EditorModeOptions__SetConsolePanelClearOnStop	0	medium: registered under this name in FUN_004e47f1 (name string pushed immediately before the member-function pointer); COMDAT-folded, also: RenderOptions::SetRenderDetailMeshes
4e471c	EditorModeOptions__SetAnnotationsPanelRevealFlagsSiblings	0	high: registered under this name in FUN_004e47f1 (name string pushed immediately before the member-function pointer)
4e4729	EditorModeOptions__SetAnnotationsPanelRevealFlagsAll	0	high: registered under this name in FUN_004e47f1 (name string pushed immediately before the member-function pointer)
4e4736	EditorModeOptions__SetPhysicsWindowHighlightColorAsVector	0	high: registered under this name in FUN_004e47f1 (name string pushed immediately before the member-function pointer)
4e475d	EditorModeOptions__SetTerrainWindowHighlightColorAsVector	0	medium: registered under this name in FUN_004e412d (name string pushed immediately before the member-function pointer); COMDAT-folded, also: SnapOptions::SetMainGridColorAsVector, ViewportOptions::SetCursorHighlightColorAsVector
4e4784	EditorModeOptions__SetAIWindowHighlightColorAsVector	0	high: registered under this name in FUN_004e47f1 (name string pushed immediately before the member-function pointer)
4e47ab	EditorModeOptions__SetPlayModeWindowHighlightColorAsVector	0	high: registered under this name in FUN_004e47f1 (name string pushed immediately before the member-function pointer)
4e47d5	Preferences__vfunc_11	0	medium: RTTI: slot 11 of vtable 0xa1988c (Preferences), inherited by 11 other vtables; class membership read from RTTI, method meaning not established
4e47f1	EditorModeOptions__RegisterMembers	0	high: pushes 28 "EditorModeOptions::..." member-name strings paired with member-function pointers
4e4e19	EditorTabWindowOptions__SetActiveTab	0	medium: registered under this name in FUN_004e4e5d (name string pushed immediately before the member-function pointer); COMDAT-folded, also: GeneralEditorOptions::SetStartupScene
4e4e5d	EditorTabWindowOptions__RegisterMembers	0	high: pushes 2 "EditorTabWindowOptions::..." member-name strings paired with member-function pointers
4e4f14	EditorTabWindowOptions__vfunc_06	0	medium: RTTI: slot 6 of vtable 0xa1ad10 (EditorTabWindowOptions); class membership read from RTTI, method meaning not established
4e4ff7	DebugMonitorOptions__SetGenerateData	0	high: registered under this name in FUN_004e509d (name string pushed immediately before the member-function pointer)
4e5001	DebugMonitorOptions__SetShowLog	0	high: registered under this name in FUN_004e509d (name string pushed immediately before the member-function pointer)
4e500b	DebugMonitorOptions__SetOverrideGameCamera	0	high: registered under this name in FUN_004e509d (name string pushed immediately before the member-function pointer)
4e5015	DebugMonitorOptions__SetXexFilename	0	medium: registered under this name in FUN_004e509d (name string pushed immediately before the member-function pointer); COMDAT-folded, also: GeneralEditorOptions::SetAviDumpPath
4e509d	DebugMonitorOptions__RegisterMembers	0	high: pushes 20 "DebugMonitorOptions::..." member-name strings paired with member-function pointers
4e555a	EditorModeOptions__SetWindowHighlightSize	0	medium: registered under this name in FUN_004e47f1 (name string pushed immediately before the member-function pointer); COMDAT-folded, also: EventSpawner::SetParticleTypeIndex, ToolbarOptions::SetToolbarPaddingY, ViewportOptions::SetSelectionHighlightMode
4e5564	ToolbarOptions__SetUseSystemColors	0	high: registered under this name in FUN_004e55e9 (name string pushed immediately before the member-function pointer)
4e556e	ToolbarOptions__SetBorderColorSelectedAsVector	0	high: registered under this name in FUN_004e55e9 (name string pushed immediately before the member-function pointer)
4e55bf	ToolbarOptions__SetBorderColorHoverAsVector	0	high: registered under this name in FUN_004e55e9 (name string pushed immediately before the member-function pointer)
4e55e9	ToolbarOptions__RegisterMembers	0	high: pushes 20 "ToolbarOptions::..." member-name strings paired with member-function pointers
4e5aa1	CameraOptions__SetCameraSpeedIndex	0	medium: registered under this name in FUN_004e3d1f (name string pushed immediately before the member-function pointer); COMDAT-folded, also: DebugMonitorOptions::SetSelectedPlatform, GeneralEngineOptions::SetFrameRateIndex, GeometryCollisionAffector::SetCollisionMask
4e5aab	CameraOptions__SetUseEditorCameraInPlayMode	0	medium: registered under this name in FUN_004e3d1f (name string pushed immediately before the member-function pointer); COMDAT-folded, also: LocalizationOptions::SetIsLowViolence, ToolbarOptions::SetUseFlatButtons
4e5b4b	AlignNodeOptions__SetAlignYPosition	0	medium: registered under this name in FUN_004e412d (name string pushed immediately before the member-function pointer); COMDAT-folded, also: EntityTableOptions::SetFollowSelection, SnapOptions::SetSnapToGrid, TNTOptions::SetSimulateMasterBuild
4e5b55	AlignNodeOptions__SetAlignZPosition	0	medium: registered under this name in FUN_004e412d (name string pushed immediately before the member-function pointer); COMDAT-folded, also: EntityTableOptions::SetFreezeOrder, RenderOptions::SetUseLightColorForLightAnnotations, SnapOptions::SetPivotSnap
4e5b5f	EntityTableOptions__SetCurrentProfile	0	medium: registered under this name in FUN_004e5ba3 (name string pushed immediately before the member-function pointer); COMDAT-folded, also: GeneralEditorOptions::SetDefaultMockupBoxTexture
4e5ba3	EntityTableOptions__RegisterMembers	0	high: pushes 8 "EntityTableOptions::..." member-name strings paired with member-function pointers
4e5d83	AlignNodeOptions__SetAlignXOrientation	0	medium: registered under this name in FUN_004e412d (name string pushed immediately before the member-function pointer); COMDAT-folded, also: SnapOptions::SetSourceBBoxSnap
4e5d8d	AlignNodeOptions__SetAlignYOrientation	0	medium: registered under this name in FUN_004e509d (name string pushed immediately before the member-function pointer); COMDAT-folded, also: DebugMonitorOptions::SetUseEditorScene, GeometryCollisionAffector::SetAlignToCollisionNormal, UVArrayAffector::SetRandomize
4e5e2d	TNTOptions__RegisterMembers	0	high: pushes 6 "TNTOptions::..." member-name strings paired with member-function pointers
4e5fa8	NetworkManager__StartSessionScanMSG	0	high: registered under this name in FUN_004eb351 (name string pushed immediately before the member-function pointer)
4e5fb3	NetworkManager__StopSessionScanMSG	0	high: registered under this name in FUN_004eb351 (name string pushed immediately before the member-function pointer)
4e5fe5	NetworkSession__StopAdvertisingMSG	0	high: registered under this name in FUN_004ead06 (name string pushed immediately before the member-function pointer)
4e615c	NetworkManager__SetPropertyReplicationFrequency	0	medium: registered under this name in FUN_004e671c (name string pushed immediately before the member-function pointer); COMDAT-folded, also: RenderOptions::SetAiDebugRenderingFlags
4e66d6	RenderOptions__SetAiDebugShowGraph	0	high: registered under this name in FUN_004e671c (name string pushed immediately before the member-function pointer)
4e66e4	RenderOptions__SetAiDebugShowMesh	0	high: registered under this name in FUN_004e671c (name string pushed immediately before the member-function pointer)
4e66f2	RenderOptions__SetAiDebugShowPathDataGeneration	0	high: registered under this name in FUN_004e671c (name string pushed immediately before the member-function pointer)
4e6700	RenderOptions__SetAiDebugShowRayCasts	0	high: registered under this name in FUN_004e671c (name string pushed immediately before the member-function pointer)
4e670e	RenderOptions__SetAiDebugShowPathObjectLinkedEdges	0	high: registered under this name in FUN_004e671c (name string pushed immediately before the member-function pointer)
4e671c	RenderOptions__RegisterMembers	0	high: pushes 68 "RenderOptions::..." member-name strings paired with member-function pointers
4e7462	ViewportOptions__RegisterMembers	0	high: pushes 20 "ViewportOptions::..." member-name strings paired with member-function pointers
4e7888	NetworkManager__StartNetworkMSG	0	high: registered under this name in FUN_004eb351 (name string pushed immediately before the member-function pointer)
4e7e81	GeneralEngineOptions__SetLogChannelsAsProperty	0	high: registered under this name in FUN_004e91da (name string pushed immediately before the member-function pointer)
4e8019	GeneralEngineOptions__SetSubscribedLogChannelsAsProperty	0	high: registered under this name in FUN_004e91da (name string pushed immediately before the member-function pointer)
4e81aa	AlignNodeOptions__SetOriginalPositionsAsProperty	0	medium: registered under this name in FUN_004e93f1 (name string pushed immediately before the member-function pointer); COMDAT-folded, also: GeneralEditorOptions::SetSelectionAsProperty
4e81b2	LocalizationOptions__RegisterMembers	0	high: pushes 7 "LocalizationOptions::..." member-name strings paired with member-function pointers
4e85bb	AlignNodeOptions__SetSourceNodesAsProperty	0	high: registered under this name in FUN_004e9d48 (name string pushed immediately before the member-function pointer)
4e85d5	AlignNodeOptions__SetOriginalOrientationsAsProperty	0	high: registered under this name in FUN_004e9d48 (name string pushed immediately before the member-function pointer)
4e85dd	NetworkManager__DestroySessionMSG	0	high: registered under this name in FUN_004eb351 (name string pushed immediately before the member-function pointer)
4e85eb	NetworkSession__StartAdvertisingMSG	0	high: registered under this name in FUN_004ead06 (name string pushed immediately before the member-function pointer)
4e8a40	GeneralEngineOptions__vfunc_11	0	medium: RTTI: slot 11 of vtable 0xa20744 (GeneralEngineOptions); class membership read from RTTI, method meaning not established
4e8b5f	GeneralEditorOptions__vfunc_11	0	medium: RTTI: slot 11 of vtable 0xa20bb4 (GeneralEditorOptions); class membership read from RTTI, method meaning not established
4e8b7b	NetworkManager__CreateSessionMSG	0	high: registered under this name in FUN_004eb351 (name string pushed immediately before the member-function pointer)
4e8b85	NetworkManager__CreateSessionFromIdMSG	0	high: registered under this name in FUN_004eb351 (name string pushed immediately before the member-function pointer)
4e91da	GeneralEngineOptions__RegisterMembers	0	high: pushes 6 "GeneralEngineOptions::..." member-name strings paired with member-function pointers
4e93f1	GeneralEditorOptions__RegisterMembers	0	high: pushes 26 "GeneralEditorOptions::..." member-name strings paired with member-function pointers
4e994b	AlignNodeOptions__SetAlignTarget	0	high: registered under this name in FUN_004e9d48 (name string pushed immediately before the member-function pointer)
4e9aaa	NetworkSession__RDPHostCallbackImpl__vfunc_01	0	medium: RTTI: slot 1 of vtable 0xa1af64 (NetworkSession::RDPHostCallbackImpl); class membership read from RTTI, method meaning not established
4e9ab2	NetworkSession__RDPHostCallbackImpl__vfunc_02	0	medium: RTTI: slot 2 of vtable 0xa1af64 (NetworkSession::RDPHostCallbackImpl); class membership read from RTTI, method meaning not established
4e9d2c	AlignNodeOptions__vfunc_11	0	medium: RTTI: slot 11 of vtable 0xa21b0c (AlignNodeOptions); class membership read from RTTI, method meaning not established
4e9d48	AlignNodeOptions__RegisterMembers	0	high: pushes 26 "AlignNodeOptions::..." member-name strings paired with member-function pointers
4ea5dc	NetworkManager__RegisterSessionUpdatedCallbackMSG	0	high: registered under this name in FUN_004eb351 (name string pushed immediately before the member-function pointer)
4ea604	NetworkManager__RegisterSessionLostCallbackMSG	0	high: registered under this name in FUN_004eb351 (name string pushed immediately before the member-function pointer)
4ea654	NetworkManager__RegisterSessionCreatedCallbackMSG	0	high: registered under this name in FUN_004eb351 (name string pushed immediately before the member-function pointer)
4ea6a4	NetworkSession__RegisterAdvertisingFailedCallbackMSG	0	high: registered under this name in FUN_004ead06 (name string pushed immediately before the member-function pointer)
4ea6cc	NetworkSession__RegisterConnectedCallbackMSG	0	high: registered under this name in FUN_004ead06 (name string pushed immediately before the member-function pointer)
4ea6f4	NetworkSession__RegisterDisconnectedCallbackMSG	0	high: registered under this name in FUN_004ead06 (name string pushed immediately before the member-function pointer)
4eaa46	NetworkManager__AddPropertyReplicationCallbackMSG	0	high: registered under this name in FUN_004eb351 (name string pushed immediately before the member-function pointer)
4ead06	NetworkSession__RegisterMembers	0	high: pushes 8 "NetworkSession::..." member-name strings paired with member-function pointers
4eaf70	NetworkSession__vfunc_11	0	medium: RTTI: slot 11 of vtable 0xa222b8 (NetworkSession); class membership read from RTTI, method meaning not established
4eb05a	NetworkManager__RemovePropertyReplicationCallbackMSG	0	high: registered under this name in FUN_004eb351 (name string pushed immediately before the member-function pointer)
4eb079	NetworkManager__ClearReplicationCallbacksMSG	0	high: registered under this name in FUN_004eb351 (name string pushed immediately before the member-function pointer)
4eb351	NetworkManager__RegisterMembers	0	high: pushes 18 "NetworkManager::..." member-name strings paired with member-function pointers
4eb753	NetworkManager__vfunc_11	0	medium: RTTI: slot 11 of vtable 0xa226f8 (NetworkManager); class membership read from RTTI, method meaning not established
4eb776	NetworkSessionAdvertiser__vfunc_00	0	medium: RTTI: slot 0 of vtable 0xa22e3c (NetworkSessionAdvertiser); class membership read from RTTI, method meaning not established
4ebaa2	StringType__vfunc_07	0	medium: RTTI: slot 7 of vtable 0xa24c1c (StringType); class membership read from RTTI, method meaning not established
4ebac7	StringType__vfunc_13	0	medium: RTTI: slot 13 of vtable 0xa24c1c (StringType); class membership read from RTTI, method meaning not established
4ebb1d	StringType__vfunc_14	0	medium: RTTI: slot 14 of vtable 0xa24c1c (StringType); class membership read from RTTI, method meaning not established
4ebb4d	StringType__vfunc_09	0	medium: RTTI: slot 9 of vtable 0xa24c1c (StringType); class membership read from RTTI, method meaning not established
4ebbcf	StringType__vfunc_05	0	medium: RTTI: slot 5 of vtable 0xa24c1c (StringType); class membership read from RTTI, method meaning not established
4ebbf8	StringType__vfunc_22	0	medium: RTTI: slot 22 of vtable 0xa24c1c (StringType); class membership read from RTTI, method meaning not established
4ebc58	StringType__vfunc_23	0	medium: RTTI: slot 23 of vtable 0xa24c1c (StringType); class membership read from RTTI, method meaning not established
4ec2d0	DataType__vfunc_21	0	medium: RTTI: slot 21 of vtable 0xa23bb4 (DataType), inherited by 13 other vtables; class membership read from RTTI, method meaning not established
4ec2e5	StringType__vfunc_24	0	medium: RTTI: slot 24 of vtable 0xa24c1c (StringType); class membership read from RTTI, method meaning not established
4ecac5	____VTimeSyncProtocol____Thread__vfunc_00	0	medium: RTTI: slot 0 of vtable 0xa23158 (::::VTimeSyncProtocol::?$Thread); class membership read from RTTI, method meaning not established
4ecd3f	NetworkLanSessionAdvertiser__vfunc_05	0	medium: RTTI: slot 5 of vtable 0xa23164 (NetworkLanSessionAdvertiser); class membership read from RTTI, method meaning not established
4ecdac	NetworkLanSessionAdvertiser__vfunc_01	0	medium: RTTI: slot 1 of vtable 0xa23164 (NetworkLanSessionAdvertiser); class membership read from RTTI, method meaning not established
4ece47	NetworkLanSessionAdvertiser__vfunc_02	0	medium: RTTI: slot 2 of vtable 0xa23164 (NetworkLanSessionAdvertiser); class membership read from RTTI, method meaning not established
4ecf2c	NetworkLanSessionAdvertiser__vfunc_03	0	medium: RTTI: slot 3 of vtable 0xa23164 (NetworkLanSessionAdvertiser); class membership read from RTTI, method meaning not established
4ecf49	NetworkLanSessionScanner__vfunc_03	0	medium: RTTI: slot 3 of vtable 0xa234cc (NetworkLanSessionScanner); class membership read from RTTI, method meaning not established
4ed0bd	StructType__vfunc_00	0	medium: RTTI: slot 0 of vtable 0xa23034 (StructType); class membership read from RTTI, method meaning not established
4ed0d9	StructType__vfunc_22	0	medium: RTTI: slot 22 of vtable 0xa23034 (StructType); class membership read from RTTI, method meaning not established
4ed167	StructType__vfunc_02	0	medium: RTTI: slot 2 of vtable 0xa23034 (StructType); class membership read from RTTI, method meaning not established
4ed1c7	StructType__vfunc_10	0	medium: RTTI: slot 10 of vtable 0xa23034 (StructType); class membership read from RTTI, method meaning not established
4ed2a3	StructType__vfunc_08	0	medium: RTTI: slot 8 of vtable 0xa23034 (StructType); class membership read from RTTI, method meaning not established
4ed37c	StructType__vfunc_17	0	medium: RTTI: slot 17 of vtable 0xa23034 (StructType); class membership read from RTTI, method meaning not established
4ed453	StructType__vfunc_09	0	medium: RTTI: slot 9 of vtable 0xa23034 (StructType); class membership read from RTTI, method meaning not established
4ed4ff	StructType__vfunc_11	0	medium: RTTI: slot 11 of vtable 0xa23034 (StructType); class membership read from RTTI, method meaning not established
4ed5da	StructType__vfunc_18	0	medium: RTTI: slot 18 of vtable 0xa23034 (StructType); class membership read from RTTI, method meaning not established
4ed669	StructType__vfunc_05	0	medium: RTTI: slot 5 of vtable 0xa23034 (StructType); class membership read from RTTI, method meaning not established
4ed764	StructType__vfunc_03	0	medium: RTTI: slot 3 of vtable 0xa23034 (StructType); class membership read from RTTI, method meaning not established
4ed7f4	StructType__vfunc_23	0	medium: RTTI: slot 23 of vtable 0xa23034 (StructType); class membership read from RTTI, method meaning not established
4eda81	StructType__vfunc_01	0	medium: RTTI: slot 1 of vtable 0xa23034 (StructType); class membership read from RTTI, method meaning not established
4edad3	StructType__vfunc_07	0	medium: RTTI: slot 7 of vtable 0xa23034 (StructType); class membership read from RTTI, method meaning not established
4edb1e	StructType__vfunc_13	0	medium: RTTI: slot 13 of vtable 0xa23034 (StructType); class membership read from RTTI, method meaning not established
4edb8e	StructType__vfunc_14	0	medium: RTTI: slot 14 of vtable 0xa23034 (StructType); class membership read from RTTI, method meaning not established
4edc3e	StructType__vfunc_15	0	medium: RTTI: slot 15 of vtable 0xa23034 (StructType); class membership read from RTTI, method meaning not established
4edca5	StructType__vfunc_16	0	medium: RTTI: slot 16 of vtable 0xa23034 (StructType); class membership read from RTTI, method meaning not established
4edd49	StructType__vfunc_06	0	medium: RTTI: slot 6 of vtable 0xa23034 (StructType); class membership read from RTTI, method meaning not established
4ee5c7	NetworkLanSessionAdvertiser__vfunc_00	0	medium: RTTI: slot 0 of vtable 0xa23164 (NetworkLanSessionAdvertiser); class membership read from RTTI, method meaning not established
4ee5e3	NetworkLanSessionScanner__vfunc_01	0	medium: RTTI: slot 1 of vtable 0xa234cc (NetworkLanSessionScanner); class membership read from RTTI, method meaning not established
4ef1dc	StringType__vfunc_10	0	medium: RTTI: slot 10 of vtable 0xa24c1c (StringType); class membership read from RTTI, method meaning not established
4ef911	NetworkLanSessionScanner__vfunc_02	0	medium: RTTI: slot 2 of vtable 0xa234cc (NetworkLanSessionScanner); class membership read from RTTI, method meaning not established
4ef9fe	NetworkVariablePacket__vfunc_00	0	medium: RTTI: slot 0 of vtable 0xa23480 (NetworkVariablePacket); class membership read from RTTI, method meaning not established
4efa79	NetworkPropertyPacket__vfunc_00	0	medium: RTTI: slot 0 of vtable 0xa23488 (NetworkPropertyPacket); class membership read from RTTI, method meaning not established
4efadc	NetworkRpcPacket__vfunc_00	0	medium: RTTI: slot 0 of vtable 0xa23490 (NetworkRpcPacket); class membership read from RTTI, method meaning not established
4f009e	StructType__vfunc_24	0	medium: RTTI: slot 24 of vtable 0xa23034 (StructType); class membership read from RTTI, method meaning not established
4f05c0	NetworkSessionScanner__vfunc_00	0	medium: RTTI: slot 0 of vtable 0xa234b0 (NetworkSessionScanner); class membership read from RTTI, method meaning not established
4f0666	NetworkLanSessionScanner__vfunc_05	0	medium: RTTI: slot 5 of vtable 0xa234cc (NetworkLanSessionScanner); class membership read from RTTI, method meaning not established
4f074a	StructType__vfunc_12	0	medium: RTTI: slot 12 of vtable 0xa23034 (StructType); class membership read from RTTI, method meaning not established
4f0c2f	NetworkLanSessionScanner__vfunc_00	0	medium: RTTI: slot 0 of vtable 0xa234cc (NetworkLanSessionScanner); class membership read from RTTI, method meaning not established
4f2777	RDPHost__vfunc_00	0	medium: RTTI: slot 0 of vtable 0xa23580 (RDPHost); class membership read from RTTI, method meaning not established
4f2d74	ListType__vfunc_07	0	medium: RTTI: slot 7 of vtable 0xa24c94 (ListType); class membership read from RTTI, method meaning not established
4f2db9	ListType__vfunc_06	0	medium: RTTI: slot 6 of vtable 0xa24c94 (ListType); class membership read from RTTI, method meaning not established
4f2de8	ListType__vfunc_01	0	medium: RTTI: slot 1 of vtable 0xa24c94 (ListType); class membership read from RTTI, method meaning not established
4f2dfc	NxUserRaycastReport__vfunc_01	0	medium: RTTI: slot 1 of vtable 0xa235bc (NxUserRaycastReport), inherited by 2 other vtables; class membership read from RTTI, method meaning not established
4f2e19	NxSceneQueryReport__vfunc_04	0	medium: RTTI: slot 4 of vtable 0xa235c8 (NxSceneQueryReport), inherited by 1 other vtables; class membership read from RTTI, method meaning not established
4f2e36	NxUserAllocator__vfunc_00	0	medium: RTTI: slot 0 of vtable 0xa235e4 (NxUserAllocator); class membership read from RTTI, method meaning not established
4f2e4a	NxUserAllocator__vfunc_02	0	medium: RTTI: slot 2 of vtable 0xa235e4 (NxUserAllocator); class membership read from RTTI, method meaning not established
4f2e56	Actor__GetWorldOrient	0	high: registered under this name in FUN_00518a9a (name string pushed immediately before the member-function pointer)
4f2e6a	EntityType__vfunc_05	0	medium: RTTI: slot 5 of vtable 0xa24dcc (EntityType), inherited by 2 other vtables; class membership read from RTTI, method meaning not established
4f2e88	EntityType__vfunc_21	0	medium: RTTI: slot 21 of vtable 0xa24dcc (EntityType), inherited by 2 other vtables; class membership read from RTTI, method meaning not established
4f2eb2	EntityType__vfunc_24	0	medium: RTTI: slot 24 of vtable 0xa24dcc (EntityType), inherited by 2 other vtables; class membership read from RTTI, method meaning not established
4f2eec	EntityType__vfunc_23	0	medium: RTTI: slot 23 of vtable 0xa24dcc (EntityType), inherited by 2 other vtables; class membership read from RTTI, method meaning not established
4f2f40	EntityType__vfunc_07	0	medium: RTTI: slot 7 of vtable 0xa24dcc (EntityType), inherited by 2 other vtables; class membership read from RTTI, method meaning not established
4f30bb	EntityType__vfunc_15	0	medium: RTTI: slot 15 of vtable 0xa24dcc (EntityType), inherited by 2 other vtables; class membership read from RTTI, method meaning not established
4f30dd	EntityType__vfunc_16	0	medium: RTTI: slot 16 of vtable 0xa24dcc (EntityType), inherited by 2 other vtables; class membership read from RTTI, method meaning not established
4f3109	EntityType__vfunc_06	0	medium: RTTI: slot 6 of vtable 0xa24dcc (EntityType), inherited by 2 other vtables; class membership read from RTTI, method meaning not established
4f3202	Entity__IsSuspendedMSG	0	high: registered under this name in FUN_00511603 (name string pushed immediately before the member-function pointer)
4f3212	Entity__GetPropertyIDMSG	0	high: registered under this name in FUN_00511603 (name string pushed immediately before the member-function pointer)
4f3230	BuiltinModule__GetMessageIDMSG	0	high: registered under this name in FUN_0047ff8c (name string pushed immediately before the member-function pointer)
4f326a	Entity__GetRefCount	0	high: registered under this name in FUN_00511603 (name string pushed immediately before the member-function pointer)
4f32ae	DictType__vfunc_07	0	medium: RTTI: slot 7 of vtable 0xa25214 (DictType); class membership read from RTTI, method meaning not established
4f3304	DictType__vfunc_06	0	medium: RTTI: slot 6 of vtable 0xa25214 (DictType); class membership read from RTTI, method meaning not established
4f3344	DictType__vfunc_01	0	medium: RTTI: slot 1 of vtable 0xa25214 (DictType); class membership read from RTTI, method meaning not established
4f358d	DataType__vfunc_18	0	medium: RTTI: slot 18 of vtable 0xa23bb4 (DataType), inherited by 10 other vtables; class membership read from RTTI, method meaning not established
4f35b0	DataType__vfunc_14	0	medium: RTTI: slot 14 of vtable 0xa23bb4 (DataType), inherited by 9 other vtables; class membership read from RTTI, method meaning not established
4f35cd	DataType__vfunc_13	0	medium: RTTI: slot 13 of vtable 0xa23bb4 (DataType), inherited by 8 other vtables; class membership read from RTTI, method meaning not established
4f35ea	DataType__vfunc_15	0	medium: RTTI: slot 15 of vtable 0xa23bb4 (DataType), inherited by 10 other vtables; class membership read from RTTI, method meaning not established
4f3604	DataType__vfunc_16	0	medium: RTTI: slot 16 of vtable 0xa23bb4 (DataType), inherited by 10 other vtables; class membership read from RTTI, method meaning not established
4f361f	DataType__vfunc_07	0	medium: RTTI: slot 7 of vtable 0xa23bb4 (DataType), inherited by 9 other vtables; class membership read from RTTI, method meaning not established
4f3659	DataType__vfunc_06	0	medium: RTTI: slot 6 of vtable 0xa23bb4 (DataType), inherited by 10 other vtables; class membership read from RTTI, method meaning not established
4f3698	DataType__vfunc_02	0	medium: RTTI: slot 2 of vtable 0xa23bb4 (DataType), inherited by 12 other vtables; class membership read from RTTI, method meaning not established
4f36b7	NetParticipantType__vfunc_23	0	medium: RTTI: slot 23 of vtable 0xa24d4c (NetParticipantType); class membership read from RTTI, method meaning not established
4f372d	NetParticipantType__vfunc_24	0	medium: RTTI: slot 24 of vtable 0xa24d4c (NetParticipantType); class membership read from RTTI, method meaning not established
4f377c	NxUserScheduler__vfunc_03	0	medium: RTTI: slot 3 of vtable 0xa23648 (NxUserScheduler); class membership read from RTTI, method meaning not established
4f3799	CollisionCapsuleNode__GetHeight	0	high: registered under this name in FUN_0051f6a5 (name string pushed immediately before the member-function pointer)
4f37a3	NxUserControllerHitReport__vfunc_02	0	medium: RTTI: slot 2 of vtable 0xa2365c (NxUserControllerHitReport), inherited by 1 other vtables; class membership read from RTTI, method meaning not established
4f37c0	NxControllerDesc__vfunc_01	0	medium: RTTI: slot 1 of vtable 0xa2366c (NxControllerDesc); class membership read from RTTI, method meaning not established
4f37fc	NxControllerDesc__vfunc_02	0	medium: RTTI: slot 2 of vtable 0xa2366c (NxControllerDesc); class membership read from RTTI, method meaning not established
4f382b	NxCapsuleControllerDesc__vfunc_01	0	medium: RTTI: slot 1 of vtable 0xa2385c (NxCapsuleControllerDesc); class membership read from RTTI, method meaning not established
4f3878	NxShapeDesc__vfunc_01	0	medium: RTTI: slot 1 of vtable 0xa23688 (NxShapeDesc), inherited by 1 other vtables; class membership read from RTTI, method meaning not established
4f38dd	NxShapeDesc__vfunc_02	0	medium: RTTI: slot 2 of vtable 0xa23688 (NxShapeDesc); class membership read from RTTI, method meaning not established
4f3b08	Physics__CharacterController__vfunc_26	0	medium: RTTI: slot 26 of vtable 0xa2369c (Physics::CharacterController); class membership read from RTTI, method meaning not established
4f3b2b	Physics__CharacterController__vfunc_27	0	medium: RTTI: slot 27 of vtable 0xa2369c (Physics::CharacterController); class membership read from RTTI, method meaning not established
4f3b86	Physics__CharacterController__vfunc_20	0	medium: RTTI: slot 20 of vtable 0xa2369c (Physics::CharacterController); class membership read from RTTI, method meaning not established
4f3be3	Physics__CharacterController__vfunc_30	0	medium: RTTI: slot 30 of vtable 0xa2369c (Physics::CharacterController); class membership read from RTTI, method meaning not established
4f3c37	Physics__CharacterController__vfunc_31	0	medium: RTTI: slot 31 of vtable 0xa2369c (Physics::CharacterController); class membership read from RTTI, method meaning not established
4f3c8b	Physics__CharacterController__vfunc_23	0	medium: RTTI: slot 23 of vtable 0xa2369c (Physics::CharacterController); class membership read from RTTI, method meaning not established
4f3cf4	NxUserContactReport__vfunc_01	0	medium: RTTI: slot 1 of vtable 0xa23734 (NxUserContactReport), inherited by 1 other vtables; class membership read from RTTI, method meaning not established
4f3d11	NxUserTriggerReport__vfunc_01	0	medium: RTTI: slot 1 of vtable 0xa23740 (NxUserTriggerReport), inherited by 1 other vtables; class membership read from RTTI, method meaning not established
4f3d2e	NxBoxShapeDesc__vfunc_01	0	medium: RTTI: slot 1 of vtable 0xa2387c (NxBoxShapeDesc); class membership read from RTTI, method meaning not established
4f3d9e	NxCapsuleShapeDesc__vfunc_01	0	medium: RTTI: slot 1 of vtable 0xa2388c (NxCapsuleShapeDesc); class membership read from RTTI, method meaning not established
4f3e0c	NxSphereShapeDesc__vfunc_01	0	medium: RTTI: slot 1 of vtable 0xa2389c (NxSphereShapeDesc); class membership read from RTTI, method meaning not established
4f3e74	NxTriangleMeshShapeDesc__vfunc_01	0	medium: RTTI: slot 1 of vtable 0xa238ac (NxTriangleMeshShapeDesc); class membership read from RTTI, method meaning not established
4f3ee2	NxConvexShapeDesc__vfunc_01	0	medium: RTTI: slot 1 of vtable 0xa238bc (NxConvexShapeDesc); class membership read from RTTI, method meaning not established
4f3f4d	NxHeightFieldShapeDesc__vfunc_01	0	medium: RTTI: slot 1 of vtable 0xa238cc (NxHeightFieldShapeDesc); class membership read from RTTI, method meaning not established
4f4005	Physics__RigidBody__vfunc_25	0	medium: RTTI: slot 25 of vtable 0xa246a4 (Physics::RigidBody); class membership read from RTTI, method meaning not established
4f4014	Physics__RigidBody__vfunc_30	0	medium: RTTI: slot 30 of vtable 0xa246a4 (Physics::RigidBody), inherited by 1 other vtables; class membership read from RTTI, method meaning not established
4f4053	Physics__RigidBody__vfunc_31	0	medium: RTTI: slot 31 of vtable 0xa246a4 (Physics::RigidBody), inherited by 1 other vtables; class membership read from RTTI, method meaning not established
4f4092	Physics__RigidBody__vfunc_32	0	medium: RTTI: slot 32 of vtable 0xa246a4 (Physics::RigidBody), inherited by 1 other vtables; class membership read from RTTI, method meaning not established
4f40e5	Physics__RigidBody__vfunc_33	0	medium: RTTI: slot 33 of vtable 0xa246a4 (Physics::RigidBody), inherited by 1 other vtables; class membership read from RTTI, method meaning not established
4f4138	Physics__RigidBody__vfunc_34	0	medium: RTTI: slot 34 of vtable 0xa246a4 (Physics::RigidBody), inherited by 1 other vtables; class membership read from RTTI, method meaning not established
4f41f6	Physics__RigidBody__vfunc_19	0	medium: RTTI: slot 19 of vtable 0xa246a4 (Physics::RigidBody), inherited by 1 other vtables; class membership read from RTTI, method meaning not established
4f4216	Physics__RigidBody__vfunc_27	0	medium: RTTI: slot 27 of vtable 0xa246a4 (Physics::RigidBody), inherited by 1 other vtables; class membership read from RTTI, method meaning not established
4f465d	Physics__RigidBody__vfunc_21	0	medium: RTTI: slot 21 of vtable 0xa246a4 (Physics::RigidBody), inherited by 1 other vtables; class membership read from RTTI, method meaning not established
4f48af	Physics__RigidBody__vfunc_23	0	medium: RTTI: slot 23 of vtable 0xa246a4 (Physics::RigidBody), inherited by 1 other vtables; class membership read from RTTI, method meaning not established
4f4903	Physics__RigidBody__vfunc_22	0	medium: RTTI: slot 22 of vtable 0xa246a4 (Physics::RigidBody), inherited by 1 other vtables; class membership read from RTTI, method meaning not established
4f497c	Cloth__GetNumVerticesMSG	0	high: registered under this name in FUN_0050f877 (name string pushed immediately before the member-function pointer)
4f4998	CollisionBoxNode__GetDepth	0	high: registered under this name in FUN_0051f325 (name string pushed immediately before the member-function pointer)
4f49a2	CollisionBoxNode__GetWidth	0	medium: registered under this name in FUN_0051f325 (name string pushed immediately before the member-function pointer); COMDAT-folded, also: CollisionCapsuleNode::GetWidth, CollisionSphereNode::GetRadius
4f49b3	ScriptSweepReport__vfunc_01	0	medium: RTTI: slot 1 of vtable 0xa2376c (ScriptSweepReport); class membership read from RTTI, method meaning not established
4f50a3	H________H__H_00V__VecIndirectPtr__V__vec____OverlapReport__vfunc_01	0	medium: RTTI: slot 1 of vtable 0xa237d8 (H::::::::H::H$00V?$VecIndirectPtr::V?$vec::?$OverlapReport); class membership read from RTTI, method meaning not established
4f50ee	Entity_CastTo_e151a0	0	medium: read: same against DAT_00e151a0 (base entity/Node type)
4f51d0	Entity_CastTo_e152d8	0	medium: read: same against DAT_00e152d8
4f5ad2	RigidBody__IsActive	0	high: registered under this name in FUN_0050f263 (name string pushed immediately before the member-function pointer)
4f5ad7	CharacterController__GetLinearVelocity	0	medium: registered under this name in FUN_0050ef4f (name string pushed immediately before the member-function pointer); COMDAT-folded, also: RigidBody::SetLinearVelocity
4f5adc	RigidBody__GetAngularVelocity	0	high: registered under this name in FUN_0050f263 (name string pushed immediately before the member-function pointer)
4f5ae4	RigidBody__GetLinearVelocity	0	high: registered under this name in FUN_0050f263 (name string pushed immediately before the member-function pointer)
4f5aec	RigidBody__SetAngularVelocity	0	high: registered under this name in FUN_0050f263 (name string pushed immediately before the member-function pointer)
4f5b71	ListType__vfunc_13	0	medium: RTTI: slot 13 of vtable 0xa24c94 (ListType); class membership read from RTTI, method meaning not established
4f5be8	ListType__vfunc_15	0	medium: RTTI: slot 15 of vtable 0xa24c94 (ListType); class membership read from RTTI, method meaning not established
4f5c56	ListType__vfunc_02	0	medium: RTTI: slot 2 of vtable 0xa24c94 (ListType); class membership read from RTTI, method meaning not established
4f5cd1	ListType__vfunc_22	0	medium: RTTI: slot 22 of vtable 0xa24c94 (ListType); class membership read from RTTI, method meaning not established
4f5d51	Entity__GetAutoName	0	high: registered under this name in FUN_00511603 (name string pushed immediately before the member-function pointer)
4f5d5e	Entity__IsOpen	0	high: registered under this name in FUN_00511603 (name string pushed immediately before the member-function pointer)
4f5d62	Entity__GetRecordInSavepoints	0	high: registered under this name in FUN_00511603 (name string pushed immediately before the member-function pointer)
4f5d66	Actor__GetEnabled	0	medium: registered under this name in FUN_00494142 (name string pushed immediately before the member-function pointer); COMDAT-folded, also: Node::GetRunFrameUpdate
4f5db2	EntityType__vfunc_27	0	medium: RTTI: slot 27 of vtable 0xa24dcc (EntityType), inherited by 2 other vtables; class membership read from RTTI, method meaning not established
4f5e57	Entity__GetScript	0	high: registered under this name in FUN_00511603 (name string pushed immediately before the member-function pointer)
4f5e6b	Entity__HasScriptNameMSG	0	high: registered under this name in FUN_00511603 (name string pushed immediately before the member-function pointer)
4f5e9d	Entity__IsOfTypeMSG	0	high: registered under this name in FUN_00511603 (name string pushed immediately before the member-function pointer)
4f5efa	Entity__vfunc_02	0	medium: RTTI: slot 2 of vtable 0xa26428 (Entity), inherited by 80 other vtables; class membership read from RTTI, method meaning not established
4f5f26	DictType__vfunc_18	0	medium: RTTI: slot 18 of vtable 0xa25214 (DictType); class membership read from RTTI, method meaning not established
4f6015	DataType__vfunc_12	0	medium: RTTI: slot 12 of vtable 0xa23bb4 (DataType), inherited by 10 other vtables; class membership read from RTTI, method meaning not established
4f606d	DataType__vfunc_08	0	medium: RTTI: slot 8 of vtable 0xa23bb4 (DataType), inherited by 10 other vtables; class membership read from RTTI, method meaning not established
4f6092	NxControllerDesc__vfunc_00	0	medium: RTTI: slot 0 of vtable 0xa2366c (NxControllerDesc), inherited by 1 other vtables; class membership read from RTTI, method meaning not established
4f60af	NxCapsuleControllerDesc__vfunc_02	0	medium: RTTI: slot 2 of vtable 0xa2385c (NxCapsuleControllerDesc); class membership read from RTTI, method meaning not established
4f6144	Physics__CharacterController__vfunc_11	0	medium: RTTI: slot 11 of vtable 0xa2369c (Physics::CharacterController); class membership read from RTTI, method meaning not established
4f6160	Physics__CharacterController__vfunc_24	0	medium: RTTI: slot 24 of vtable 0xa2369c (Physics::CharacterController); class membership read from RTTI, method meaning not established
4f61a5	NxBoxShapeDesc__vfunc_02	0	medium: RTTI: slot 2 of vtable 0xa2387c (NxBoxShapeDesc); class membership read from RTTI, method meaning not established
4f63bf	NxCapsuleShapeDesc__vfunc_02	0	medium: RTTI: slot 2 of vtable 0xa2388c (NxCapsuleShapeDesc); class membership read from RTTI, method meaning not established
4f65b8	NxSphereShapeDesc__vfunc_02	0	medium: RTTI: slot 2 of vtable 0xa2389c (NxSphereShapeDesc); class membership read from RTTI, method meaning not established
4f691d	NxShapeDesc__vfunc_00	0	medium: RTTI: slot 0 of vtable 0xa23688 (NxShapeDesc), inherited by 7 other vtables; class membership read from RTTI, method meaning not established
4f693a	NxHeightFieldShapeDesc__vfunc_02	0	medium: RTTI: slot 2 of vtable 0xa238cc (NxHeightFieldShapeDesc); class membership read from RTTI, method meaning not established
4f6b39	CharacterController__GetStepLimit	0	medium: registered under this name in FUN_004c0af2 (name string pushed immediately before the member-function pointer); COMDAT-folded, also: GFXEffect::GetBrightness, RigidBody::GetLinearDamping
4f6b40	AIWorldNode__GetPitch	0	medium: registered under this name in FUN_00484ffb (name string pushed immediately before the member-function pointer); COMDAT-folded, also: DetailMeshAsset::GetSinModulator, ParticleSystemAsset::GetCullingDistance
4f6b47	RigidBody__ApplyForceMSG	0	high: registered under this name in FUN_0050f263 (name string pushed immediately before the member-function pointer)
4f6b75	RigidBody__ApplyForceAtPointMSG	0	high: registered under this name in FUN_0050f263 (name string pushed immediately before the member-function pointer)
4f6bb9	RigidBody__ApplyTorqueMSG	0	high: registered under this name in FUN_0050f263 (name string pushed immediately before the member-function pointer)
4f6be7	RigidBody__ApplyImpulseMSG	0	high: registered under this name in FUN_0050f263 (name string pushed immediately before the member-function pointer)
4f6c4b	RigidBody__ApplyAngularImpulseMSG	0	high: registered under this name in FUN_0050f263 (name string pushed immediately before the member-function pointer)
4f6c7a	RigidBody__GetVelocityAtPointMSG	0	high: registered under this name in FUN_0050f263 (name string pushed immediately before the member-function pointer)
4f6cbb	RigidBody__GetUnitInertiaTensorMSG	0	high: registered under this name in FUN_0050f263 (name string pushed immediately before the member-function pointer)
4f741a	Physics__RigidBody__vfunc_24	0	medium: RTTI: slot 24 of vtable 0xa246a4 (Physics::RigidBody), inherited by 1 other vtables; class membership read from RTTI, method meaning not established
4f744d	RigidBody__GetCollisionMask	0	high: registered under this name in FUN_0050f263 (name string pushed immediately before the member-function pointer)
4f7491	Cloth__GetUseGravity	0	high: registered under this name in FUN_0050f877 (name string pushed immediately before the member-function pointer)
4f7498	Cloth__GetIsPressurized	0	high: registered under this name in FUN_0050f877 (name string pushed immediately before the member-function pointer)
4f74a6	Cloth__GetDampingType	0	high: registered under this name in FUN_0050f877 (name string pushed immediately before the member-function pointer)
4f74ad	Cloth__GetBendConstraintType	0	medium: registered under this name in FUN_004d9436 (name string pushed immediately before the member-function pointer); COMDAT-folded, also: SoundController::GetVolumeCurve
4f74b4	Cloth__GetIlluminationMapBottom	0	high: registered under this name in FUN_0050f877 (name string pushed immediately before the member-function pointer)
4f74bb	Cloth__GetUseAnimForCollision	0	medium: registered under this name in FUN_00495047 (name string pushed immediately before the member-function pointer); COMDAT-folded, also: PivotNode::IsLocked
4f7572	Physics__Cloth__vfunc_30	0	medium: RTTI: slot 30 of vtable 0xa25884 (Physics::Cloth); class membership read from RTTI, method meaning not established
4f7582	Cloth__GetVertexPositionMSG	0	high: registered under this name in FUN_0050f877 (name string pushed immediately before the member-function pointer)
4f75d9	NxUserNotify__vfunc_03	0	medium: RTTI: slot 3 of vtable 0xa2374c (NxUserNotify), inherited by 1 other vtables; class membership read from RTTI, method meaning not established
4f7619	UserReport__vfunc_00	0	medium: RTTI: slot 0 of vtable 0xa23930 (UserReport); class membership read from RTTI, method meaning not established
4f7674	TriggerReport__vfunc_00	0	medium: RTTI: slot 0 of vtable 0xa23944 (TriggerReport); class membership read from RTTI, method meaning not established
4f7705	Physics__Allocator__vfunc_03	0	medium: RTTI: slot 3 of vtable 0xa2395c (Physics::Allocator); class membership read from RTTI, method meaning not established
4f7716	Physics__Allocator__vfunc_02	0	medium: RTTI: slot 2 of vtable 0xa2395c (Physics::Allocator); class membership read from RTTI, method meaning not established
4f7767	Physics__Allocator__vfunc_01	0	medium: RTTI: slot 1 of vtable 0xa2395c (Physics::Allocator); class membership read from RTTI, method meaning not established
4f7773	Physics__Allocator__vfunc_00	0	medium: RTTI: slot 0 of vtable 0xa2395c (Physics::Allocator); class membership read from RTTI, method meaning not established
4f7783	ErrorStream__vfunc_02	0	medium: RTTI: slot 2 of vtable 0xa239cc (ErrorStream); class membership read from RTTI, method meaning not established
4f7796	NxUserAllocator__vfunc_07	0	medium: RTTI: slot 7 of vtable 0xa235e4 (NxUserAllocator), inherited by 1 other vtables; class membership read from RTTI, method meaning not established
4f77b3	NxUserOutputStream__vfunc_03	0	medium: RTTI: slot 3 of vtable 0xa23720 (NxUserOutputStream), inherited by 1 other vtables; class membership read from RTTI, method meaning not established
4f7ae9	Str_AssignCStr_b	0	medium: same body as 0x409cc4 with reserve 0x47b3d3
4f890b	ScriptClass_CopySlotValue	0	medium: read: copies value of slot (offset slot+0xc, size type+0x24)
4f8a05	ListType__vfunc_08	0	medium: RTTI: slot 8 of vtable 0xa24c94 (ListType); class membership read from RTTI, method meaning not established
4f8b09	ListType__vfunc_10	0	medium: RTTI: slot 10 of vtable 0xa24c94 (ListType); class membership read from RTTI, method meaning not established
4f8c10	ListType__vfunc_17	0	medium: RTTI: slot 17 of vtable 0xa24c94 (ListType); class membership read from RTTI, method meaning not established
4f8ce6	ListType__vfunc_11	0	medium: RTTI: slot 11 of vtable 0xa24c94 (ListType); class membership read from RTTI, method meaning not established
4f8dee	ListType__vfunc_23	0	medium: RTTI: slot 23 of vtable 0xa24c94 (ListType); class membership read from RTTI, method meaning not established
4f92a2	Entity_GetPropertyByHash_impl	0	medium: read: script class lookup 0x47decf, else native property table DAT_00c8be20 (stride 0x28)
4f963f	EntityType__vfunc_12	0	medium: RTTI: slot 12 of vtable 0xa24dcc (EntityType), inherited by 2 other vtables; class membership read from RTTI, method meaning not established
4f9783	EntityType__vfunc_17	0	medium: RTTI: slot 17 of vtable 0xa24dcc (EntityType), inherited by 2 other vtables; class membership read from RTTI, method meaning not established
4f97c1	Entity__SetName	0	high: registered under this name in FUN_00511603 (name string pushed immediately before the member-function pointer)
4f9810	Entity__SetAutoName	0	high: registered under this name in FUN_00511603 (name string pushed immediately before the member-function pointer)
4f9921	Entity__SetRecordInSavepoints	0	high: registered under this name in FUN_00511603 (name string pushed immediately before the member-function pointer)
4f995e	Entity__SetOpen	0	high: registered under this name in FUN_00511603 (name string pushed immediately before the member-function pointer)
4f99a4	Entity_GetPropertyByHash	0	high: read: skips null hash DAT_00a22e34, calls 0x4f92a2; BRIEF idiom; 923 callers
4f99c3	Entity_GetPropertyBySlot	0	medium: read: 0x4f890b(class+0x10 slot table stride 0x18)
4f99f6	Entity__HasPropertyMSG	0	high: registered under this name in FUN_00511603 (name string pushed immediately before the member-function pointer)
4f9a1d	Entity__HasPropertyIDMSG	0	high: registered under this name in FUN_00511603 (name string pushed immediately before the member-function pointer)
4f9a51	Entity__HasMessageMSG	0	high: registered under this name in FUN_00511603 (name string pushed immediately before the member-function pointer)
4f9a78	Entity__HasMessageIDMSG	0	high: registered under this name in FUN_00511603 (name string pushed immediately before the member-function pointer)
4f9b96	Entity__SetRunScript	0	high: registered under this name in FUN_00511603 (name string pushed immediately before the member-function pointer)
4f9c7f	DictType__vfunc_17	0	medium: RTTI: slot 17 of vtable 0xa25214 (DictType); class membership read from RTTI, method meaning not established
4f9dbc	DictType__vfunc_11	0	medium: RTTI: slot 11 of vtable 0xa25214 (DictType); class membership read from RTTI, method meaning not established
4f9f21	DictType__vfunc_23	0	medium: RTTI: slot 23 of vtable 0xa25214 (DictType); class membership read from RTTI, method meaning not established
4fa1d6	DataType__vfunc_05	0	medium: RTTI: slot 5 of vtable 0xa23bb4 (DataType), inherited by 9 other vtables; class membership read from RTTI, method meaning not established
4fa1f7	DataType__vfunc_23	0	medium: RTTI: slot 23 of vtable 0xa23bb4 (DataType), inherited by 2 other vtables; class membership read from RTTI, method meaning not established
4fa201	DataType__vfunc_10	0	medium: RTTI: slot 10 of vtable 0xa23bb4 (DataType), inherited by 1 other vtables; class membership read from RTTI, method meaning not established
4fa23d	DataType__vfunc_11	0	medium: RTTI: slot 11 of vtable 0xa23bb4 (DataType), inherited by 10 other vtables; class membership read from RTTI, method meaning not established
4fa2bb	DataType__vfunc_17	0	medium: RTTI: slot 17 of vtable 0xa23bb4 (DataType), inherited by 10 other vtables; class membership read from RTTI, method meaning not established
4fa365	NumberType__vfunc_03	0	medium: RTTI: slot 3 of vtable 0xa23c94 (NumberType); class membership read from RTTI, method meaning not established
4fa370	NumberType__vfunc_09	0	medium: RTTI: slot 9 of vtable 0xa23c94 (NumberType); class membership read from RTTI, method meaning not established
4fa382	NumberType__vfunc_19	0	medium: RTTI: slot 19 of vtable 0xa23c94 (NumberType); class membership read from RTTI, method meaning not established
4fa399	NumberType__vfunc_20	0	medium: RTTI: slot 20 of vtable 0xa23c94 (NumberType); class membership read from RTTI, method meaning not established
4fa3b4	NumberType__vfunc_25	0	medium: RTTI: slot 25 of vtable 0xa23c94 (NumberType); class membership read from RTTI, method meaning not established
4fa3e8	NumberType__vfunc_22	0	medium: RTTI: slot 22 of vtable 0xa23c94 (NumberType); class membership read from RTTI, method meaning not established
4fa407	NumberType__vfunc_23	0	medium: RTTI: slot 23 of vtable 0xa23c94 (NumberType); class membership read from RTTI, method meaning not established
4fa5bb	NumberType__vfunc_26	0	medium: RTTI: slot 26 of vtable 0xa23c94 (NumberType); class membership read from RTTI, method meaning not established
4fa5d6	NumberType__vfunc_10	0	medium: RTTI: slot 10 of vtable 0xa23c94 (NumberType); class membership read from RTTI, method meaning not established
4fa65b	NumberType__vfunc_24	0	medium: RTTI: slot 24 of vtable 0xa23c94 (NumberType); class membership read from RTTI, method meaning not established
4fa89c	BuiltinModule__Editor_GetSelectedNodeMSG	0	medium: registered under this name in FUN_0047ff8c (name string pushed immediately before the member-function pointer); COMDAT-folded, also: BuiltinModule::Editor_NumSelectedNodesMSG, BuiltinModule::GetEditorActiveMSG, PlatformNode::ShowMarketplaceUIMSG
4fa8a6	IntegerType__vfunc_09	0	medium: RTTI: slot 9 of vtable 0xa23dbc (IntegerType); class membership read from RTTI, method meaning not established
4fa8cf	IntegerType__vfunc_23	0	medium: RTTI: slot 23 of vtable 0xa23dbc (IntegerType); class membership read from RTTI, method meaning not established
4faa78	IntegerType__vfunc_24	0	medium: RTTI: slot 24 of vtable 0xa23dbc (IntegerType); class membership read from RTTI, method meaning not established
4fac1c	IntegerType__vfunc_26	0	medium: RTTI: slot 26 of vtable 0xa23dbc (IntegerType); class membership read from RTTI, method meaning not established
4fac46	IntegerType__vfunc_10	0	medium: RTTI: slot 10 of vtable 0xa23dbc (IntegerType); class membership read from RTTI, method meaning not established
4face2	Int64Type__vfunc_09	0	medium: RTTI: slot 9 of vtable 0xa23ecc (Int64Type); class membership read from RTTI, method meaning not established
4facf4	Int64Type__vfunc_19	0	medium: RTTI: slot 19 of vtable 0xa23ecc (Int64Type); class membership read from RTTI, method meaning not established
4fad13	Int64Type__vfunc_20	0	medium: RTTI: slot 20 of vtable 0xa23ecc (Int64Type); class membership read from RTTI, method meaning not established
4fad39	Int64Type__vfunc_22	0	medium: RTTI: slot 22 of vtable 0xa23ecc (Int64Type); class membership read from RTTI, method meaning not established
4fad71	Int64Type__vfunc_23	0	medium: RTTI: slot 23 of vtable 0xa23ecc (Int64Type); class membership read from RTTI, method meaning not established
4faef2	Int64Type__vfunc_24	0	medium: RTTI: slot 24 of vtable 0xa23ecc (Int64Type); class membership read from RTTI, method meaning not established
4fb172	Int64Type__vfunc_10	0	medium: RTTI: slot 10 of vtable 0xa23ecc (Int64Type); class membership read from RTTI, method meaning not established
4fb201	Int64Type__vfunc_26	0	medium: RTTI: slot 26 of vtable 0xa23ecc (Int64Type); class membership read from RTTI, method meaning not established
4fb27e	TruthType__vfunc_09	0	medium: RTTI: slot 9 of vtable 0xa24004 (TruthType); class membership read from RTTI, method meaning not established
4fb2d7	TruthType__vfunc_19	0	medium: RTTI: slot 19 of vtable 0xa24004 (TruthType); class membership read from RTTI, method meaning not established
4fb2f1	TruthType__vfunc_20	0	medium: RTTI: slot 20 of vtable 0xa24004 (TruthType); class membership read from RTTI, method meaning not established
4fb30d	TruthType__vfunc_23	0	medium: RTTI: slot 23 of vtable 0xa24004 (TruthType); class membership read from RTTI, method meaning not established
4fb3b3	TruthType__vfunc_13	0	medium: RTTI: slot 13 of vtable 0xa24004 (TruthType); class membership read from RTTI, method meaning not established
4fb3ca	TruthType__vfunc_24	0	medium: RTTI: slot 24 of vtable 0xa24004 (TruthType); class membership read from RTTI, method meaning not established
4fb475	TruthType__vfunc_10	0	medium: RTTI: slot 10 of vtable 0xa24004 (TruthType); class membership read from RTTI, method meaning not established
4fb4bc	VectorType__vfunc_09	0	medium: RTTI: slot 9 of vtable 0xa240b4 (VectorType); class membership read from RTTI, method meaning not established
4fb54e	VectorType__vfunc_25	0	medium: RTTI: slot 25 of vtable 0xa240b4 (VectorType); class membership read from RTTI, method meaning not established
4fb5c8	VectorType__vfunc_23	0	medium: RTTI: slot 23 of vtable 0xa240b4 (VectorType); class membership read from RTTI, method meaning not established
4fb82b	VectorType__vfunc_03	0	medium: RTTI: slot 3 of vtable 0xa240b4 (VectorType); class membership read from RTTI, method meaning not established
4fb84c	VectorType__vfunc_10	0	medium: RTTI: slot 10 of vtable 0xa240b4 (VectorType); class membership read from RTTI, method meaning not established
4fb8f1	VectorType__vfunc_19	0	medium: RTTI: slot 19 of vtable 0xa240b4 (VectorType); class membership read from RTTI, method meaning not established
4fb91d	VectorType__vfunc_20	0	medium: RTTI: slot 20 of vtable 0xa240b4 (VectorType); class membership read from RTTI, method meaning not established
4fb94a	VectorType__vfunc_22	0	medium: RTTI: slot 22 of vtable 0xa240b4 (VectorType); class membership read from RTTI, method meaning not established
4fb9b9	VectorType__vfunc_24	0	medium: RTTI: slot 24 of vtable 0xa240b4 (VectorType); class membership read from RTTI, method meaning not established
4fbf8d	VectorType__vfunc_26	0	medium: RTTI: slot 26 of vtable 0xa240b4 (VectorType); class membership read from RTTI, method meaning not established
4fc052	QuaternionType__vfunc_03	0	medium: RTTI: slot 3 of vtable 0xa241ec (QuaternionType); class membership read from RTTI, method meaning not established
4fc089	QuaternionType__vfunc_09	0	medium: RTTI: slot 9 of vtable 0xa241ec (QuaternionType); class membership read from RTTI, method meaning not established
4fc156	QuaternionType__vfunc_19	0	medium: RTTI: slot 19 of vtable 0xa241ec (QuaternionType); class membership read from RTTI, method meaning not established
4fc188	QuaternionType__vfunc_20	0	medium: RTTI: slot 20 of vtable 0xa241ec (QuaternionType); class membership read from RTTI, method meaning not established
4fc1bb	QuaternionType__vfunc_25	0	medium: RTTI: slot 25 of vtable 0xa241ec (QuaternionType); class membership read from RTTI, method meaning not established
4fc255	QuaternionType__vfunc_22	0	medium: RTTI: slot 22 of vtable 0xa241ec (QuaternionType); class membership read from RTTI, method meaning not established
4fc37b	QuaternionType__vfunc_23	0	medium: RTTI: slot 23 of vtable 0xa241ec (QuaternionType); class membership read from RTTI, method meaning not established
4fc6d9	QuaternionType__vfunc_26	0	medium: RTTI: slot 26 of vtable 0xa241ec (QuaternionType); class membership read from RTTI, method meaning not established
4fc758	QuaternionType__vfunc_10	0	medium: RTTI: slot 10 of vtable 0xa241ec (QuaternionType); class membership read from RTTI, method meaning not established
4fc80d	QuaternionType__vfunc_24	0	medium: RTTI: slot 24 of vtable 0xa241ec (QuaternionType); class membership read from RTTI, method meaning not established
4fd879	ColorType__vfunc_10	0	medium: RTTI: slot 10 of vtable 0xa243bc (ColorType); class membership read from RTTI, method meaning not established
4fdf33	Physics__Allocator__vfunc_04	0	medium: RTTI: slot 4 of vtable 0xa2395c (Physics::Allocator); class membership read from RTTI, method meaning not established
4fdfb3	Physics__CharacterController__vfunc_18	0	medium: RTTI: slot 18 of vtable 0xa2369c (Physics::CharacterController); class membership read from RTTI, method meaning not established
4fe288	CharacterController__SetSlopeLimit	0	high: registered under this name in FUN_0050ef4f (name string pushed immediately before the member-function pointer)
4fe2cb	CharacterController__SetStepLimit	0	high: registered under this name in FUN_0050ef4f (name string pushed immediately before the member-function pointer)
4fe304	CharacterController__SetIsInTeleportMode	0	medium: registered under this name in FUN_0050ef4f (name string pushed immediately before the member-function pointer); COMDAT-folded, also: IlluminationAffector::SetAmbientEnabled
4fe446	Physics__RigidBody__vfunc_20	0	medium: RTTI: slot 20 of vtable 0xa246a4 (Physics::RigidBody), inherited by 1 other vtables; class membership read from RTTI, method meaning not established
4fe4df	RigidBody__SetNumSolverIterations	0	high: registered under this name in FUN_0050f263 (name string pushed immediately before the member-function pointer)
4fe514	RigidBody__SetMass	0	high: registered under this name in FUN_0050f263 (name string pushed immediately before the member-function pointer)
4fe563	RigidBody__SetAngularDamping	0	high: registered under this name in FUN_0050f263 (name string pushed immediately before the member-function pointer)
4fe5a8	RigidBody__SetLinearDamping	0	high: registered under this name in FUN_0050f263 (name string pushed immediately before the member-function pointer)
4fe5ed	Physics__RigidBody__vfunc_12	0	medium: RTTI: slot 12 of vtable 0xa246a4 (Physics::RigidBody), inherited by 1 other vtables; class membership read from RTTI, method meaning not established
4fe6b6	Physics__RigidBody__vfunc_29	0	medium: RTTI: slot 29 of vtable 0xa246a4 (Physics::RigidBody); class membership read from RTTI, method meaning not established
4fe770	RigidBody__SetCollisionMask	0	high: registered under this name in FUN_0050f263 (name string pushed immediately before the member-function pointer)
4fe7eb	RigidBody__SetPivotSheetMSG	0	high: registered under this name in FUN_0050f263 (name string pushed immediately before the member-function pointer)
4fe886	Cloth__SetDensity	0	high: registered under this name in FUN_0050f877 (name string pushed immediately before the member-function pointer)
4fe8a9	Cloth__SetCharacterClothMode	0	high: registered under this name in FUN_0050f877 (name string pushed immediately before the member-function pointer)
4fe8bb	Cloth__SetPhysicsBlendFactor	0	high: registered under this name in FUN_0050f877 (name string pushed immediately before the member-function pointer)
4fe912	Cloth__SetIlluminationMapTop	0	high: registered under this name in FUN_0050f877 (name string pushed immediately before the member-function pointer)
4fe91f	Cloth__SetIlluminationMapBottom	0	high: registered under this name in FUN_0050f877 (name string pushed immediately before the member-function pointer)
4fe92c	GFXEffect__SetReflectionFarClipPlane	0	high: registered under this name in FUN_004c0af2 (name string pushed immediately before the member-function pointer)
4fe939	Annotator__SetTextScale	0	medium: registered under this name in FUN_004ad2d1 (name string pushed immediately before the member-function pointer); COMDAT-folded, also: Cloth::SetCollisionMapBottom, PropertySequenceNode::SetSpeedFactor
4fe982	ErrorStream__vfunc_00	0	medium: RTTI: slot 0 of vtable 0xa239cc (ErrorStream); class membership read from RTTI, method meaning not established
4fead6	ErrorStream__vfunc_01	0	medium: RTTI: slot 1 of vtable 0xa239cc (ErrorStream); class membership read from RTTI, method meaning not established
500110	StringType__vfunc_02	0	medium: RTTI: slot 2 of vtable 0xa24c1c (StringType); class membership read from RTTI, method meaning not established
500140	StringType__vfunc_04	0	medium: RTTI: slot 4 of vtable 0xa24c1c (StringType); class membership read from RTTI, method meaning not established
5001ba	ListType__vfunc_19	0	medium: RTTI: slot 19 of vtable 0xa24c94 (ListType); class membership read from RTTI, method meaning not established
5001ef	ListType__vfunc_00	0	medium: RTTI: slot 0 of vtable 0xa24c94 (ListType); class membership read from RTTI, method meaning not established
500211	ListType__vfunc_12	0	medium: RTTI: slot 12 of vtable 0xa24c94 (ListType); class membership read from RTTI, method meaning not established
50030f	ListType_NewList	0	medium: __FILE__ kernel/database/listtype.cpp, allocates 0xc
500360	NetParticipantType__vfunc_03	0	medium: RTTI: slot 3 of vtable 0xa24d4c (NetParticipantType); class membership read from RTTI, method meaning not established
50036a	NetParticipantType__vfunc_09	0	medium: RTTI: slot 9 of vtable 0xa24d4c (NetParticipantType); class membership read from RTTI, method meaning not established
500375	NetParticipantType__vfunc_22	0	medium: RTTI: slot 22 of vtable 0xa24d4c (NetParticipantType); class membership read from RTTI, method meaning not established
500380	NetParticipantType__vfunc_19	0	medium: RTTI: slot 19 of vtable 0xa24d4c (NetParticipantType); class membership read from RTTI, method meaning not established
5003f0	NetParticipantType__vfunc_10	0	medium: RTTI: slot 10 of vtable 0xa24d4c (NetParticipantType); class membership read from RTTI, method meaning not established
500421	Entity__ForceReplicatePropertyMSG	0	high: registered under this name in FUN_00511603 (name string pushed immediately before the member-function pointer)
500539	EntityType__vfunc_09	0	medium: RTTI: slot 9 of vtable 0xa24dcc (EntityType), inherited by 2 other vtables; class membership read from RTTI, method meaning not established
500882	EntityType__vfunc_08	0	medium: RTTI: slot 8 of vtable 0xa24dcc (EntityType), inherited by 2 other vtables; class membership read from RTTI, method meaning not established
500a13	EntityType__vfunc_11	0	medium: RTTI: slot 11 of vtable 0xa24dcc (EntityType), inherited by 2 other vtables; class membership read from RTTI, method meaning not established
500b81	EntityType__vfunc_14	0	medium: RTTI: slot 14 of vtable 0xa24dcc (EntityType), inherited by 2 other vtables; class membership read from RTTI, method meaning not established
5016d8	Entity__vfunc_07	0	medium: RTTI: slot 7 of vtable 0xa26428 (Entity), inherited by 142 other vtables; class membership read from RTTI, method meaning not established
501894	DictType__vfunc_03	0	medium: RTTI: slot 3 of vtable 0xa25214 (DictType); class membership read from RTTI, method meaning not established
5018c7	DictType__vfunc_02	0	medium: RTTI: slot 2 of vtable 0xa25214 (DictType); class membership read from RTTI, method meaning not established
501950	DictType__vfunc_10	0	medium: RTTI: slot 10 of vtable 0xa25214 (DictType); class membership read from RTTI, method meaning not established
501abf	DictType__vfunc_08	0	medium: RTTI: slot 8 of vtable 0xa25214 (DictType); class membership read from RTTI, method meaning not established
501c28	DictType__vfunc_13	0	medium: RTTI: slot 13 of vtable 0xa25214 (DictType); class membership read from RTTI, method meaning not established
501cab	DictType__vfunc_15	0	medium: RTTI: slot 15 of vtable 0xa25214 (DictType); class membership read from RTTI, method meaning not established
501d1b	DictType__vfunc_12	0	medium: RTTI: slot 12 of vtable 0xa25214 (DictType); class membership read from RTTI, method meaning not established
501ee5	DictType__vfunc_22	0	medium: RTTI: slot 22 of vtable 0xa25214 (DictType); class membership read from RTTI, method meaning not established
501f4e	DataType__vfunc_00	0	medium: RTTI: slot 0 of vtable 0xa23bb4 (DataType), inherited by 11 other vtables; class membership read from RTTI, method meaning not established
502bfe	Physics__CharacterController__vfunc_28	0	medium: RTTI: slot 28 of vtable 0xa2369c (Physics::CharacterController); class membership read from RTTI, method meaning not established
502dd8	Physics__RigidBody__vfunc_11	0	medium: RTTI: slot 11 of vtable 0xa246a4 (Physics::RigidBody); class membership read from RTTI, method meaning not established
502e6b	Physics__Cloth__vfunc_21	0	medium: RTTI: slot 21 of vtable 0xa25884 (Physics::Cloth); class membership read from RTTI, method meaning not established
502eb5	Physics__Cloth__vfunc_07	0	medium: RTTI: slot 7 of vtable 0xa25884 (Physics::Cloth); class membership read from RTTI, method meaning not established
50343c	SceneQueryReport__vfunc_04	0	medium: RTTI: slot 4 of vtable 0xa24a68 (SceneQueryReport); class membership read from RTTI, method meaning not established
504be7	ListType__vfunc_14	0	medium: RTTI: slot 14 of vtable 0xa24c94 (ListType); class membership read from RTTI, method meaning not established
504c89	ListType__vfunc_16	0	medium: RTTI: slot 16 of vtable 0xa24c94 (ListType); class membership read from RTTI, method meaning not established
504d1f	ListType__vfunc_18	0	medium: RTTI: slot 18 of vtable 0xa24c94 (ListType); class membership read from RTTI, method meaning not established
504e0d	ListType__vfunc_24	0	medium: RTTI: slot 24 of vtable 0xa24c94 (ListType); class membership read from RTTI, method meaning not established
5052c9	Enum_RegisterValue	0	high: README/enums.md: (family,name,value)
5053c7	EntityType__vfunc_00	0	medium: RTTI: slot 0 of vtable 0xa24dcc (EntityType); class membership read from RTTI, method meaning not established
505778	EntityType__vfunc_10	0	medium: RTTI: slot 10 of vtable 0xa24dcc (EntityType), inherited by 2 other vtables; class membership read from RTTI, method meaning not established
505a43	EntityType__vfunc_13	0	medium: RTTI: slot 13 of vtable 0xa24dcc (EntityType), inherited by 2 other vtables; class membership read from RTTI, method meaning not established
505d84	EntityType__vfunc_18	0	medium: RTTI: slot 18 of vtable 0xa24dcc (EntityType), inherited by 2 other vtables; class membership read from RTTI, method meaning not established
505f52	Entity__SetScript	0	high: registered under this name in FUN_00511603 (name string pushed immediately before the member-function pointer)
506866	PhysicsTaskJobContainer__vfunc_01	0	medium: RTTI: slot 1 of vtable 0xa25874 (PhysicsTaskJobContainer); class membership read from RTTI, method meaning not established
5068c1	JobContainer__vfunc_00	0	medium: RTTI: slot 0 of vtable 0x9eace4 (JobContainer), inherited by 1 other vtables; class membership read from RTTI, method meaning not established
506967	Physics__CustomScheduler__vfunc_00	0	medium: RTTI: slot 0 of vtable 0xa25860 (Physics::CustomScheduler); class membership read from RTTI, method meaning not established
5069a9	Physics__CustomScheduler__vfunc_01	0	medium: RTTI: slot 1 of vtable 0xa25860 (Physics::CustomScheduler); class membership read from RTTI, method meaning not established
5069eb	Physics__CustomScheduler__vfunc_03	0	medium: RTTI: slot 3 of vtable 0xa25860 (Physics::CustomScheduler); class membership read from RTTI, method meaning not established
506a07	CharacterController__MoveMSG	0	high: registered under this name in FUN_0050ef4f (name string pushed immediately before the member-function pointer)
506a51	CharacterController__MoveWithoutCharacterControllerMaskMSG	0	high: registered under this name in FUN_0050ef4f (name string pushed immediately before the member-function pointer)
506a9a	CharacterController__SetOrientAndMoveMSG	0	high: registered under this name in FUN_0050ef4f (name string pushed immediately before the member-function pointer)
506b08	CharacterController__SetOrientAndMoveWithoutCharacterControllerMaskMSG	0	high: registered under this name in FUN_0050ef4f (name string pushed immediately before the member-function pointer)
506b75	Physics__RigidBody__vfunc_18	0	medium: RTTI: slot 18 of vtable 0xa246a4 (Physics::RigidBody); class membership read from RTTI, method meaning not established
5073d1	Physics__RigidBody__vfunc_14	0	medium: RTTI: slot 14 of vtable 0xa246a4 (Physics::RigidBody), inherited by 1 other vtables; class membership read from RTTI, method meaning not established
5073eb	Physics__RigidBody__vfunc_15	0	medium: RTTI: slot 15 of vtable 0xa246a4 (Physics::RigidBody), inherited by 1 other vtables; class membership read from RTTI, method meaning not established
507623	Physics__RigidBody__vfunc_13	0	medium: RTTI: slot 13 of vtable 0xa246a4 (Physics::RigidBody), inherited by 1 other vtables; class membership read from RTTI, method meaning not established
507825	Physics__RigidBody__vfunc_16	0	medium: RTTI: slot 16 of vtable 0xa246a4 (Physics::RigidBody), inherited by 1 other vtables; class membership read from RTTI, method meaning not established
508662	Physics__Cloth__vfunc_28	0	medium: RTTI: slot 28 of vtable 0xa25884 (Physics::Cloth); class membership read from RTTI, method meaning not established
508684	Cloth__SetUseGravity	0	high: registered under this name in FUN_0050f877 (name string pushed immediately before the member-function pointer)
5086e8	Cloth__SetDampingCoefficient	0	high: registered under this name in FUN_0050f877 (name string pushed immediately before the member-function pointer)
508738	Cloth__SetThickness	0	high: registered under this name in FUN_0050f877 (name string pushed immediately before the member-function pointer)
5087ec	Cloth__SetCollisionResponseCoefficient	0	high: registered under this name in FUN_0050f877 (name string pushed immediately before the member-function pointer)
50883f	Cloth__SetIsPressurized	0	high: registered under this name in FUN_0050f877 (name string pushed immediately before the member-function pointer)
5088c5	Cloth__SetPressure	0	high: registered under this name in FUN_0050f877 (name string pushed immediately before the member-function pointer)
508915	Cloth__SetSolverIterations	0	high: registered under this name in FUN_0050f877 (name string pushed immediately before the member-function pointer)
508956	Cloth__SetDampingType	0	high: registered under this name in FUN_0050f877 (name string pushed immediately before the member-function pointer)
5089c0	Cloth__SetBendConstraintType	0	high: registered under this name in FUN_0050f877 (name string pushed immediately before the member-function pointer)
508a78	Cloth__SetStretchingStiffness	0	high: registered under this name in FUN_0050f877 (name string pushed immediately before the member-function pointer)
508ac8	Cloth__SetUseMinAdhereVelocity	0	high: registered under this name in FUN_0050f877 (name string pushed immediately before the member-function pointer)
508b28	Cloth__SetMinAdhereVelocity	0	high: registered under this name in FUN_0050f877 (name string pushed immediately before the member-function pointer)
508f0f	Physics__Cloth__vfunc_20	0	medium: RTTI: slot 20 of vtable 0xa25884 (Physics::Cloth); class membership read from RTTI, method meaning not established
508f53	Physics__Cloth__vfunc_23	0	medium: RTTI: slot 23 of vtable 0xa25884 (Physics::Cloth); class membership read from RTTI, method meaning not established
508f8c	Physics__Cloth__vfunc_24	0	medium: RTTI: slot 24 of vtable 0xa25884 (Physics::Cloth); class membership read from RTTI, method meaning not established
508fbe	Cloth__GetPositionsMSG	0	high: registered under this name in FUN_0050f877 (name string pushed immediately before the member-function pointer)
50900c	Cloth__SetPositionsMSG	0	high: registered under this name in FUN_0050f877 (name string pushed immediately before the member-function pointer)
5090b0	Cloth__GetVelocitiesMSG	0	high: registered under this name in FUN_0050f877 (name string pushed immediately before the member-function pointer)
509106	Cloth__SetVelocitiesMSG	0	high: registered under this name in FUN_0050f877 (name string pushed immediately before the member-function pointer)
509189	Cloth__CastRayClothMSG	0	high: registered under this name in FUN_0050f877 (name string pushed immediately before the member-function pointer)
5092ee	Cloth__AttachVertexToPositionMSG	0	high: registered under this name in FUN_0050f877 (name string pushed immediately before the member-function pointer)
509350	Cloth__AttachVertexToRigidBodyMSG	0	high: registered under this name in FUN_0050f877 (name string pushed immediately before the member-function pointer)
509392	Cloth__AttachToRigidBodyMSG	0	high: registered under this name in FUN_0050f877 (name string pushed immediately before the member-function pointer)
509405	Cloth__AttachToCollidingShapesMSG	0	high: registered under this name in FUN_0050f877 (name string pushed immediately before the member-function pointer)
50943b	Cloth__DetachFromRigidBodyMSG	0	high: registered under this name in FUN_0050f877 (name string pushed immediately before the member-function pointer)
50949d	Cloth__FreeVertexMSG	0	high: registered under this name in FUN_0050f877 (name string pushed immediately before the member-function pointer)
5094c8	Cloth__GetPaintedWeightsMSG	0	high: registered under this name in FUN_0050f877 (name string pushed immediately before the member-function pointer)
509518	Cloth__GetHullIndicesMSG	0	high: registered under this name in FUN_0050f877 (name string pushed immediately before the member-function pointer)
509576	Cloth__GetSkinnedPositionsMSG	0	high: registered under this name in FUN_0050f877 (name string pushed immediately before the member-function pointer)
509c7b	ScriptSweepReport__vfunc_00	0	medium: RTTI: slot 0 of vtable 0xa2376c (ScriptSweepReport); class membership read from RTTI, method meaning not established
50a0ee	PhysXScriptRaycastReport__vfunc_00	0	medium: RTTI: slot 0 of vtable 0xa239ec (PhysXScriptRaycastReport); class membership read from RTTI, method meaning not established
50a202	PhysXRaycastReport__vfunc_00	0	medium: RTTI: slot 0 of vtable 0xa237cc (PhysXRaycastReport); class membership read from RTTI, method meaning not established
50aa79	ActorOverlapReport__vfunc_02	0	medium: RTTI: slot 2 of vtable 0xa239f8 (ActorOverlapReport); class membership read from RTTI, method meaning not established
50aabd	SceneQueryReport__vfunc_03	0	medium: RTTI: slot 3 of vtable 0xa24a68 (SceneQueryReport); class membership read from RTTI, method meaning not established
50ad73	H________H__H_00V__VecIndirectPtr__V__vec____OverlapReport__vfunc_00	0	medium: RTTI: slot 0 of vtable 0xa237d8 (H::::::::H::H$00V?$VecIndirectPtr::V?$vec::?$OverlapReport); class membership read from RTTI, method meaning not established
50b044	ListType__vfunc_09	0	medium: RTTI: slot 9 of vtable 0xa24c94 (ListType); class membership read from RTTI, method meaning not established
50b0cd	ListType__vfunc_05	0	medium: RTTI: slot 5 of vtable 0xa24c94 (ListType); class membership read from RTTI, method meaning not established
50b17b	ListType_DestroyList	0	medium: read: destroys elements via type vtbl+0x10, frees
50b665	Entity__GetDisplayNameMSG	0	high: registered under this name in FUN_00511603 (name string pushed immediately before the member-function pointer)
50b71a	Entity__GetPropertyReplicationMSG	0	high: registered under this name in FUN_00511603 (name string pushed immediately before the member-function pointer)
50babf	Physics__CustomScheduler__vfunc_02	0	medium: RTTI: slot 2 of vtable 0xa25860 (Physics::CustomScheduler); class membership read from RTTI, method meaning not established
50bb4e	ControllerCallback__vfunc_00	0	medium: RTTI: slot 0 of vtable 0xa2386c (ControllerCallback); class membership read from RTTI, method meaning not established
50bd0f	Physics__RigidBody__vfunc_28	0	medium: RTTI: slot 28 of vtable 0xa246a4 (Physics::RigidBody), inherited by 1 other vtables; class membership read from RTTI, method meaning not established
50c005	Cloth__ApplyForceAtVertexMSG	0	high: registered under this name in FUN_0050f877 (name string pushed immediately before the member-function pointer)
50c02f	Cloth__ApplyImpulseAtVertexMSG	0	high: registered under this name in FUN_0050f877 (name string pushed immediately before the member-function pointer)
50c059	Cloth__ApplyRadialForceAtPosMSG	0	high: registered under this name in FUN_0050f877 (name string pushed immediately before the member-function pointer)
50c08f	Cloth__ApplyRadialImpulseAtPosMSG	0	high: registered under this name in FUN_0050f877 (name string pushed immediately before the member-function pointer)
50c0c5	Cloth__SetExternalAccelerationMSG	0	high: registered under this name in FUN_0050f877 (name string pushed immediately before the member-function pointer)
50c0ec	Cloth__GetExternalAccelerationMSG	0	high: registered under this name in FUN_0050f877 (name string pushed immediately before the member-function pointer)
50c112	Cloth__ApplyForceAtPosMSG	0	high: registered under this name in FUN_0050f877 (name string pushed immediately before the member-function pointer)
50c156	Cloth__ApplyImpulseAtPosMSG	0	high: registered under this name in FUN_0050f877 (name string pushed immediately before the member-function pointer)
50c19a	Cloth__SetWindAccelerationMSG	0	high: registered under this name in FUN_0050f877 (name string pushed immediately before the member-function pointer)
50c1c1	Cloth__GetWindAccelerationMSG	0	high: registered under this name in FUN_0050f877 (name string pushed immediately before the member-function pointer)
50c1e7	Physics__Cloth__vfunc_11	0	medium: RTTI: slot 11 of vtable 0xa25884 (Physics::Cloth); class membership read from RTTI, method meaning not established
50c721	Entity__CreatePropertyInstanceMSG	0	high: registered under this name in FUN_00511603 (name string pushed immediately before the member-function pointer)
50c95f	Physics__Cloth__vfunc_18	0	medium: RTTI: slot 18 of vtable 0xa25884 (Physics::Cloth); class membership read from RTTI, method meaning not established
50cfaa	ContactReport__vfunc_00	0	medium: RTTI: slot 0 of vtable 0xa23950 (ContactReport); class membership read from RTTI, method meaning not established
50dc0d	Entity__vfunc_06	0	medium: RTTI: slot 6 of vtable 0xa26428 (Entity), inherited by 56 other vtables; class membership read from RTTI, method meaning not established
50e11a	DictType__vfunc_04	0	medium: RTTI: slot 4 of vtable 0xa25214 (DictType); class membership read from RTTI, method meaning not established
50e15b	DictType__vfunc_09	0	medium: RTTI: slot 9 of vtable 0xa25214 (DictType); class membership read from RTTI, method meaning not established
50e240	DictType__vfunc_14	0	medium: RTTI: slot 14 of vtable 0xa25214 (DictType); class membership read from RTTI, method meaning not established
50e310	DictType__vfunc_16	0	medium: RTTI: slot 16 of vtable 0xa25214 (DictType); class membership read from RTTI, method meaning not established
50e3c9	DictType__vfunc_05	0	medium: RTTI: slot 5 of vtable 0xa25214 (DictType); class membership read from RTTI, method meaning not established
50e464	DictType__vfunc_24	0	medium: RTTI: slot 24 of vtable 0xa25214 (DictType); class membership read from RTTI, method meaning not established
50e7a4	Physics__PhysicsSystem__vfunc_00	0	medium: RTTI: slot 0 of vtable 0xa26420 (Physics::PhysicsSystem); class membership read from RTTI, method meaning not established
50ead5	Entity__AddPropertyReplicationMSG	0	high: registered under this name in FUN_00511603 (name string pushed immediately before the member-function pointer)
50eaf6	Entity__RemovePropertyReplicationMSG	0	high: registered under this name in FUN_00511603 (name string pushed immediately before the member-function pointer)
50eb0f	Entity__ClearPropertyReplicationMSG	0	high: registered under this name in FUN_00511603 (name string pushed immediately before the member-function pointer)
50eb25	Entity__ClearAllPropertyReplicationMSG	0	high: registered under this name in FUN_00511603 (name string pushed immediately before the member-function pointer)
50eb2d	Entity__AddPropertyReplicationListMSG	0	high: registered under this name in FUN_00511603 (name string pushed immediately before the member-function pointer)
50eb82	Entity__RemovePropertyReplicationListMSG	0	high: registered under this name in FUN_00511603 (name string pushed immediately before the member-function pointer)
50ee96	Entity__vfunc_11	0	medium: RTTI: slot 11 of vtable 0xa26428 (Entity), inherited by 1 other vtables; class membership read from RTTI, method meaning not established
50ef4f	CharacterController__RegisterMembers	0	high: pushes 12 "CharacterController::..." member-name strings paired with member-function pointers
50f263	RigidBody__RegisterMembers	0	high: pushes 29 "RigidBody::..." member-name strings paired with member-function pointers
50f877	Cloth__RegisterMembers	0	high: pushes 74 "Cloth::..." member-name strings paired with member-function pointers
511445	Entity__CloneSelfMSG	0	high: registered under this name in FUN_00511603 (name string pushed immediately before the member-function pointer)
511603	Entity__RegisterMembers	0	high: pushes 38 "Entity::..." member-name strings paired with member-function pointers
512202	NxPlaneShapeDesc__vfunc_01	0	medium: RTTI: slot 1 of vtable 0xa298fc (NxPlaneShapeDesc); class membership read from RTTI, method meaning not established
512280	NxTireFunctionDesc__vfunc_00	0	medium: RTTI: slot 0 of vtable 0xa294f4 (NxTireFunctionDesc); class membership read from RTTI, method meaning not established
51229d	NxTireFunctionDesc__vfunc_01	0	medium: RTTI: slot 1 of vtable 0xa294f4 (NxTireFunctionDesc); class membership read from RTTI, method meaning not established
5122c7	NxTireFunctionDesc__vfunc_02	0	medium: RTTI: slot 2 of vtable 0xa294f4 (NxTireFunctionDesc); class membership read from RTTI, method meaning not established
512312	NxWheelShapeDesc__vfunc_03	0	medium: RTTI: slot 3 of vtable 0xa2990c (NxWheelShapeDesc); class membership read from RTTI, method meaning not established
512416	Physics__Actor__vfunc_06	0	medium: RTTI: slot 6 of vtable 0xa2950c (Physics::Actor), inherited by 5 other vtables; class membership read from RTTI, method meaning not established
51252c	NxJointDesc__vfunc_01	0	medium: RTTI: slot 1 of vtable 0xa29604 (NxJointDesc); class membership read from RTTI, method meaning not established
51258b	NxJointDesc__vfunc_02	0	medium: RTTI: slot 2 of vtable 0xa29604 (NxJointDesc); class membership read from RTTI, method meaning not established
5126f2	NxD6JointDesc__vfunc_01	0	medium: RTTI: slot 1 of vtable 0xa299ac (NxD6JointDesc); class membership read from RTTI, method meaning not established
5127d9	NxStream__vfunc_00	0	medium: RTTI: slot 0 of vtable 0xa29618 (NxStream), inherited by 1 other vtables; class membership read from RTTI, method meaning not established
51280e	LensFlareManager__GetOcclusionFactor	0	medium: registered under this name in FUN_00496c76 (name string pushed immediately before the member-function pointer); COMDAT-folded, also: SceneNode::GetWindSize
512834	MemoryWriteBuffer__vfunc_07	0	medium: RTTI: slot 7 of vtable 0xa29658 (MemoryWriteBuffer); class membership read from RTTI, method meaning not established
51284b	MemoryWriteBuffer__vfunc_08	0	medium: RTTI: slot 8 of vtable 0xa29658 (MemoryWriteBuffer); class membership read from RTTI, method meaning not established
512862	MemoryWriteBuffer__vfunc_09	0	medium: RTTI: slot 9 of vtable 0xa29658 (MemoryWriteBuffer), inherited by 1 other vtables; class membership read from RTTI, method meaning not established
512879	MemoryWriteBuffer__vfunc_11	0	medium: RTTI: slot 11 of vtable 0xa29658 (MemoryWriteBuffer); class membership read from RTTI, method meaning not established
512890	MemoryWriteBuffer__vfunc_12	0	medium: RTTI: slot 12 of vtable 0xa29658 (MemoryWriteBuffer); class membership read from RTTI, method meaning not established
512920	MemoryReadBuffer__vfunc_01	0	medium: RTTI: slot 1 of vtable 0xa29690 (MemoryReadBuffer); class membership read from RTTI, method meaning not established
51292a	MemoryReadBuffer__vfunc_02	0	medium: RTTI: slot 2 of vtable 0xa29690 (MemoryReadBuffer); class membership read from RTTI, method meaning not established
512937	MemoryReadBuffer__vfunc_03	0	medium: RTTI: slot 3 of vtable 0xa29690 (MemoryReadBuffer); class membership read from RTTI, method meaning not established
512943	MemoryReadBuffer__vfunc_04	0	medium: RTTI: slot 4 of vtable 0xa29690 (MemoryReadBuffer); class membership read from RTTI, method meaning not established
51295a	MemoryReadBuffer__vfunc_05	0	medium: RTTI: slot 5 of vtable 0xa29690 (MemoryReadBuffer); class membership read from RTTI, method meaning not established
512978	MemoryReadBuffer__vfunc_06	0	medium: RTTI: slot 6 of vtable 0xa29690 (MemoryReadBuffer); class membership read from RTTI, method meaning not established
512aa3	IlluminationAffector__GetBloomSequenceString	0	medium: registered under this name in FUN_004e671c (name string pushed immediately before the member-function pointer); COMDAT-folded, also: Joint::GetChildUserID, RenderOptions::GetShaderQuality, RigidBody::GetNumSolverIterations
512aaa	Joint__SetEnabledMSG	0	high: registered under this name in FUN_0051f882 (name string pushed immediately before the member-function pointer)
512ba2	PhysicsWorld__BeginClothSimulationMSG	0	high: registered under this name in FUN_0051c5b1 (name string pushed immediately before the member-function pointer)
512bb8	PhysicsWorld__WaitForClothSimulationMSG	0	high: registered under this name in FUN_0051c5b1 (name string pushed immediately before the member-function pointer)
512c72	PhysicsWorld__CreateBatchQueryMSG	0	high: registered under this name in FUN_0051c5b1 (name string pushed immediately before the member-function pointer)
512c86	PhysicsWorld__ExecuteBatchQueryMSG	0	high: registered under this name in FUN_0051c5b1 (name string pushed immediately before the member-function pointer)
512c9a	ArticulatedBody__GetActorsAsProperty	0	medium: registered under this name in FUN_00520f63 (name string pushed immediately before the member-function pointer); COMDAT-folded, also: ParticleType::GetTypeAffectorsAsProperty
512eb3	Actor__SetCollisionGroup	0	high: registered under this name in FUN_00518a9a (name string pushed immediately before the member-function pointer)
512eb8	Actor__GetCollisionGroup	0	high: registered under this name in FUN_00518a9a (name string pushed immediately before the member-function pointer)
512ebd	NxPlaneShapeDesc__vfunc_02	0	medium: RTTI: slot 2 of vtable 0xa298fc (NxPlaneShapeDesc); class membership read from RTTI, method meaning not established
5130cc	NxWheelShapeDesc__vfunc_00	0	medium: RTTI: slot 0 of vtable 0xa2990c (NxWheelShapeDesc); class membership read from RTTI, method meaning not established
5130fa	NxWheelShapeDesc__vfunc_02	0	medium: RTTI: slot 2 of vtable 0xa2990c (NxWheelShapeDesc); class membership read from RTTI, method meaning not established
5133e0	Asset__GetFileNameAssetPathAsChar	0	medium: registered under this name in FUN_0054fde5 (name string pushed immediately before the member-function pointer); COMDAT-folded, also: BurstSpawner::GetMinBurstAmount, EventGeneratorAffector::GetEventChannel, UVArrayInitializer::GetNumX
5133e4	Actor__ConvertToWorldSpaceMSG	0	high: registered under this name in FUN_00518a9a (name string pushed immediately before the member-function pointer)
51346e	Actor__ConvertFromWorldSpaceMSG	0	high: registered under this name in FUN_00518a9a (name string pushed immediately before the member-function pointer)
5134ff	Actor__ConvertDirectionToWorldSpaceMSG	0	high: registered under this name in FUN_00518a9a (name string pushed immediately before the member-function pointer)
513602	CollisionVolumeNode__GetAutoUpdate	0	high: registered under this name in FUN_0051f087 (name string pushed immediately before the member-function pointer)
51367e	Physics__Actor__vfunc_11	0	medium: RTTI: slot 11 of vtable 0xa2950c (Physics::Actor), inherited by 1 other vtables; class membership read from RTTI, method meaning not established
51388d	Actor__SetWorldPosAndOrientMSG	0	high: registered under this name in FUN_00518a9a (name string pushed immediately before the member-function pointer)
5139e1	Physics__NoCollision__vfunc_12	0	medium: RTTI: slot 12 of vtable 0xa29924 (Physics::NoCollision); class membership read from RTTI, method meaning not established
5139eb	NxJointDesc__vfunc_00	0	medium: RTTI: slot 0 of vtable 0xa29604 (NxJointDesc), inherited by 1 other vtables; class membership read from RTTI, method meaning not established
513a08	NxD6JointDesc__vfunc_02	0	medium: RTTI: slot 2 of vtable 0xa299ac (NxD6JointDesc); class membership read from RTTI, method meaning not established
513c9f	MemoryWriteBuffer__vfunc_00	0	medium: RTTI: slot 0 of vtable 0xa29658 (MemoryWriteBuffer); class membership read from RTTI, method meaning not established
513d86	Joint__GetEnableJointMotors	0	high: registered under this name in FUN_0051f882 (name string pushed immediately before the member-function pointer)
513d8a	Joint__GetIsBreakable	0	high: registered under this name in FUN_0051f882 (name string pushed immediately before the member-function pointer)
514581	AIWorldNode__GetDistEdgeMax	0	medium: registered under this name in FUN_00484ffb (name string pushed immediately before the member-function pointer); COMDAT-folded, also: D6Joint::GetLinearLimitRestitution, GFXEffect::GetGlobalReflectionLodFactor, GrassAsset::GetAmbientOccHeight; also used as AIBrainNode::GetFlatDataModeSearchRadius (read at 0x48af9e: the brain node's pathSearchRadius)
514588	GrassAsset__GetRange	0	high: registered under this name in FUN_005339ed (name string pushed immediately before the member-function pointer)
51458f	D6Joint__GetSwing1LimitDamping	0	medium: registered under this name in FUN_0051ff66 (name string pushed immediately before the member-function pointer); COMDAT-folded, also: ParticleType::GetAlphaFalloffStart, TextureSheet::GetRefractionBumpPower
514596	D6Joint__GetSwing2LimitSpring	0	high: registered under this name in FUN_0051ff66 (name string pushed immediately before the member-function pointer)
51459d	D6Joint__GetSwing2LimitDamping	0	medium: registered under this name in FUN_004c0af2 (name string pushed immediately before the member-function pointer); COMDAT-folded, also: GFXEffect::GetViscosity
5145a4	D6Joint__GetHighTwistLimitDamping	0	medium: registered under this name in FUN_0051ff66 (name string pushed immediately before the member-function pointer); COMDAT-folded, also: TextureSheet::GetFallOffPower
5145ab	D6Joint__GetSwing2MotionType	0	medium: registered under this name in FUN_0051ff66 (name string pushed immediately before the member-function pointer); COMDAT-folded, also: ModelRes::GetShadowMeshTypeAsInt
5145b2	D6Joint__GetTwistMotionType	0	medium: registered under this name in FUN_0051ff66 (name string pushed immediately before the member-function pointer); COMDAT-folded, also: TerrainColoringAsset::GetNumberBlurPasses
5145b9	D6Joint__GetXMotionType	0	high: registered under this name in FUN_0051ff66 (name string pushed immediately before the member-function pointer)
5145c0	D6Joint__GetYMotionType	0	medium: registered under this name in FUN_0051ff66 (name string pushed immediately before the member-function pointer); COMDAT-folded, also: TextureSheet::GetDepthFadeGradient
5145c7	D6Joint__GetZMotionType	0	high: registered under this name in FUN_0051ff66 (name string pushed immediately before the member-function pointer)
5145ce	D6Joint__GetMovementMotorType	0	high: registered under this name in FUN_0051ff66 (name string pushed immediately before the member-function pointer)
5145d5	D6Joint__GetMovementMotorTargetVelocity	0	high: registered under this name in FUN_0051ff66 (name string pushed immediately before the member-function pointer)
5145ec	D6Joint__GetZMotorPower	0	medium: registered under this name in FUN_004c6858 (name string pushed immediately before the member-function pointer); COMDAT-folded, also: MockupBox::GetWidth, Track::GetFrameRate
5145fa	D6Joint__GetOrientMotorTargetOrient	0	high: registered under this name in FUN_0051ff66 (name string pushed immediately before the member-function pointer)
5146ec	Physics__D6Joint__vfunc_12	0	medium: RTTI: slot 12 of vtable 0xa2c630 (Physics::D6Joint); class membership read from RTTI, method meaning not established
514dc0	PhysicsWorld__vfunc_11	0	medium: RTTI: slot 11 of vtable 0xa296cc (PhysicsWorld); class membership read from RTTI, method meaning not established
514ddc	PhysicsWorld__SetActorPairCollisionFlagMSG	0	high: registered under this name in FUN_0051c5b1 (name string pushed immediately before the member-function pointer)
514e19	PhysicsWorld__GetActorPairCollisionFlagMSG	0	high: registered under this name in FUN_0051c5b1 (name string pushed immediately before the member-function pointer)
514e59	AnimBlendSource__GetAnimSlot	0	medium: registered under this name in FUN_004d3514 (name string pushed immediately before the member-function pointer); COMDAT-folded, also: ColorRangeInitializer::GetColorString, ColorSequenceAffector::GetColorString, GamepadNode::GetProductName
514e5d	ParticleType__GetSimulationMode	0	medium: registered under this name in FUN_004d445a (name string pushed immediately before the member-function pointer); COMDAT-folded, also: SizeSequenceAffector::GetSizeString, X360EmulationNode::GetDevice
514e61	PhysicsWorld__CastRayMSG	0	high: registered under this name in FUN_0051c5b1 (name string pushed immediately before the member-function pointer)
514ebc	PhysicsWorld__CastCapsule_AllHitsNotSortedBatchedMSG	0	high: registered under this name in FUN_0051c5b1 (name string pushed immediately before the member-function pointer)
514f35	ArticulatedBody__GetOwner	0	high: registered under this name in FUN_00520f63 (name string pushed immediately before the member-function pointer)
514f42	CollisionVolumeNode__vfunc_11	0	medium: RTTI: slot 11 of vtable 0xa2974c (CollisionVolumeNode); class membership read from RTTI, method meaning not established
514f5e	CollisionVolumeNode__vfunc_29	0	medium: RTTI: slot 29 of vtable 0xa2974c (CollisionVolumeNode), inherited by 5 other vtables; class membership read from RTTI, method meaning not established
5153c1	Physics__Trigger__vfunc_29	0	medium: RTTI: slot 29 of vtable 0xa29a6c (Physics::Trigger); class membership read from RTTI, method meaning not established
51544f	Actor__SetEnabled	0	high: registered under this name in FUN_00518a9a (name string pushed immediately before the member-function pointer)
51546c	EventSpawner__SetEventChannel	0	high: registered under this name in FUN_00557b50 (name string pushed immediately before the member-function pointer)
515ebf	Joint__SetParentSpaceOrient	0	high: registered under this name in FUN_0051f882 (name string pushed immediately before the member-function pointer)
515f70	Joint__SetChildSpacePos	0	high: registered under this name in FUN_0051f882 (name string pushed immediately before the member-function pointer)
515f82	Joint__SetChildSpaceOrient	0	high: registered under this name in FUN_0051f882 (name string pushed immediately before the member-function pointer)
5166a2	Joint__SetIsBreakable	0	high: registered under this name in FUN_0051f882 (name string pushed immediately before the member-function pointer)
5166c0	Joint__SetMaxTorque	0	high: registered under this name in FUN_0051f882 (name string pushed immediately before the member-function pointer)
5166f1	Joint__SetMaxForce	0	high: registered under this name in FUN_0051f882 (name string pushed immediately before the member-function pointer)
516722	Joint__SetCollisionEnabled	0	high: registered under this name in FUN_0051f882 (name string pushed immediately before the member-function pointer)
516731	Joint__SetEnableJointMotors	0	high: registered under this name in FUN_0051f882 (name string pushed immediately before the member-function pointer)
516740	Joint__SetJointProjectionDist	0	high: registered under this name in FUN_0051f882 (name string pushed immediately before the member-function pointer)
51674f	Joint__SetJointProjectionAngle	0	high: registered under this name in FUN_0051f882 (name string pushed immediately before the member-function pointer)
51675e	Physics__Joint__vfunc_07	0	medium: RTTI: slot 7 of vtable 0xa2c5f8 (Physics::Joint), inherited by 1 other vtables; class membership read from RTTI, method meaning not established
5167b1	D6Joint__SetMovementMotorType	0	high: registered under this name in FUN_0051ff66 (name string pushed immediately before the member-function pointer)
516836	D6Joint__SetMovementMotorTargetVelocity	0	high: registered under this name in FUN_0051ff66 (name string pushed immediately before the member-function pointer)
5168a3	D6Joint__SetXMotorPower	0	high: registered under this name in FUN_0051ff66 (name string pushed immediately before the member-function pointer)
516bd6	D6Joint__SetYMotorPower	0	high: registered under this name in FUN_0051ff66 (name string pushed immediately before the member-function pointer)
516f09	D6Joint__SetZMotorPower	0	high: registered under this name in FUN_0051ff66 (name string pushed immediately before the member-function pointer)
51723c	D6Joint__SetTwistMotorPower	0	high: registered under this name in FUN_0051ff66 (name string pushed immediately before the member-function pointer)
51755e	D6Joint__SetTwistMotorTargetSpeed	0	high: registered under this name in FUN_0051ff66 (name string pushed immediately before the member-function pointer)
5178bb	D6Joint__SetOrientMotorTargetOrient	0	high: registered under this name in FUN_0051ff66 (name string pushed immediately before the member-function pointer)
517928	D6Joint__SetMainJointType	0	high: registered under this name in FUN_0051ff66 (name string pushed immediately before the member-function pointer)
51794c	D6Joint__SetSwing2MotionType	0	high: registered under this name in FUN_0051ff66 (name string pushed immediately before the member-function pointer)
51795e	D6Joint__SetTwistMotionType	0	high: registered under this name in FUN_0051ff66 (name string pushed immediately before the member-function pointer)
517982	D6Joint__SetYMotionType	0	high: registered under this name in FUN_0051ff66 (name string pushed immediately before the member-function pointer)
517994	D6Joint__SetZMotionType	0	high: registered under this name in FUN_0051ff66 (name string pushed immediately before the member-function pointer)
517a8e	PhysicsWorld__SetMaxNumIntegrationSteps	0	high: registered under this name in FUN_0051c5b1 (name string pushed immediately before the member-function pointer)
517aa1	PhysicsWorld__SetIntegrationRateInHz	0	high: registered under this name in FUN_0051c5b1 (name string pushed immediately before the member-function pointer)
517ab4	PhysicsWorld__SetGravity	0	high: registered under this name in FUN_0051c5b1 (name string pushed immediately before the member-function pointer)
5186e7	CollisionVolumeNode__vfunc_37	0	medium: RTTI: slot 37 of vtable 0xa2974c (CollisionVolumeNode), inherited by 6 other vtables; class membership read from RTTI, method meaning not established
518751	CollisionVolumeNode__UpdateRIContainerMSG	0	high: registered under this name in FUN_0051f087 (name string pushed immediately before the member-function pointer)
518759	CollisionBoxNode__SetWidth	0	medium: registered under this name in FUN_0051f325 (name string pushed immediately before the member-function pointer); COMDAT-folded, also: CollisionSphereNode::SetRadius
51878d	CollisionBoxNode__SetHeight	0	high: registered under this name in FUN_0051f325 (name string pushed immediately before the member-function pointer)
5187c1	CollisionBoxNode__SetDepth	0	high: registered under this name in FUN_0051f325 (name string pushed immediately before the member-function pointer)
5187f5	CollisionCapsuleNode__vfunc_06	0	medium: RTTI: slot 6 of vtable 0xa2c4a4 (CollisionCapsuleNode); class membership read from RTTI, method meaning not established
51885e	CollisionCapsuleNode__SetWidth	0	high: registered under this name in FUN_0051f6a5 (name string pushed immediately before the member-function pointer)
5188f6	CollisionCapsuleNode__SetHeight	0	high: registered under this name in FUN_0051f6a5 (name string pushed immediately before the member-function pointer)
518987	Actor__SetEnabledMSG	0	high: registered under this name in FUN_00518a9a (name string pushed immediately before the member-function pointer)
518a35	Physics__Trigger__vfunc_11	0	medium: RTTI: slot 11 of vtable 0xa29a6c (Physics::Trigger); class membership read from RTTI, method meaning not established
518a9a	Actor__RegisterMembers	0	high: pushes 17 "Actor::..." member-name strings paired with member-function pointers
5193ba	D6Joint__SetTwistMotorType	0	high: registered under this name in FUN_0051ff66 (name string pushed immediately before the member-function pointer)
5193ef	D6Joint__SetLinearLimitValue	0	high: registered under this name in FUN_0051ff66 (name string pushed immediately before the member-function pointer)
519418	D6Joint__SetLinearLimitRestitution	0	high: registered under this name in FUN_0051ff66 (name string pushed immediately before the member-function pointer)
51942a	D6Joint__SetLinearLimitSpring	0	high: registered under this name in FUN_0051ff66 (name string pushed immediately before the member-function pointer)
519453	D6Joint__SetLinearLimitDamping	0	high: registered under this name in FUN_0051ff66 (name string pushed immediately before the member-function pointer)
51947c	D6Joint__SetSwing1LimitValue	0	high: registered under this name in FUN_0051ff66 (name string pushed immediately before the member-function pointer)
5194db	D6Joint__SetSwing1LimitRestitution	0	high: registered under this name in FUN_0051ff66 (name string pushed immediately before the member-function pointer)
519516	D6Joint__SetSwing1LimitDamping	0	high: registered under this name in FUN_0051ff66 (name string pushed immediately before the member-function pointer)
51953f	D6Joint__SetSwing2LimitValue	0	high: registered under this name in FUN_0051ff66 (name string pushed immediately before the member-function pointer)
51959e	D6Joint__SetSwing2LimitRestitution	0	high: registered under this name in FUN_0051ff66 (name string pushed immediately before the member-function pointer)
5195b0	D6Joint__SetSwing2LimitSpring	0	high: registered under this name in FUN_0051ff66 (name string pushed immediately before the member-function pointer)
5195d9	D6Joint__SetSwing2LimitDamping	0	high: registered under this name in FUN_0051ff66 (name string pushed immediately before the member-function pointer)
519602	D6Joint__SetLowTwistLimitValue	0	high: registered under this name in FUN_0051ff66 (name string pushed immediately before the member-function pointer)
519684	D6Joint__SetLowTwistLimitRestitution	0	high: registered under this name in FUN_0051ff66 (name string pushed immediately before the member-function pointer)
519696	D6Joint__SetLowTwistLimitSpring	0	high: registered under this name in FUN_0051ff66 (name string pushed immediately before the member-function pointer)
5196bf	D6Joint__SetLowTwistLimitDamping	0	high: registered under this name in FUN_0051ff66 (name string pushed immediately before the member-function pointer)
5196e8	D6Joint__SetHighTwistLimitValue	0	high: registered under this name in FUN_0051ff66 (name string pushed immediately before the member-function pointer)
51976a	D6Joint__SetHighTwistLimitRestitution	0	high: registered under this name in FUN_0051ff66 (name string pushed immediately before the member-function pointer)
51977c	D6Joint__SetHighTwistLimitSpring	0	high: registered under this name in FUN_0051ff66 (name string pushed immediately before the member-function pointer)
5197a5	D6Joint__SetHighTwistLimitDamping	0	high: registered under this name in FUN_0051ff66 (name string pushed immediately before the member-function pointer)
519bc6	PhysicsWorld__GetBatchQueryResultMSG	0	high: registered under this name in FUN_0051c5b1 (name string pushed immediately before the member-function pointer)
51ac25	ArticulatedBody__SetEnabledMSG	0	high: registered under this name in FUN_00520f63 (name string pushed immediately before the member-function pointer)
51ac3d	CollisionVolumeNode__SetAutoUpdate	0	high: registered under this name in FUN_0051f087 (name string pushed immediately before the member-function pointer)
51ac74	CollisionVolumeNode__UpdateRigidBodyMSG	0	high: registered under this name in FUN_0051f087 (name string pushed immediately before the member-function pointer)
51ac85	CollisionBoxNode__vfunc_43	0	medium: RTTI: slot 43 of vtable 0xa2c2a4 (CollisionBoxNode), inherited by 2 other vtables; class membership read from RTTI, method meaning not established
51acba	CollisionSphereNode__vfunc_43	0	medium: RTTI: slot 43 of vtable 0xa2c3a4 (CollisionSphereNode); class membership read from RTTI, method meaning not established
51accd	CollisionCapsuleNode__vfunc_43	0	medium: RTTI: slot 43 of vtable 0xa2c4a4 (CollisionCapsuleNode); class membership read from RTTI, method meaning not established
51acf4	Physics__Trigger__vfunc_18	0	medium: RTTI: slot 18 of vtable 0xa29a6c (Physics::Trigger); class membership read from RTTI, method meaning not established
51be80	PhysicsWorld__CastRay_ClosestHitSimpleFilterMSG	0	high: registered under this name in FUN_0051c5b1 (name string pushed immediately before the member-function pointer)
51becb	PhysicsWorld__CastRay_ClosestHitMSG	0	high: registered under this name in FUN_0051c5b1 (name string pushed immediately before the member-function pointer)
51bf18	PhysicsWorld__CastRay_AllHitsSimpleFilterNotSortedMSG	0	high: registered under this name in FUN_0051c5b1 (name string pushed immediately before the member-function pointer)
51bf65	PhysicsWorld__CastRay_AllHitsNotSortedMSG	0	high: registered under this name in FUN_0051c5b1 (name string pushed immediately before the member-function pointer)
51bfb4	PhysicsWorld__CastRay_AllHitsSimpleFilterSortedMSG	0	high: registered under this name in FUN_0051c5b1 (name string pushed immediately before the member-function pointer)
51c001	PhysicsWorld__CastRay_AllHitsSortedMSG	0	high: registered under this name in FUN_0051c5b1 (name string pushed immediately before the member-function pointer)
51c050	PhysicsWorld__CastCapsule_ClosestHitSimpleFilterMSG	0	high: registered under this name in FUN_0051c5b1 (name string pushed immediately before the member-function pointer)
51c0c7	PhysicsWorld__CastCapsule_ClosestHitMSG	0	high: registered under this name in FUN_0051c5b1 (name string pushed immediately before the member-function pointer)
51c13f	PhysicsWorld__CastCapsule_AllHitsSimpleFilterSortedMSG	0	high: registered under this name in FUN_0051c5b1 (name string pushed immediately before the member-function pointer)
51c1b6	PhysicsWorld__CastCapsule_AllHitsSortedMSG	0	high: registered under this name in FUN_0051c5b1 (name string pushed immediately before the member-function pointer)
51c22e	PhysicsWorld__CastCapsule_AllHitsSimpleFilterNotSortedMSG	0	high: registered under this name in FUN_0051c5b1 (name string pushed immediately before the member-function pointer)
51c2a5	PhysicsWorld__CastCapsule_AllHitsNotSortedMSG	0	high: registered under this name in FUN_0051c5b1 (name string pushed immediately before the member-function pointer)
51c357	PhysicsWorld__CheckSphereOverlapMSG	0	high: registered under this name in FUN_0051c5b1 (name string pushed immediately before the member-function pointer)
51c393	PhysicsWorld__CheckAABBoxOverlapSimpleFilterMSG	0	high: registered under this name in FUN_0051c5b1 (name string pushed immediately before the member-function pointer)
51c3dc	PhysicsWorld__CheckAABBoxOverlapMSG	0	high: registered under this name in FUN_0051c5b1 (name string pushed immediately before the member-function pointer)
51c427	PhysicsWorld__CheckOBBoxOverlapSimpleFilterMSG	0	high: registered under this name in FUN_0051c5b1 (name string pushed immediately before the member-function pointer)
51c48c	PhysicsWorld__CheckOBBoxOverlapMSG	0	high: registered under this name in FUN_0051c5b1 (name string pushed immediately before the member-function pointer)
51c4f3	PhysicsWorld__CheckCapsuleOverlapSimpleFilterMSG	0	high: registered under this name in FUN_0051c5b1 (name string pushed immediately before the member-function pointer)
51c543	PhysicsWorld__CheckCapsuleOverlapMSG	0	high: registered under this name in FUN_0051c5b1 (name string pushed immediately before the member-function pointer)
51c595	PhysicsWorld__CheckActorOverlapMSG	0	high: registered under this name in FUN_0051c5b1 (name string pushed immediately before the member-function pointer)
51c5b1	PhysicsWorld__RegisterMembers	0	high: pushes 36 "PhysicsWorld::..." member-name strings paired with member-function pointers
51cd5b	ArticulatedBody__GetActorIndexFromPivotIndexMSG	0	high: registered under this name in FUN_00520f63 (name string pushed immediately before the member-function pointer)
51ce61	ArticulatedBody__ClearMSG	0	high: registered under this name in FUN_00520f63 (name string pushed immediately before the member-function pointer)
51cf1f	Physics__Trigger__vfunc_25	0	medium: RTTI: slot 25 of vtable 0xa29a6c (Physics::Trigger); class membership read from RTTI, method meaning not established
51ec4e	ConvexCollisionVolumeNode__vfunc_11	0	medium: RTTI: slot 11 of vtable 0xa29844 (ConvexCollisionVolumeNode), inherited by 3 other vtables; class membership read from RTTI, method meaning not established
51f038	Physics__ArticulatedBody__vfunc_11	0	medium: RTTI: slot 11 of vtable 0xa2ba84 (Physics::ArticulatedBody); class membership read from RTTI, method meaning not established
51f054	ArticulatedBody__SetOwner	0	high: registered under this name in FUN_00520f63 (name string pushed immediately before the member-function pointer)
51f087	CollisionVolumeNode__RegisterMembers	0	high: pushes 4 "CollisionVolumeNode::..." member-name strings paired with member-function pointers
51f325	CollisionBoxNode__RegisterMembers	0	high: pushes 6 "CollisionBoxNode::..." member-name strings paired with member-function pointers
51f547	CollisionSphereNode__RegisterMembers	0	high: pushes 2 "CollisionSphereNode::..." member-name strings paired with member-function pointers
51f6a5	CollisionCapsuleNode__RegisterMembers	0	high: pushes 4 "CollisionCapsuleNode::..." member-name strings paired with member-function pointers
51f866	Physics__Joint__vfunc_11	0	medium: RTTI: slot 11 of vtable 0xa2c5f8 (Physics::Joint); class membership read from RTTI, method meaning not established
51f882	Joint__RegisterMembers	0	high: pushes 28 "Joint::..." member-name strings paired with member-function pointers
51ff44	Physics__D6Joint__vfunc_11	0	medium: RTTI: slot 11 of vtable 0xa2c630 (Physics::D6Joint); class membership read from RTTI, method meaning not established
51ff66	D6Joint__RegisterMembers	0	high: pushes 76 "D6Joint::..." member-name strings paired with member-function pointers
520f63	ArticulatedBody__RegisterMembers	0	high: pushes 8 "ArticulatedBody::..." member-name strings paired with member-function pointers
5211e5	PivotBook__GetSheetsAsProperty	0	high: registered under this name in FUN_00528f4a (name string pushed immediately before the member-function pointer)
5211ec	CollisionVolume__vfunc_04	0	medium: RTTI: slot 4 of vtable 0xa2f1b4 (CollisionVolume), inherited by 4 other vtables; class membership read from RTTI, method meaning not established
521226	CollisionVolume__vfunc_01	0	medium: RTTI: slot 1 of vtable 0xa2f1b4 (CollisionVolume), inherited by 2 other vtables; class membership read from RTTI, method meaning not established
521243	CollisionVolume__vfunc_02	0	medium: RTTI: slot 2 of vtable 0xa2f1b4 (CollisionVolume), inherited by 2 other vtables; class membership read from RTTI, method meaning not established
521324	MeshCollisionData__vfunc_01	0	medium: RTTI: slot 1 of vtable 0xa2f4cc (MeshCollisionData); class membership read from RTTI, method meaning not established
521341	MeshCollisionData__vfunc_02	0	medium: RTTI: slot 2 of vtable 0xa2f4cc (MeshCollisionData); class membership read from RTTI, method meaning not established
52135f	CollisionBox__vfunc_01	0	medium: RTTI: slot 1 of vtable 0xa2f380 (CollisionBox); class membership read from RTTI, method meaning not established
521396	CollisionBox__vfunc_02	0	medium: RTTI: slot 2 of vtable 0xa2f380 (CollisionBox); class membership read from RTTI, method meaning not established
5213c7	CollisionBox__vfunc_03	0	medium: RTTI: slot 3 of vtable 0xa2f380 (CollisionBox); class membership read from RTTI, method meaning not established
521429	CollisionBox__vfunc_04	0	medium: RTTI: slot 4 of vtable 0xa2f380 (CollisionBox); class membership read from RTTI, method meaning not established
521c20	CollisionSphere__vfunc_01	0	medium: RTTI: slot 1 of vtable 0xa2f3a8 (CollisionSphere); class membership read from RTTI, method meaning not established
521c3f	CollisionSphere__vfunc_02	0	medium: RTTI: slot 2 of vtable 0xa2f3a8 (CollisionSphere); class membership read from RTTI, method meaning not established
521c5b	CollisionSphere__vfunc_03	0	medium: RTTI: slot 3 of vtable 0xa2f3a8 (CollisionSphere); class membership read from RTTI, method meaning not established
521caa	CollisionSphere__vfunc_04	0	medium: RTTI: slot 4 of vtable 0xa2f3a8 (CollisionSphere); class membership read from RTTI, method meaning not established
522112	CollisionCapsule__vfunc_01	0	medium: RTTI: slot 1 of vtable 0x9fbd88 (CollisionCapsule); class membership read from RTTI, method meaning not established
52213d	CollisionCapsule__vfunc_02	0	medium: RTTI: slot 2 of vtable 0x9fbd88 (CollisionCapsule); class membership read from RTTI, method meaning not established
522164	CollisionCapsule__vfunc_03	0	medium: RTTI: slot 3 of vtable 0x9fbd88 (CollisionCapsule); class membership read from RTTI, method meaning not established
5221cc	CollisionCapsule__vfunc_04	0	medium: RTTI: slot 4 of vtable 0x9fbd88 (CollisionCapsule); class membership read from RTTI, method meaning not established
5229ab	Book__vfunc_03	0	medium: RTTI: slot 3 of vtable 0xa2f5e0 (Book); class membership read from RTTI, method meaning not established
5229b6	PivotBook__vfunc_23	0	medium: RTTI: slot 23 of vtable 0xa2f5f4 (PivotBook); class membership read from RTTI, method meaning not established
5229d7	PivotBook__vfunc_24	0	medium: RTTI: slot 24 of vtable 0xa2f5f4 (PivotBook); class membership read from RTTI, method meaning not established
5229fa	Sheet__vfunc_06	0	medium: RTTI: slot 6 of vtable 0xa2f67c (Sheet), inherited by 1 other vtables; class membership read from RTTI, method meaning not established
522a7b	PivotSheet__vfunc_12	0	medium: RTTI: slot 12 of vtable 0xa2f6b8 (PivotSheet); class membership read from RTTI, method meaning not established
522bd9	CollisionVolume__vfunc_06	0	medium: RTTI: slot 6 of vtable 0xa2f1b4 (CollisionVolume), inherited by 4 other vtables; class membership read from RTTI, method meaning not established
522d17	MeshCollisionData__vfunc_03	0	medium: RTTI: slot 3 of vtable 0xa2f4cc (MeshCollisionData); class membership read from RTTI, method meaning not established
522d79	CollisionVolume__vfunc_00	0	medium: RTTI: slot 0 of vtable 0xa2f1b4 (CollisionVolume), inherited by 4 other vtables; class membership read from RTTI, method meaning not established
522e25	CollisionBox__vfunc_05	0	medium: RTTI: slot 5 of vtable 0xa2f380 (CollisionBox); class membership read from RTTI, method meaning not established
522f03	CollisionSphere__vfunc_05	0	medium: RTTI: slot 5 of vtable 0xa2f3a8 (CollisionSphere); class membership read from RTTI, method meaning not established
523071	CollisionCapsule__vfunc_05	0	medium: RTTI: slot 5 of vtable 0x9fbd88 (CollisionCapsule); class membership read from RTTI, method meaning not established
52308d	TextureSheet__GetTexturePath	0	high: registered under this name in FUN_00526589 (name string pushed immediately before the member-function pointer)
52309e	TextureSheet__GetEnablePOM	0	high: registered under this name in FUN_00526589 (name string pushed immediately before the member-function pointer)
5230a5	TextureSheet__GetEnableAnim	0	high: registered under this name in FUN_00526589 (name string pushed immediately before the member-function pointer)
5230ac	TextureSheet__GetWaterNormalType	0	high: registered under this name in FUN_00526589 (name string pushed immediately before the member-function pointer)
5230b3	DetailMeshAsset__GetAmbientOccHeight	0	medium: registered under this name in FUN_00526589 (name string pushed immediately before the member-function pointer); COMDAT-folded, also: TerrainColoringAsset::GetRaycastLength, TextureSheet::GetDepthFogPower
5230ba	GrassAsset__GetWidth	0	medium: registered under this name in FUN_00526589 (name string pushed immediately before the member-function pointer); COMDAT-folded, also: TextureSheet::GetDepthFadeScale
5230c1	TextureSheet__GetUseWaterDepthFade	0	high: registered under this name in FUN_00526589 (name string pushed immediately before the member-function pointer)
5230e4	AIBrainNode__GetVehicleDynamicAvoidanceTooLateCutoffTime	0	medium: registered under this name in FUN_004865b9 (name string pushed immediately before the member-function pointer); COMDAT-folded, also: Cloth::GetDampingCoefficient, GFXEffect::GetBloomDepthBias
5230eb	Cloth__GetBendingStiffness	0	medium: registered under this name in FUN_004d9436 (name string pushed immediately before the member-function pointer); COMDAT-folded, also: ParticleType::GetAlphaFalloffEnd, SoundController::GetPitch, TextureSheet::GetReflectionLightFactor
5230f2	D6Joint__GetSwing2LimitValue	0	medium: registered under this name in FUN_0051ff66 (name string pushed immediately before the member-function pointer); COMDAT-folded, also: TextureSheet::GetMaxReflection
5230f9	D6Joint__GetSwing2LimitRestitution	0	medium: registered under this name in FUN_004c0af2 (name string pushed immediately before the member-function pointer); COMDAT-folded, also: GFXEffect::GetWaterTileScale, TextureSheet::GetVScrollSpeed
523100	TextureSheet__GetResetUVOffset	0	high: registered under this name in FUN_00526589 (name string pushed immediately before the member-function pointer)
523107	Camera__GetViewportWidth	0	medium: registered under this name in FUN_004a97e9 (name string pushed immediately before the member-function pointer); COMDAT-folded, also: LoadBlock::GetMemorySetupEditor, TextureSheet::GetNumLightSamples
52310e	GFXEffect__GetWaterWaveSpeed	0	medium: registered under this name in FUN_004a7051 (name string pushed immediately before the member-function pointer); COMDAT-folded, also: LensFlareManager::GetFadeDist, Light::GetAttnStart, ModelRes::GetLODFadeOut01
523115	TextureSheet__GetFallOffColor	0	high: registered under this name in FUN_00526589 (name string pushed immediately before the member-function pointer)
52312c	TextureSheet__GetRenderOrder	0	high: registered under this name in FUN_00526589 (name string pushed immediately before the member-function pointer)
523133	TextureSheet__GetNormalMapChannel	0	high: registered under this name in FUN_00526589 (name string pushed immediately before the member-function pointer)
52313a	TextureSheet__GetGlowMapChannel	0	high: registered under this name in FUN_00526589 (name string pushed immediately before the member-function pointer)
523141	TextureSheet__GetSpecularMapChannel	0	high: registered under this name in FUN_00526589 (name string pushed immediately before the member-function pointer)
523148	BaseModel__GetGeometryLodOverride	0	medium: registered under this name in FUN_004aab8f (name string pushed immediately before the member-function pointer); COMDAT-folded, also: TextureSheet::GetHeightMapChannel
52314f	TextureSheet__GetFallOffMapChannel	0	high: registered under this name in FUN_00526589 (name string pushed immediately before the member-function pointer)
523156	TerrainNode__GetTerrainAreaStr	0	medium: registered under this name in FUN_004abb3c (name string pushed immediately before the member-function pointer); COMDAT-folded, also: TextureSheet::GetAmbOccMapChannel
52315d	TextureSheet__GetSpecSizeMapChannel	0	high: registered under this name in FUN_00526589 (name string pushed immediately before the member-function pointer)
52316b	TextureSheet__GetDstBlendAsInt	0	high: registered under this name in FUN_00526589 (name string pushed immediately before the member-function pointer)
523172	TextureSheet__GetBlendOpAsInt	0	high: registered under this name in FUN_00526589 (name string pushed immediately before the member-function pointer)
523179	AnimLayer__GetEaseState	0	medium: registered under this name in FUN_004e3d1f (name string pushed immediately before the member-function pointer); COMDAT-folded, also: CameraOptions::GetDefaultBaseOffset, TextureSheet::GetTexture, TextureSheet::GetTextureAsEntity
5232f7	Joint__GetChildSpacePos	0	high: registered under this name in FUN_0051f882 (name string pushed immediately before the member-function pointer)
52330b	TextureSheet__GetMaterialColorAsVector	0	high: registered under this name in FUN_00526589 (name string pushed immediately before the member-function pointer)
523657	PivotBook__NumSheets	0	high: registered under this name in FUN_00528f4a (name string pushed immediately before the member-function pointer)
523663	Sheet__SetUniqueIDAsInt64	0	high: registered under this name in FUN_00528ce4 (name string pushed immediately before the member-function pointer)
523833	ConcaveCollisionMesh__vfunc_05	0	medium: RTTI: slot 5 of vtable 0xa2f3d0 (ConcaveCollisionMesh); class membership read from RTTI, method meaning not established
5239b7	ConvexCollisionMesh__vfunc_05	0	medium: RTTI: slot 5 of vtable 0xa2f450 (ConvexCollisionMesh); class membership read from RTTI, method meaning not established
523ce5	GeometryEffect__GetEffectFadeThreshold	0	medium: registered under this name in FUN_004c2305 (name string pushed immediately before the member-function pointer); COMDAT-folded, also: Sprite::GetConstSizeNear, TextureSheet::GetLODPOMDistance
523cec	TextureSheet__GetLODNormalMapDistance	0	high: registered under this name in FUN_00526589 (name string pushed immediately before the member-function pointer)
523cf3	TextureSheet__GetLODNormalMapFadeOut	0	high: registered under this name in FUN_00526589 (name string pushed immediately before the member-function pointer)
523d0e	TextureSheet__GetNormalMapOverrideName	0	high: registered under this name in FUN_00526589 (name string pushed immediately before the member-function pointer)
523d22	TextureSheet__GetGlowMapOverrideName	0	high: registered under this name in FUN_00526589 (name string pushed immediately before the member-function pointer)
523d36	TextureSheet__GetHeightMapOverrideName	0	high: registered under this name in FUN_00526589 (name string pushed immediately before the member-function pointer)
523d4a	TerrainNode__GetTerrainAssetName	0	medium: registered under this name in FUN_004abb3c (name string pushed immediately before the member-function pointer); COMDAT-folded, also: TextureSheet::GetSpecularMapOverrideName
523d72	TextureSheet__GetAmbOccMapOverrideName	0	high: registered under this name in FUN_00526589 (name string pushed immediately before the member-function pointer)
523d86	TextureSheet__GetSpecSizeMapOverrideName	0	high: registered under this name in FUN_00526589 (name string pushed immediately before the member-function pointer)
523e4c	Sheet__vfunc_04	0	medium: RTTI: slot 4 of vtable 0xa2f67c (Sheet), inherited by 2 other vtables; class membership read from RTTI, method meaning not established
523e54	Sheet__vfunc_13	0	medium: RTTI: slot 13 of vtable 0xa2f67c (Sheet); class membership read from RTTI, method meaning not established
523e70	GFXEffect__SetFog	0	medium: registered under this name in FUN_004c0af2 (name string pushed immediately before the member-function pointer); COMDAT-folded, also: GeometryCollisionAffector::SetDieOnImpact, Sheet::SetVolatile, ViewportOptions::SetAlignToNormal
523e7a	PivotSheet__SetFriction	0	high: registered under this name in FUN_0052640e (name string pushed immediately before the member-function pointer)
523ea1	PivotSheet__SetRestitution	0	high: registered under this name in FUN_0052640e (name string pushed immediately before the member-function pointer)
523ec8	PivotSheet__SetCollisionMask	0	high: registered under this name in FUN_0052640e (name string pushed immediately before the member-function pointer)
523ed9	PivotSheet__vfunc_13	0	medium: RTTI: slot 13 of vtable 0xa2f6b8 (PivotSheet); class membership read from RTTI, method meaning not established
523f5d	RenderOptions__SetDrawAnnotation	0	medium: registered under this name in FUN_004e671c (name string pushed immediately before the member-function pointer); COMDAT-folded, also: TextureSheet::SetIsLit
523f67	TextureSheet__SetSpecularSize	0	high: registered under this name in FUN_00526589 (name string pushed immediately before the member-function pointer)
523f8b	TextureSheet__SetOpacity	0	high: registered under this name in FUN_00526589 (name string pushed immediately before the member-function pointer)
523fa6	TextureSheet__SetShadowPower	0	high: registered under this name in FUN_00526589 (name string pushed immediately before the member-function pointer)
523fc1	TextureSheet__SetAlphaThreshold	0	high: registered under this name in FUN_00526589 (name string pushed immediately before the member-function pointer)
523fd4	ParticleSystemAsset__SetEnableDieEvents	0	medium: registered under this name in FUN_00526589 (name string pushed immediately before the member-function pointer); COMDAT-folded, also: TextureSheet::SetCastShadow
523fe1	TextureSheet__SetEnablePOM	0	high: registered under this name in FUN_00526589 (name string pushed immediately before the member-function pointer)
523fee	TextureSheet__SetAnimDelayInMs	0	high: registered under this name in FUN_00526589 (name string pushed immediately before the member-function pointer)
52400b	TextureSheet__SetReflectionTypeAsInt	0	high: registered under this name in FUN_00526589 (name string pushed immediately before the member-function pointer)
524018	TextureSheet__SetDepthFadeScale	0	high: registered under this name in FUN_00526589 (name string pushed immediately before the member-function pointer)
524025	AIBrainNode__SetDynamicAvoidancePassingDistance	0	medium: registered under this name in FUN_004865b9 (name string pushed immediately before the member-function pointer); COMDAT-folded, also: GrassAsset::SetSphereInsertLength, TextureSheet::SetGlassThickness
52406c	TextureSheet__SetMaterialColorAlpha	0	high: registered under this name in FUN_00526589 (name string pushed immediately before the member-function pointer)
524098	TextureSheet__SetFresnelPower	0	high: registered under this name in FUN_00526589 (name string pushed immediately before the member-function pointer)
5240a5	GrassAsset__SetLODFactor	0	medium: registered under this name in FUN_00526589 (name string pushed immediately before the member-function pointer); COMDAT-folded, also: TextureSheet::SetWaterEffectFadeRange
5240b2	TextureSheet__SetMaxReflection	0	high: registered under this name in FUN_00526589 (name string pushed immediately before the member-function pointer)
5240bf	TextureSheet__SetResetUVOffset	0	high: registered under this name in FUN_00526589 (name string pushed immediately before the member-function pointer)
5240cc	AIBrainNode__SetReferenceRadius	0	medium: registered under this name in FUN_004865b9 (name string pushed immediately before the member-function pointer); COMDAT-folded, also: Annotator::SetTextWidth, TextureSheet::SetHeightScale
5240d9	TextureSheet__SetMaxHeightSamples	0	high: registered under this name in FUN_00526589 (name string pushed immediately before the member-function pointer)
5240f2	TextureSheet__SetNumLightSamples	0	high: registered under this name in FUN_00526589 (name string pushed immediately before the member-function pointer)
5240ff	TextureSheet__SetFallOffPower	0	high: registered under this name in FUN_00526589 (name string pushed immediately before the member-function pointer)
52410c	TextureSheet__SetFallOffColor	0	high: registered under this name in FUN_00526589 (name string pushed immediately before the member-function pointer)
524121	TextureSheet__SetRenderOrder	0	high: registered under this name in FUN_00526589 (name string pushed immediately before the member-function pointer)
524140	TextureSheet__SetNormalMapChannel	0	high: registered under this name in FUN_00526589 (name string pushed immediately before the member-function pointer)
524152	TextureSheet__SetSpecularMapChannel	0	high: registered under this name in FUN_00526589 (name string pushed immediately before the member-function pointer)
524164	TextureSheet__SetGlowMapChannel	0	high: registered under this name in FUN_00526589 (name string pushed immediately before the member-function pointer)
524188	TextureSheet__SetFallOffMapChannel	0	high: registered under this name in FUN_00526589 (name string pushed immediately before the member-function pointer)
52419a	TextureSheet__SetAmbOccMapChannel	0	high: registered under this name in FUN_00526589 (name string pushed immediately before the member-function pointer)
5241ac	TextureSheet__SetSpecSizeMapChannel	0	high: registered under this name in FUN_00526589 (name string pushed immediately before the member-function pointer)
5241be	TextureSheet__SetInheritDeferredLight	0	high: registered under this name in FUN_00526589 (name string pushed immediately before the member-function pointer)
5241cb	TextureSheet__SetWaterNormalType	0	high: registered under this name in FUN_00526589 (name string pushed immediately before the member-function pointer)
5242da	ConcaveCollisionMesh__vfunc_00	0	medium: RTTI: slot 0 of vtable 0xa2f3d0 (ConcaveCollisionMesh); class membership read from RTTI, method meaning not established
524343	ConvexCollisionMesh__vfunc_00	0	medium: RTTI: slot 0 of vtable 0xa2f450 (ConvexCollisionMesh); class membership read from RTTI, method meaning not established
5243ac	TextureSheet__SetDstBlendAsInt	0	high: registered under this name in FUN_00526589 (name string pushed immediately before the member-function pointer)
5243b9	TextureSheet__SetSrcBlendAsInt	0	high: registered under this name in FUN_00526589 (name string pushed immediately before the member-function pointer)
5246d1	TextureSheet__SetMaterialColorAsVector	0	high: registered under this name in FUN_00526589 (name string pushed immediately before the member-function pointer)
524701	TextureSheet__SetLODPOMDistance	0	high: registered under this name in FUN_00526589 (name string pushed immediately before the member-function pointer)
524713	TextureSheet__SetLODPOMFadeOut	0	high: registered under this name in FUN_00526589 (name string pushed immediately before the member-function pointer)
524725	TextureSheet__SetLODNormalMapDistance	0	high: registered under this name in FUN_00526589 (name string pushed immediately before the member-function pointer)
524737	TextureSheet__SetLODNormalMapFadeOut	0	high: registered under this name in FUN_00526589 (name string pushed immediately before the member-function pointer)
52479d	TextureSheet__SetNormalMapOverrideName	0	high: registered under this name in FUN_00526589 (name string pushed immediately before the member-function pointer)
5247f1	TextureSheet__SetSpecularMapOverrideName	0	high: registered under this name in FUN_00526589 (name string pushed immediately before the member-function pointer)
524845	TextureSheet__SetGlowMapOverrideName	0	high: registered under this name in FUN_00526589 (name string pushed immediately before the member-function pointer)
524899	TextureSheet__SetHeightMapOverrideName	0	high: registered under this name in FUN_00526589 (name string pushed immediately before the member-function pointer)
5248ed	TextureSheet__SetFallOffMapOverrideName	0	high: registered under this name in FUN_00526589 (name string pushed immediately before the member-function pointer)
524941	TextureSheet__SetAmbOccMapOverrideName	0	high: registered under this name in FUN_00526589 (name string pushed immediately before the member-function pointer)
524995	TextureSheet__SetSpecSizeMapOverrideName	0	high: registered under this name in FUN_00526589 (name string pushed immediately before the member-function pointer)
524b0b	PivotBook__GetSheetAsEntityMSG	0	high: registered under this name in FUN_00528f4a (name string pushed immediately before the member-function pointer)
524dee	PivotBook__vfunc_22	0	medium: RTTI: slot 22 of vtable 0xa2f5f4 (PivotBook); class membership read from RTTI, method meaning not established
524ea8	Sheet__DeleteThisMSG	0	high: registered under this name in FUN_00528ce4 (name string pushed immediately before the member-function pointer)
525047	TextureSheet__SetUScrollSpeed	0	high: registered under this name in FUN_00526589 (name string pushed immediately before the member-function pointer)
525087	TextureSheet__SetVScrollSpeed	0	high: registered under this name in FUN_00526589 (name string pushed immediately before the member-function pointer)
5250c7	TextureSheet__SetU2ScrollSpeed	0	high: registered under this name in FUN_00526589 (name string pushed immediately before the member-function pointer)
525147	TextureSheet__SetEnableAnim	0	high: registered under this name in FUN_00526589 (name string pushed immediately before the member-function pointer)
525191	PivotBook__GetSheetAsEntityByNameMSG	0	high: registered under this name in FUN_00528f4a (name string pushed immediately before the member-function pointer)
5251c5	PivotBook__SetSheetsAsProperty	0	high: registered under this name in FUN_00528f4a (name string pushed immediately before the member-function pointer)
525209	Book__vfunc_01	0	medium: RTTI: slot 1 of vtable 0xa2f5e0 (Book), inherited by 1 other vtables; class membership read from RTTI, method meaning not established
525322	PivotBook__vfunc_06	0	medium: RTTI: slot 6 of vtable 0xa2f5f4 (PivotBook); class membership read from RTTI, method meaning not established
525638	TextureSheet__SetTexture	0	high: registered under this name in FUN_00526589 (name string pushed immediately before the member-function pointer)
52571f	TextureSheet__SetDepthFadeGradientAlpha	0	high: registered under this name in FUN_00526589 (name string pushed immediately before the member-function pointer)
52576f	TextureSheet__SetUseWaterDepthFade	0	high: registered under this name in FUN_00526589 (name string pushed immediately before the member-function pointer)
525781	Book__vfunc_00	0	medium: RTTI: slot 0 of vtable 0xa2f5e0 (Book), inherited by 1 other vtables; class membership read from RTTI, method meaning not established
52579d	TextureSheet__SetRenderTypeAsInt	0	high: registered under this name in FUN_00526589 (name string pushed immediately before the member-function pointer)
525810	TextureBook__vfunc_03	0	medium: RTTI: slot 3 of vtable 0xa32d78 (TextureBook); class membership read from RTTI, method meaning not established
52582f	PivotBook__vfunc_11	0	medium: RTTI: slot 11 of vtable 0xa2f5f4 (PivotBook); class membership read from RTTI, method meaning not established
5258a2	Sheet__vfunc_11	0	medium: RTTI: slot 11 of vtable 0xa2f67c (Sheet); class membership read from RTTI, method meaning not established
5258be	Sheet__SetOwnerAsset	0	high: registered under this name in FUN_00528ce4 (name string pushed immediately before the member-function pointer)
525948	PivotSheet__vfunc_11	0	medium: RTTI: slot 11 of vtable 0xa2f6b8 (PivotSheet); class membership read from RTTI, method meaning not established
525cf2	TextureSheet__vfunc_11	0	medium: RTTI: slot 11 of vtable 0xa2f6f4 (TextureSheet); class membership read from RTTI, method meaning not established
525d0e	TextureSheet__vfunc_06	0	medium: RTTI: slot 6 of vtable 0xa2f6f4 (TextureSheet); class membership read from RTTI, method meaning not established
52640e	PivotSheet__RegisterMembers	0	high: pushes 6 "PivotSheet::..." member-name strings paired with member-function pointers
526589	TextureSheet__RegisterMembers	0	high: pushes 152 "TextureSheet::..." member-name strings paired with member-function pointers
528326	Book__vfunc_02	0	medium: RTTI: slot 2 of vtable 0xa2f5e0 (Book), inherited by 1 other vtables; class membership read from RTTI, method meaning not established
528b0b	Sheet__CloneMSG	0	high: registered under this name in FUN_00528ce4 (name string pushed immediately before the member-function pointer)
528c5e	PivotBook__vfunc_21	0	medium: RTTI: slot 21 of vtable 0xa2f5f4 (PivotBook); class membership read from RTTI, method meaning not established
528ce4	Sheet__RegisterMembers	0	high: pushes 8 "Sheet::..." member-name strings paired with member-function pointers
528f4a	PivotBook__RegisterMembers	0	high: pushes 5 "PivotBook::..." member-name strings paired with member-function pointers
5291e7	Texture__GetSheetsAsProperty	0	high: registered under this name in FUN_00538c59 (name string pushed immediately before the member-function pointer)
5291ee	Texture__SetSheetsAsProperty	0	high: registered under this name in FUN_00538c59 (name string pushed immediately before the member-function pointer)
52945d	AIAsset__vfunc_24	0	medium: RTTI: slot 24 of vtable 0xa33094 (AIAsset); class membership read from RTTI, method meaning not established
52954e	RenderOptions__SetShaderQuality	0	medium: registered under this name in FUN_004e671c (name string pushed immediately before the member-function pointer); COMDAT-folded, also: TerrainColoringAsset::SetAmbientOcclusionTextureHeight
529789	TerrainAsset__vfunc_14	0	medium: RTTI: slot 14 of vtable 0xa335b4 (TerrainAsset); class membership read from RTTI, method meaning not established
5297ff	TerrainColoringAsset__vfunc_25	0	medium: RTTI: slot 25 of vtable 0xa3314c (TerrainColoringAsset); class membership read from RTTI, method meaning not established
529817	TerrainColoringAsset__vfunc_26	0	medium: RTTI: slot 26 of vtable 0xa3314c (TerrainColoringAsset); class membership read from RTTI, method meaning not established
529853	TerrainColoringAsset__vfunc_27	0	medium: RTTI: slot 27 of vtable 0xa3314c (TerrainColoringAsset); class membership read from RTTI, method meaning not established
529875	TerrainColoringAsset__vfunc_28	0	medium: RTTI: slot 28 of vtable 0xa3314c (TerrainColoringAsset); class membership read from RTTI, method meaning not established
529880	TerrainColoringAsset__vfunc_29	0	medium: RTTI: slot 29 of vtable 0xa3314c (TerrainColoringAsset); class membership read from RTTI, method meaning not established
52988b	TerrainColoringAsset__vfunc_12	0	medium: RTTI: slot 12 of vtable 0xa3314c (TerrainColoringAsset); class membership read from RTTI, method meaning not established
5298aa	TerrainColoringAsset__vfunc_13	0	medium: RTTI: slot 13 of vtable 0xa3314c (TerrainColoringAsset); class membership read from RTTI, method meaning not established
5298c8	TerrainColoringAsset__vfunc_14	0	medium: RTTI: slot 14 of vtable 0xa3314c (TerrainColoringAsset); class membership read from RTTI, method meaning not established
529953	GrassAsset__vfunc_12	0	medium: RTTI: slot 12 of vtable 0xa332b4 (GrassAsset); class membership read from RTTI, method meaning not established
529de3	Texture__GetCompress	0	high: registered under this name in FUN_00538c59 (name string pushed immediately before the member-function pointer)
529dea	Cloth__GetSolverIterations	0	medium: registered under this name in FUN_004c0af2 (name string pushed immediately before the member-function pointer); COMDAT-folded, also: GFXEffect::GetGeometryLodModeAsInt, Texture::GetDiffuseScale
529df1	AIBrainNode__GetDynamicAvoidanceType	0	medium: registered under this name in FUN_004865b9 (name string pushed immediately before the member-function pointer); COMDAT-folded, also: ParticleType::GetMaxParticles, Texture::GetNormalScale
529df8	Texture__GetFalloffScale	0	high: registered under this name in FUN_00538c59 (name string pushed immediately before the member-function pointer)
529dff	Texture__GetHeightScale	0	high: registered under this name in FUN_00538c59 (name string pushed immediately before the member-function pointer)
529e0d	Texture__GetSpecSizeScale	0	high: registered under this name in FUN_00538c59 (name string pushed immediately before the member-function pointer)
529f2e	Texture__CloneSheetMSG	0	high: registered under this name in FUN_00538c59 (name string pushed immediately before the member-function pointer)
529f52	Texture__DeleteSheetMSG	0	high: registered under this name in FUN_00538c59 (name string pushed immediately before the member-function pointer)
52a067	AIAsset__vfunc_21	0	medium: RTTI: slot 21 of vtable 0xa33094 (AIAsset); class membership read from RTTI, method meaning not established
52a126	AIAsset__vfunc_23	0	medium: RTTI: slot 23 of vtable 0xa33094 (AIAsset); class membership read from RTTI, method meaning not established
52a1db	EditorModeOptions__GetAnnotationsPanelRevealFlagsAll	0	medium: registered under this name in FUN_004e47f1 (name string pushed immediately before the member-function pointer); COMDAT-folded, also: GrassAsset::GetNumVariations, Joint::GetOwner
52a1e2	GFXEffect__GetGammaCoeff	0	medium: registered under this name in FUN_004c0af2 (name string pushed immediately before the member-function pointer); COMDAT-folded, also: GrassAsset::GetHeight, ParticleType::GetEndTime
52a1e9	GrassAsset__GetUseConstantAmbientOcc	0	high: registered under this name in FUN_005339ed (name string pushed immediately before the member-function pointer)
52a1f0	AIBrainNode__GetEndGoalMaxDist	0	high: registered under this name in FUN_004865b9 (name string pushed immediately before the member-function pointer)
52a1f7	AIBrainNode__GetDynamicAvoidanceLookAheadDistance	0	medium: registered under this name in FUN_004865b9 (name string pushed immediately before the member-function pointer); COMDAT-folded, also: Cloth::GetDensity, GrassAsset::GetLODRange
52a1fe	AIBrainNode__GetVehicleDynamicAvoidanceMaxEntityDistance	0	medium: registered under this name in FUN_004865b9 (name string pushed immediately before the member-function pointer); COMDAT-folded, also: D6Joint::GetSwing1LimitRestitution, GFXEffect::GetShadowSlopeBias, GrassAsset::GetSpeedFactor
52a205	AIBrainNode__GetVehicleDynamicAvoidanceMinAvoidanceTime	0	medium: registered under this name in FUN_004865b9 (name string pushed immediately before the member-function pointer); COMDAT-folded, also: Cloth::GetCollisionResponseCoefficient, GFXEffect::GetShadowDepthBias, GrassAsset::GetSwayFactor
52a213	AIWorldNode__GetEntityRadius	0	medium: registered under this name in FUN_00484ffb (name string pushed immediately before the member-function pointer); COMDAT-folded, also: GFXEffect::GetSaturation, TerrainColoringAsset::GetAmbientOcclusionBrightness
52a21a	D6Joint__GetMainJointType	0	medium: registered under this name in FUN_0051ff66 (name string pushed immediately before the member-function pointer); COMDAT-folded, also: Fragment::GetFragmentName, GrassAsset::GetDensity
52a221	DetailMeshAsset__GetUseConstantAmbientOcc	0	medium: registered under this name in FUN_00531981 (name string pushed immediately before the member-function pointer); COMDAT-folded, also: Fragment::GetIsSingletonFragment, TerrainColoringAsset::GetRandomDistribution
52a228	Fragment__GetReapplyable	0	medium: registered under this name in FUN_00531981 (name string pushed immediately before the member-function pointer); COMDAT-folded, also: TerrainColoringAsset::GetBlurTexture
52a30e	TerrainAsset__vfunc_19	0	medium: RTTI: slot 19 of vtable 0xa335b4 (TerrainAsset); class membership read from RTTI, method meaning not established
52a3a4	TerrainColoringAsset__vfunc_11	0	medium: RTTI: slot 11 of vtable 0xa3314c (TerrainColoringAsset); class membership read from RTTI, method meaning not established
52af1a	GrassAsset__vfunc_24	0	medium: RTTI: slot 24 of vtable 0xa332b4 (GrassAsset); class membership read from RTTI, method meaning not established
52b00a	DetailMeshAsset__vfunc_26	0	medium: RTTI: slot 26 of vtable 0xa34934 (DetailMeshAsset); class membership read from RTTI, method meaning not established
52b072	DetailMeshAsset__vfunc_12	0	medium: RTTI: slot 12 of vtable 0xa34934 (DetailMeshAsset); class membership read from RTTI, method meaning not established
52b830	Texture__GetNumSheets	0	high: registered under this name in FUN_00538c59 (name string pushed immediately before the member-function pointer)
52b83c	Texture__vfunc_22	0	medium: RTTI: slot 22 of vtable 0xa34dec (Texture); class membership read from RTTI, method meaning not established
52b8e6	Texture__vfunc_25	0	medium: RTTI: slot 25 of vtable 0xa34dec (Texture); class membership read from RTTI, method meaning not established
52ba65	Texture__vfunc_26	0	medium: RTTI: slot 26 of vtable 0xa34dec (Texture); class membership read from RTTI, method meaning not established
52bc6a	Texture__vfunc_27	0	medium: RTTI: slot 27 of vtable 0xa34dec (Texture); class membership read from RTTI, method meaning not established
52be2c	Texture__vfunc_28	0	medium: RTTI: slot 28 of vtable 0xa34dec (Texture); class membership read from RTTI, method meaning not established
52bf5c	Texture__vfunc_29	0	medium: RTTI: slot 29 of vtable 0xa34dec (Texture); class membership read from RTTI, method meaning not established
52c0fe	Texture__vfunc_12	0	medium: RTTI: slot 12 of vtable 0xa34dec (Texture); class membership read from RTTI, method meaning not established
52c226	Texture__vfunc_13	0	medium: RTTI: slot 13 of vtable 0xa34dec (Texture); class membership read from RTTI, method meaning not established
52c3b4	Texture__vfunc_14	0	medium: RTTI: slot 14 of vtable 0xa34dec (Texture); class membership read from RTTI, method meaning not established
52c542	Texture__SetCompress	0	high: registered under this name in FUN_00538c59 (name string pushed immediately before the member-function pointer)
52c54f	GFXEffect__SetGeometryLodModeAsInt	0	medium: registered under this name in FUN_004c0af2 (name string pushed immediately before the member-function pointer); COMDAT-folded, also: Texture::SetDiffuseScale
52c55c	Texture__SetNormalScale	0	high: registered under this name in FUN_00538c59 (name string pushed immediately before the member-function pointer)
52c569	ParticleType__SetRenderStyle	0	medium: registered under this name in FUN_00538c59 (name string pushed immediately before the member-function pointer); COMDAT-folded, also: Texture::SetGlowScale
52c576	Texture__SetFalloffScale	0	high: registered under this name in FUN_00538c59 (name string pushed immediately before the member-function pointer)
52c583	Texture__SetHeightScale	0	high: registered under this name in FUN_00538c59 (name string pushed immediately before the member-function pointer)
52c590	Texture__SetAmbOccScale	0	high: registered under this name in FUN_00538c59 (name string pushed immediately before the member-function pointer)
52c59d	Texture__SetSpecSizeScale	0	high: registered under this name in FUN_00538c59 (name string pushed immediately before the member-function pointer)
52c8ae	AIAsset__CreateWorld	0	high: name given from the function's role, role read from code (Kynapse bridge, 0x4810d9-0x482deb and the Kynapse* classes)
52cb0e	Actor__GetCNodeOwnerAsEntity	0	medium: registered under this name in FUN_004e671c (name string pushed immediately before the member-function pointer); COMDAT-folded, also: GrassAsset::GetTemplateName, RenderOptions::GetReflections
52cb15	Animation__GetFrameRateScaling	0	medium: registered under this name in FUN_00536469 (name string pushed immediately before the member-function pointer); COMDAT-folded, also: DetailMeshAsset::GetTemplateName, MediaStreamAsset::GetXmaQuality
52cf69	TerrainAsset__vfunc_23	0	medium: RTTI: slot 23 of vtable 0xa335b4 (TerrainAsset); class membership read from RTTI, method meaning not established
52d43c	TerrainColoringAsset__ClearTextureMSG	0	high: registered under this name in FUN_00531981 (name string pushed immediately before the member-function pointer)
52d4bb	TerrainColoringAsset__vfunc_22	0	medium: RTTI: slot 22 of vtable 0xa3314c (TerrainColoringAsset); class membership read from RTTI, method meaning not established
52d646	TerrainColoringAsset__vfunc_21	0	medium: RTTI: slot 21 of vtable 0xa3314c (TerrainColoringAsset); class membership read from RTTI, method meaning not established
52d8bf	TerrainColoringAsset__vfunc_23	0	medium: RTTI: slot 23 of vtable 0xa3314c (TerrainColoringAsset); class membership read from RTTI, method meaning not established
52da01	TerrainColoringAsset__vfunc_24	0	medium: RTTI: slot 24 of vtable 0xa3314c (TerrainColoringAsset); class membership read from RTTI, method meaning not established
52dad4	TerrainColoringAsset__SetAmbientOcclusionBrightness	0	high: registered under this name in FUN_00531981 (name string pushed immediately before the member-function pointer)
52db1e	TerrainColoringAsset__SetBlurTexture	0	high: registered under this name in FUN_00531981 (name string pushed immediately before the member-function pointer)
52db45	TerrainColoringAsset__SetNumberOfRays	0	high: registered under this name in FUN_00531981 (name string pushed immediately before the member-function pointer)
52db62	DetailMeshAsset__SetUseConstantAmbientOcc	0	medium: registered under this name in FUN_00531981 (name string pushed immediately before the member-function pointer); COMDAT-folded, also: TerrainColoringAsset::SetRandomDistribution
52db6f	TerrainColoringAsset__SetNumberOfBlurPasses	0	high: registered under this name in FUN_00531981 (name string pushed immediately before the member-function pointer)
52db7c	GrassAsset__vfunc_11	0	medium: RTTI: slot 11 of vtable 0xa332b4 (GrassAsset); class membership read from RTTI, method meaning not established
52db98	GrassAsset__SetRandSeed	0	high: registered under this name in FUN_005339ed (name string pushed immediately before the member-function pointer)
52dbaa	GrassAsset__SetNumVariations	0	high: registered under this name in FUN_005339ed (name string pushed immediately before the member-function pointer)
52dbce	GrassAsset__SetDensity	0	high: registered under this name in FUN_005339ed (name string pushed immediately before the member-function pointer)
52dc05	GrassAsset__SetNumVCells	0	high: registered under this name in FUN_005339ed (name string pushed immediately before the member-function pointer)
52dc1f	GrassAsset__SetWidth	0	high: registered under this name in FUN_005339ed (name string pushed immediately before the member-function pointer)
52dc43	GrassAsset__SetHeight	0	high: registered under this name in FUN_005339ed (name string pushed immediately before the member-function pointer)
52dc55	GrassAsset__SetHeightVariance	0	high: registered under this name in FUN_005339ed (name string pushed immediately before the member-function pointer)
52dc7e	GrassAsset__vfunc_22	0	medium: RTTI: slot 22 of vtable 0xa332b4 (GrassAsset); class membership read from RTTI, method meaning not established
52dd1c	GrassAsset__SetTemplateName	0	high: registered under this name in FUN_005339ed (name string pushed immediately before the member-function pointer)
52dd7e	AIBrainNode__SetEndGoalMinDist	0	medium: registered under this name in FUN_004865b9 (name string pushed immediately before the member-function pointer); COMDAT-folded, also: GFXEffect::SetNoiseIntensity, GrassAsset::SetSinModulator
52dd8b	GrassAsset__SetUseConstantAmbientOcc	0	high: registered under this name in FUN_005339ed (name string pushed immediately before the member-function pointer)
52dd98	AIBrainNode__SetDynamicAvoidanceLookAheadDistance	0	medium: registered under this name in FUN_004865b9 (name string pushed immediately before the member-function pointer); COMDAT-folded, also: GrassAsset::SetLODRange
52dda5	AIBrainNode__SetVehicleDynamicAvoidanceMinAvoidanceTime	0	medium: registered under this name in FUN_004865b9 (name string pushed immediately before the member-function pointer); COMDAT-folded, also: GFXEffect::SetShadowDepthBias, GrassAsset::SetSwayFactor
52ddb2	DetailMeshAsset__vfunc_22	0	medium: RTTI: slot 22 of vtable 0xa34934 (DetailMeshAsset); class membership read from RTTI, method meaning not established
52de50	DetailMeshAsset__vfunc_24	0	medium: RTTI: slot 24 of vtable 0xa34934 (DetailMeshAsset); class membership read from RTTI, method meaning not established
52deef	DetailMeshAsset__GetModel	0	high: registered under this name in FUN_00536469 (name string pushed immediately before the member-function pointer)
52df03	DetailMeshAsset__SetTemplateName	0	high: registered under this name in FUN_00536469 (name string pushed immediately before the member-function pointer)
52df48	DetailMeshAsset__SetLightModelAsInt	0	high: registered under this name in FUN_00536469 (name string pushed immediately before the member-function pointer)
52df62	AIWorldNode__SetStepMax	0	medium: registered under this name in FUN_00484ffb (name string pushed immediately before the member-function pointer); COMDAT-folded, also: DetailMeshAsset::SetAmbientOccHeight, TerrainColoringAsset::SetRaycastLength, TextureSheet::SetDepthFogPower
52df6f	AIWorldNode__SetStepLength	0	medium: registered under this name in FUN_00484ffb (name string pushed immediately before the member-function pointer); COMDAT-folded, also: ParticleType::SetStartTime
52ed93	Texture__GetNormalBufferSize	0	high: registered under this name in FUN_00538c59 (name string pushed immediately before the member-function pointer)
52ee59	Texture__GetSpecBufferSize	0	high: registered under this name in FUN_00538c59 (name string pushed immediately before the member-function pointer)
52ef1f	Texture__GetGlowBufferSize	0	high: registered under this name in FUN_00538c59 (name string pushed immediately before the member-function pointer)
52efe5	Texture__GetFalloffBufferSize	0	high: registered under this name in FUN_00538c59 (name string pushed immediately before the member-function pointer)
52f0ab	Texture__GetHeightBufferSize	0	high: registered under this name in FUN_00538c59 (name string pushed immediately before the member-function pointer)
52f171	Texture__GetAmbOccBufferSize	0	high: registered under this name in FUN_00538c59 (name string pushed immediately before the member-function pointer)
52f237	Texture__GetSpecSizeBufferSize	0	high: registered under this name in FUN_00538c59 (name string pushed immediately before the member-function pointer)
52f8d5	Texture__vfunc_18	0	medium: RTTI: slot 18 of vtable 0xa34dec (Texture); class membership read from RTTI, method meaning not established
52f902	Texture__vfunc_19	0	medium: RTTI: slot 19 of vtable 0xa34dec (Texture); class membership read from RTTI, method meaning not established
53090f	TextRes__vfunc_23	0	medium: RTTI: slot 23 of vtable 0xa34d3c (TextRes); class membership read from RTTI, method meaning not established
53096f	TextRes__vfunc_12	0	medium: RTTI: slot 12 of vtable 0xa34d3c (TextRes); class membership read from RTTI, method meaning not established
530be9	AIAsset__vfunc_11	0	medium: RTTI: slot 11 of vtable 0xa33094 (AIAsset); class membership read from RTTI, method meaning not established
530db6	GrassAsset__GenerateNewRandSeedMSG	0	high: registered under this name in FUN_005339ed (name string pushed immediately before the member-function pointer)
531876	TerrainAsset__vfunc_12	0	medium: RTTI: slot 12 of vtable 0xa335b4 (TerrainAsset); class membership read from RTTI, method meaning not established
53192f	TerrainAsset__vfunc_13	0	medium: RTTI: slot 13 of vtable 0xa335b4 (TerrainAsset); class membership read from RTTI, method meaning not established
531981	TerrainColoringAsset__RegisterMembers	0	high: pushes 21 "TerrainColoringAsset::..." member-name strings paired with member-function pointers
53203c	GrassAsset__SetTexture	0	high: registered under this name in FUN_005339ed (name string pushed immediately before the member-function pointer)
532082	GrassAsset__vfunc_21	0	medium: RTTI: slot 21 of vtable 0xa332b4 (GrassAsset); class membership read from RTTI, method meaning not established
5321e5	DetailMeshAsset__vfunc_23	0	medium: RTTI: slot 23 of vtable 0xa34934 (DetailMeshAsset); class membership read from RTTI, method meaning not established
5322c6	DetailMeshAsset__vfunc_25	0	medium: RTTI: slot 25 of vtable 0xa34934 (DetailMeshAsset); class membership read from RTTI, method meaning not established
532412	DetailMeshAsset__vfunc_27	0	medium: RTTI: slot 27 of vtable 0xa34934 (DetailMeshAsset); class membership read from RTTI, method meaning not established
53248b	DetailMeshAsset__SetModel	0	high: registered under this name in FUN_00536469 (name string pushed immediately before the member-function pointer)
5324d1	DetailMeshAsset__vfunc_13	0	medium: RTTI: slot 13 of vtable 0xa34934 (DetailMeshAsset); class membership read from RTTI, method meaning not established
532e46	Texture__vfunc_23	0	medium: RTTI: slot 23 of vtable 0xa34dec (Texture); class membership read from RTTI, method meaning not established
533346	Texture__GetSheetMSG	0	high: registered under this name in FUN_00538c59 (name string pushed immediately before the member-function pointer)
5336b7	TerrainAsset__vfunc_26	0	medium: RTTI: slot 26 of vtable 0xa335b4 (TerrainAsset); class membership read from RTTI, method meaning not established
5337a9	TerrainAsset__vfunc_28	0	medium: RTTI: slot 28 of vtable 0xa335b4 (TerrainAsset); class membership read from RTTI, method meaning not established
5339ed	GrassAsset__RegisterMembers	0	high: pushes 49 "GrassAsset::..." member-name strings paired with member-function pointers
535a9d	Texture__vfunc_17	0	medium: RTTI: slot 17 of vtable 0xa34dec (Texture); class membership read from RTTI, method meaning not established
535e15	TerrainAsset__vfunc_25	0	medium: RTTI: slot 25 of vtable 0xa335b4 (TerrainAsset); class membership read from RTTI, method meaning not established
535fa3	TerrainAsset__vfunc_27	0	medium: RTTI: slot 27 of vtable 0xa335b4 (TerrainAsset); class membership read from RTTI, method meaning not established
53604d	TerrainAsset__vfunc_20	0	medium: RTTI: slot 20 of vtable 0xa335b4 (TerrainAsset); class membership read from RTTI, method meaning not established
53644d	DetailMeshAsset__vfunc_11	0	medium: RTTI: slot 11 of vtable 0xa34934 (DetailMeshAsset); class membership read from RTTI, method meaning not established
536469	DetailMeshAsset__RegisterMembers	0	high: pushes 18 "DetailMeshAsset::..." member-name strings paired with member-function pointers
53690e	DetailMeshAsset__vfunc_28	0	medium: RTTI: slot 28 of vtable 0xa34934 (DetailMeshAsset); class membership read from RTTI, method meaning not established
536963	DetailMeshAsset__vfunc_29	0	medium: RTTI: slot 29 of vtable 0xa34934 (DetailMeshAsset); class membership read from RTTI, method meaning not established
53757b	TextRes__vfunc_11	0	medium: RTTI: slot 11 of vtable 0xa34d3c (TextRes); class membership read from RTTI, method meaning not established
537770	DetailMeshAsset__vfunc_21	0	medium: RTTI: slot 21 of vtable 0xa34934 (DetailMeshAsset); class membership read from RTTI, method meaning not established
538057	Texture__vfunc_21	0	medium: RTTI: slot 21 of vtable 0xa34dec (Texture); class membership read from RTTI, method meaning not established
5382aa	Texture__vfunc_24	0	medium: RTTI: slot 24 of vtable 0xa34dec (Texture); class membership read from RTTI, method meaning not established
5387ae	TextRes__vfunc_24	0	medium: RTTI: slot 24 of vtable 0xa34d3c (TextRes); class membership read from RTTI, method meaning not established
538c3d	Texture__vfunc_11	0	medium: RTTI: slot 11 of vtable 0xa34dec (Texture); class membership read from RTTI, method meaning not established
538c59	Texture__RegisterMembers	0	high: pushes 32 "Texture::..." member-name strings paired with member-function pointers
5397b4	TerrainAsset__vfunc_11	0	medium: RTTI: slot 11 of vtable 0xa335b4 (TerrainAsset); class membership read from RTTI, method meaning not established
5397d0	TerrainAsset__vfunc_24	0	medium: RTTI: slot 24 of vtable 0xa335b4 (TerrainAsset); class membership read from RTTI, method meaning not established
539dbb	Fragment__vfunc_06	0	medium: RTTI: slot 6 of vtable 0xa35ee4 (Fragment); class membership read from RTTI, method meaning not established
539dd1	Font__vfunc_18	0	medium: RTTI: slot 18 of vtable 0xa35f74 (Font); class membership read from RTTI, method meaning not established
53a20c	ModelRes__GetStoreLowestLODInHeader	0	high: registered under this name in FUN_00547584 (name string pushed immediately before the member-function pointer)
53a5f8	TerrainColoringAsset__GetUseTerrainAO	0	high: registered under this name in FUN_00531981 (name string pushed immediately before the member-function pointer)
53a7d2	Font__vfunc_23	0	medium: RTTI: slot 23 of vtable 0xa35f74 (Font); class membership read from RTTI, method meaning not established
53a7fd	Font__vfunc_12	0	medium: RTTI: slot 12 of vtable 0xa35f74 (Font); class membership read from RTTI, method meaning not established
53a81d	Font__vfunc_14	0	medium: RTTI: slot 14 of vtable 0xa35f74 (Font); class membership read from RTTI, method meaning not established
53a831	Font__GetTextAlphaReferenceValue	0	high: registered under this name in FUN_005431f5 (name string pushed immediately before the member-function pointer)
53a976	Animation__vfunc_12	0	medium: RTTI: slot 12 of vtable 0xa3602c (Animation); class membership read from RTTI, method meaning not established
53b48b	ModelRes__GetNumMeshesMSG	0	high: registered under this name in FUN_00547584 (name string pushed immediately before the member-function pointer)
53b4ca	LensFlareManager__GetOpacityModifier	0	medium: registered under this name in FUN_004a7051 (name string pushed immediately before the member-function pointer); COMDAT-folded, also: Light::GetInnerConeAngle, ModelRes::GetLODFadeOut12
53b4d1	ModelRes__GetLODFadeOut23	0	high: registered under this name in FUN_00547584 (name string pushed immediately before the member-function pointer)
53b4d8	ModelRes__GetLODFadeIn34	0	medium: registered under this name in FUN_004c7270 (name string pushed immediately before the member-function pointer); COMDAT-folded, also: Sprite::GetV2V
53b4df	D6Joint__GetTwistMotorTargetSpeed	0	medium: registered under this name in FUN_0051ff66 (name string pushed immediately before the member-function pointer); COMDAT-folded, also: ModelRes::GetLODFadeIn45
53b4e6	ModelRes__GetLODFadeOut45	0	high: registered under this name in FUN_00547584 (name string pushed immediately before the member-function pointer)
53b5a0	ModelRes__SetStoreLowestLODInHeader	0	high: registered under this name in FUN_00547584 (name string pushed immediately before the member-function pointer)
53ba84	ModelRes__vfunc_22	0	medium: RTTI: slot 22 of vtable 0xa368bc (ModelRes); class membership read from RTTI, method meaning not established
53bee4	ModelRes__GetTextureMSG	0	high: registered under this name in FUN_00547584 (name string pushed immediately before the member-function pointer)
53c4d4	Fragment__vfunc_22	0	medium: RTTI: slot 22 of vtable 0xa35ee4 (Fragment); class membership read from RTTI, method meaning not established
53c9cb	Fragment__SetIsSingletonFragment	0	high: registered under this name in FUN_00542c1a (name string pushed immediately before the member-function pointer)
53ca5c	Fragment__SetSmartSelectable	0	medium: registered under this name in FUN_00531981 (name string pushed immediately before the member-function pointer); COMDAT-folded, also: TerrainColoringAsset::SetUseTerrainAO
53ca69	Fragment__SetReapplyable	0	high: registered under this name in FUN_00542c1a (name string pushed immediately before the member-function pointer)
53ca76	Fragment__vfunc_12	0	medium: RTTI: slot 12 of vtable 0xa35ee4 (Fragment); class membership read from RTTI, method meaning not established
53cb18	Font__SetTextAlphaReferenceValue	0	high: registered under this name in FUN_005431f5 (name string pushed immediately before the member-function pointer)
53cb2e	Font__vfunc_19	0	medium: RTTI: slot 19 of vtable 0xa35f74 (Font); class membership read from RTTI, method meaning not established
53cfce	PropertySequenceAsset__vfunc_22	0	medium: RTTI: slot 22 of vtable 0xa35cb4 (PropertySequenceAsset); class membership read from RTTI, method meaning not established
53d14a	PropertySequenceAsset__SetDuractionSec	0	high: registered under this name in FUN_005436f3 (name string pushed immediately before the member-function pointer)
53d953	ModelRes__SetLODDistance01	0	high: registered under this name in FUN_00547584 (name string pushed immediately before the member-function pointer)
53d965	ModelRes__SetLODFadeIn01	0	high: registered under this name in FUN_00547584 (name string pushed immediately before the member-function pointer)
53d989	ModelRes__SetLODDistance12	0	high: registered under this name in FUN_00547584 (name string pushed immediately before the member-function pointer)
53d99b	ModelRes__SetLODFadeIn12	0	high: registered under this name in FUN_00547584 (name string pushed immediately before the member-function pointer)
53d9ad	ModelRes__SetLODFadeOut12	0	high: registered under this name in FUN_00547584 (name string pushed immediately before the member-function pointer)
53d9bf	ModelRes__SetLODDistance23	0	high: registered under this name in FUN_00547584 (name string pushed immediately before the member-function pointer)
53d9d1	ModelRes__SetLODFadeIn23	0	high: registered under this name in FUN_00547584 (name string pushed immediately before the member-function pointer)
53d9e3	ModelRes__SetLODFadeOut23	0	high: registered under this name in FUN_00547584 (name string pushed immediately before the member-function pointer)
53d9f5	ModelRes__SetLODDistance34	0	high: registered under this name in FUN_00547584 (name string pushed immediately before the member-function pointer)
53da19	ModelRes__SetLODFadeOut34	0	high: registered under this name in FUN_00547584 (name string pushed immediately before the member-function pointer)
53da2b	ModelRes__SetLODDistance45	0	high: registered under this name in FUN_00547584 (name string pushed immediately before the member-function pointer)
53da3d	ModelRes__SetLODFadeIn45	0	high: registered under this name in FUN_00547584 (name string pushed immediately before the member-function pointer)
53da4f	ModelRes__SetLODFadeOut45	0	high: registered under this name in FUN_00547584 (name string pushed immediately before the member-function pointer)
53da8f	ModelRes__SetShadowMeshTypeAsInt	0	high: registered under this name in FUN_00547584 (name string pushed immediately before the member-function pointer)
53ea56	ModelRes__vfunc_12	0	medium: RTTI: slot 12 of vtable 0xa368bc (ModelRes); class membership read from RTTI, method meaning not established
53ec6c	ModelRes__vfunc_13	0	medium: RTTI: slot 13 of vtable 0xa368bc (ModelRes); class membership read from RTTI, method meaning not established
53edbe	ModelRes__vfunc_14	0	medium: RTTI: slot 14 of vtable 0xa368bc (ModelRes); class membership read from RTTI, method meaning not established
53ef10	ModelRes__vfunc_06	0	medium: RTTI: slot 6 of vtable 0xa368bc (ModelRes); class membership read from RTTI, method meaning not established
5409da	Fragment__vfunc_23	0	medium: RTTI: slot 23 of vtable 0xa35ee4 (Fragment); class membership read from RTTI, method meaning not established
540b8b	Fragment__SetFragmentName	0	high: registered under this name in FUN_00542c1a (name string pushed immediately before the member-function pointer)
540c6e	Font__vfunc_24	0	medium: RTTI: slot 24 of vtable 0xa35f74 (Font); class membership read from RTTI, method meaning not established
540d95	Animation__vfunc_11	0	medium: RTTI: slot 11 of vtable 0xa3602c (Animation); class membership read from RTTI, method meaning not established
540db1	Animation__vfunc_23	0	medium: RTTI: slot 23 of vtable 0xa3602c (Animation); class membership read from RTTI, method meaning not established
54125a	PropertySequenceAsset__vfunc_23	0	medium: RTTI: slot 23 of vtable 0xa35cb4 (PropertySequenceAsset); class membership read from RTTI, method meaning not established
5412c4	PropertyTrack__vfunc_00	0	medium: RTTI: slot 0 of vtable 0xa35d84 (PropertyTrack); class membership read from RTTI, method meaning not established
5412e0	PropertyTrack__vfunc_02	0	medium: RTTI: slot 2 of vtable 0xa35d84 (PropertyTrack); class membership read from RTTI, method meaning not established
5414bd	PropertyTrack__vfunc_03	0	medium: RTTI: slot 3 of vtable 0xa35d84 (PropertyTrack); class membership read from RTTI, method meaning not established
542bfe	Fragment__vfunc_11	0	medium: RTTI: slot 11 of vtable 0xa35ee4 (Fragment); class membership read from RTTI, method meaning not established
542c1a	Fragment__RegisterMembers	0	high: pushes 8 "Fragment::..." member-name strings paired with member-function pointers
54306d	Fragment__vfunc_24	0	medium: RTTI: slot 24 of vtable 0xa35ee4 (Fragment); class membership read from RTTI, method meaning not established
5431d9	Font__vfunc_11	0	medium: RTTI: slot 11 of vtable 0xa35f74 (Font); class membership read from RTTI, method meaning not established
5431f5	Font__RegisterMembers	0	high: pushes 2 "Font::..." member-name strings paired with member-function pointers
543349	Animation__RegisterMembers	0	high: pushes 2 "Animation::..." member-name strings paired with member-function pointers
5434af	Animation__vfunc_24	0	medium: RTTI: slot 24 of vtable 0xa3602c (Animation); class membership read from RTTI, method meaning not established
5436f3	PropertySequenceAsset__RegisterMembers	0	high: pushes 2 "PropertySequenceAsset::..." member-name strings paired with member-function pointers
543e10	ModelRes__vfunc_23	0	medium: RTTI: slot 23 of vtable 0xa368bc (ModelRes); class membership read from RTTI, method meaning not established
544052	ModelRes__vfunc_25	0	medium: RTTI: slot 25 of vtable 0xa368bc (ModelRes); class membership read from RTTI, method meaning not established
54409f	ModelRes__vfunc_26	0	medium: RTTI: slot 26 of vtable 0xa368bc (ModelRes); class membership read from RTTI, method meaning not established
54412a	ModelRes__vfunc_28	0	medium: RTTI: slot 28 of vtable 0xa368bc (ModelRes); class membership read from RTTI, method meaning not established
544163	ModelRes__vfunc_29	0	medium: RTTI: slot 29 of vtable 0xa368bc (ModelRes); class membership read from RTTI, method meaning not established
5442bb	Fragment__vfunc_20	0	medium: RTTI: slot 20 of vtable 0xa35ee4 (Fragment); class membership read from RTTI, method meaning not established
544532	PropertySequenceAsset__vfunc_11	0	medium: RTTI: slot 11 of vtable 0xa35cb4 (PropertySequenceAsset); class membership read from RTTI, method meaning not established
544ad3	ModelRes__SetAnimation	0	high: registered under this name in FUN_00547584 (name string pushed immediately before the member-function pointer)
5452d6	ModelRes__vfunc_27	0	medium: RTTI: slot 27 of vtable 0xa368bc (ModelRes); class membership read from RTTI, method meaning not established
5453ef	Animation__vfunc_17	0	medium: RTTI: slot 17 of vtable 0xa3602c (Animation); class membership read from RTTI, method meaning not established
54558c	PropertySequenceAsset__vfunc_24	0	medium: RTTI: slot 24 of vtable 0xa35cb4 (PropertySequenceAsset); class membership read from RTTI, method meaning not established
546bef	ModelRes__vfunc_21	0	medium: RTTI: slot 21 of vtable 0xa368bc (ModelRes); class membership read from RTTI, method meaning not established
546e9e	ModelRes__vfunc_17	0	medium: RTTI: slot 17 of vtable 0xa368bc (ModelRes); class membership read from RTTI, method meaning not established
547006	ModelRes__vfunc_24	0	medium: RTTI: slot 24 of vtable 0xa368bc (ModelRes); class membership read from RTTI, method meaning not established
547568	ModelRes__vfunc_11	0	medium: RTTI: slot 11 of vtable 0xa368bc (ModelRes); class membership read from RTTI, method meaning not established
547584	ModelRes__RegisterMembers	0	high: pushes 41 "ModelRes::..." member-name strings paired with member-function pointers
547f13	PropertyKeyframe__vfunc_03	0	medium: RTTI: slot 3 of vtable 0xa37198 (PropertyKeyframe); class membership read from RTTI, method meaning not established
547f4c	PropertyKeyframe__vfunc_04	0	medium: RTTI: slot 4 of vtable 0xa37198 (PropertyKeyframe); class membership read from RTTI, method meaning not established
547fdb	NumberKeyframe__vfunc_04	0	medium: RTTI: slot 4 of vtable 0xa37328 (NumberKeyframe); class membership read from RTTI, method meaning not established
548037	NumberKeyframe__vfunc_03	0	medium: RTTI: slot 3 of vtable 0xa37328 (NumberKeyframe); class membership read from RTTI, method meaning not established
5481f7	Asset__vfunc_18	0	medium: RTTI: slot 18 of vtable 0xa38634 (Asset), inherited by 11 other vtables; class membership read from RTTI, method meaning not established
5482e0	Joint__GetParentSpacePos	0	medium: registered under this name in FUN_0051c5b1 (name string pushed immediately before the member-function pointer); COMDAT-folded, also: PhysicsWorld::GetGravity
548397	TerrainSurfaceSpawner__vfunc_18	0	medium: RTTI: slot 18 of vtable 0xa38f94 (TerrainSurfaceSpawner); class membership read from RTTI, method meaning not established
5483a7	ColorSequenceAffector__vfunc_15	0	medium: RTTI: slot 15 of vtable 0xa37fec (ColorSequenceAffector); class membership read from RTTI, method meaning not established
548454	ColorRangeInitializer__vfunc_15	0	medium: RTTI: slot 15 of vtable 0xa376f4 (ColorRangeInitializer); class membership read from RTTI, method meaning not established
5484c2	ProximityNoiseSpawner__vfunc_13	0	medium: RTTI: slot 13 of vtable 0xa39044 (ProximityNoiseSpawner); class membership read from RTTI, method meaning not established
548a63	PropertyKeyframe__vfunc_00	0	medium: RTTI: slot 0 of vtable 0xa37198 (PropertyKeyframe), inherited by 1 other vtables; class membership read from RTTI, method meaning not established
548c79	ProximityNoiseSpawner__GetSpawnHeight	0	high: registered under this name in FUN_005544d8 (name string pushed immediately before the member-function pointer)
548d27	GeometryCollisionAffector__vfunc_11	0	medium: RTTI: slot 11 of vtable 0xa373b4 (GeometryCollisionAffector); class membership read from RTTI, method meaning not established
548d43	ParticleType__GetOrient	0	high: registered under this name in FUN_0055c1d2 (name string pushed immediately before the member-function pointer)
548d5a	ParticleType__GetOwnerAsset	0	high: registered under this name in FUN_0055c1d2 (name string pushed immediately before the member-function pointer)
549037	EmitterTrailSpawner__vfunc_11	0	medium: RTTI: slot 11 of vtable 0xa37454 (EmitterTrailSpawner); class membership read from RTTI, method meaning not established
549059	EmitterTrailSpawner__vfunc_15	0	medium: RTTI: slot 15 of vtable 0xa37454 (EmitterTrailSpawner); class membership read from RTTI, method meaning not established
5491b9	BlockMemorySetup__GetMaxGfxMemPerAutoStreamBlockMB	0	medium: registered under this name in FUN_004e057f (name string pushed immediately before the member-function pointer); COMDAT-folded, also: BurstSpawner::GetMaxBurstInterval, ProximityNoiseSpawner::GetSpawnDistance, TerrainSurfaceSpawner::GetLifeVariance
5491bd	BlockMemorySetup__GetMaxBaseLayerGfxSizeMB	0	medium: registered under this name in FUN_004e057f (name string pushed immediately before the member-function pointer); COMDAT-folded, also: DampeningAffector::GetDamp, EmitterTrailSpawner::GetStretchAdjust, GeometryCollisionAffector::GetRadius
5491c1	CameraOptions__GetCameraSpeedFactor	0	medium: registered under this name in FUN_004e3d1f (name string pushed immediately before the member-function pointer); COMDAT-folded, also: EventGeneratorAffector::GetEndTime, Joint::GetMaxTorque, ProximityNoiseSpawner::GetFadeDistance
549477	TerrainSurfaceSpawner__vfunc_15	0	medium: RTTI: slot 15 of vtable 0xa38f94 (TerrainSurfaceSpawner); class membership read from RTTI, method meaning not established
5494bf	EventGeneratorAffector__vfunc_15	0	medium: RTTI: slot 15 of vtable 0xa374ac (EventGeneratorAffector); class membership read from RTTI, method meaning not established
549586	ProximityNoiseSpawner__GetDensity	0	high: registered under this name in FUN_005544d8 (name string pushed immediately before the member-function pointer)
54959b	AnimBlendSource__GetSpeedFactor	0	medium: registered under this name in FUN_004b8f76 (name string pushed immediately before the member-function pointer); COMDAT-folded, also: GEKeyFrame::GetTextureScroll, LensFlare::GetFadeCamaraAngle2, ParticleType::GetParticleLife
5495a2	LensFlare__GetColorAsVector	0	medium: registered under this name in FUN_004bd024 (name string pushed immediately before the member-function pointer); COMDAT-folded, also: ProximityNoiseSpawner::GetScroll
5495b6	VarianceInitializer__GetOrient	0	high: registered under this name in FUN_005501a8 (name string pushed immediately before the member-function pointer)
5495ca	GEKeyFrame__GetScaleZ	0	medium: registered under this name in FUN_004b8f76 (name string pushed immediately before the member-function pointer); COMDAT-folded, also: VarianceInitializer::GetSize
54964e	VarianceInitializer__vfunc_15	0	medium: RTTI: slot 15 of vtable 0xa374f4 (VarianceInitializer); class membership read from RTTI, method meaning not established
54afb5	Vec_Init	0	medium: read: count=0, data=0, allocator id byte, flags
54b574	PropertyKeyframe__vfunc_01	0	medium: RTTI: slot 1 of vtable 0xa37198 (PropertyKeyframe); class membership read from RTTI, method meaning not established
54b6d4	PropertyKeyframe__vfunc_02	0	medium: RTTI: slot 2 of vtable 0xa37198 (PropertyKeyframe); class membership read from RTTI, method meaning not established
54b7cd	NumberKeyframe__vfunc_01	0	medium: RTTI: slot 1 of vtable 0xa37328 (NumberKeyframe); class membership read from RTTI, method meaning not established
54b8fd	NumberKeyframe__vfunc_02	0	medium: RTTI: slot 2 of vtable 0xa37328 (NumberKeyframe); class membership read from RTTI, method meaning not established
54bb28	Asset__vfunc_07	0	medium: RTTI: slot 7 of vtable 0xa38634 (Asset), inherited by 16 other vtables; class membership read from RTTI, method meaning not established
54bbf9	SoundAsset__vfunc_22	0	medium: RTTI: slot 22 of vtable 0xa38a24 (SoundAsset); class membership read from RTTI, method meaning not established
54bc97	ParticleSystemAsset__SetLooping	0	medium: registered under this name in FUN_00552716 (name string pushed immediately before the member-function pointer); COMDAT-folded, also: SoundAsset::SetUseAdpcm
54bca4	MediaStreamAsset__vfunc_22	0	medium: RTTI: slot 22 of vtable 0xa39eb4 (MediaStreamAsset); class membership read from RTTI, method meaning not established
54bd42	MediaStreamAsset__vfunc_18	0	medium: RTTI: slot 18 of vtable 0xa39eb4 (MediaStreamAsset); class membership read from RTTI, method meaning not established
54bd98	MediaStreamAsset__SetZeroLatency	0	high: registered under this name in FUN_00554a2e (name string pushed immediately before the member-function pointer)
54bee9	MediaStreamAsset__SetLooping	0	medium: registered under this name in FUN_004da99c (name string pushed immediately before the member-function pointer); COMDAT-folded, also: SoundAsset::SetLooping, SoundSlot::SetUseCenterChannelOnly
54bef6	Animation__SetFrameRateScaling	0	medium: registered under this name in FUN_00543349 (name string pushed immediately before the member-function pointer); COMDAT-folded, also: MediaStreamAsset::SetXmaQuality, SoundAsset::SetXmaQuality
54bf03	GFXEffect__SetBloomContrast	0	medium: registered under this name in FUN_004c0af2 (name string pushed immediately before the member-function pointer); COMDAT-folded, also: MediaStreamAsset::SetMp3CompressionRatio, ParticleSystemAsset::SetDuration, SoundAsset::SetMp3CompressionRatio
54bfab	GeometryCollisionAffector__vfunc_15	0	medium: RTTI: slot 15 of vtable 0xa373b4 (GeometryCollisionAffector); class membership read from RTTI, method meaning not established
54d002	GeometryCollisionAffector__SetRadius	0	high: registered under this name in FUN_0054f8a8 (name string pushed immediately before the member-function pointer)
54d03a	GeometryCollisionAffector__SetElasticity	0	high: registered under this name in FUN_0054f8a8 (name string pushed immediately before the member-function pointer)
54d061	GeometryCollisionAffector__SetFriction	0	high: registered under this name in FUN_0054f8a8 (name string pushed immediately before the member-function pointer)
54d0af	CameraOptions__SetCameraSpeedFactor	0	medium: registered under this name in FUN_004e3d1f (name string pushed immediately before the member-function pointer); COMDAT-folded, also: EventGeneratorAffector::SetEndTime, ProximityNoiseSpawner::SetFadeDistance, SurfaceSpawner::SetParticleAmount
54d0b9	AlignNodeOptions__SetValueY	0	medium: registered under this name in FUN_004b8f76 (name string pushed immediately before the member-function pointer); COMDAT-folded, also: GEKeyFrame::SetTime, SnapOptions::SetSnapThreshold, SurfaceSpawner::SetSpeed
54d0c3	SurfaceSpawner__SetLifeVariance	0	high: registered under this name in FUN_0055384e (name string pushed immediately before the member-function pointer)
54d104	DebugMonitorOptions__SetPS3TargetIsDevelopKit	0	high: registered under this name in FUN_004e509d (name string pushed immediately before the member-function pointer)
54d10e	SurfaceSpawner__SetMaterialId	0	high: registered under this name in FUN_0055384e (name string pushed immediately before the member-function pointer)
54d1ae	TerrainSurfaceSpawner__SetParticleAmount	0	high: registered under this name in FUN_00553e77 (name string pushed immediately before the member-function pointer)
54d1bd	TerrainSurfaceSpawner__SetRadius	0	high: registered under this name in FUN_00553e77 (name string pushed immediately before the member-function pointer)
54d1cc	TerrainSurfaceSpawner__SetLifeVariance	0	high: registered under this name in FUN_00553e77 (name string pushed immediately before the member-function pointer)
54d27a	BurstSpawner__SetMinBurstAmount	0	medium: registered under this name in FUN_0054fde5 (name string pushed immediately before the member-function pointer); COMDAT-folded, also: EventGeneratorAffector::SetEventChannel, EventSpawner::SetMinBurstAmount, UVArrayInitializer::SetNumX
54d284	EventGeneratorAffector__SetStartTime	0	high: registered under this name in FUN_0054fde5 (name string pushed immediately before the member-function pointer)
54d5e3	ProximityNoiseSpawner__SetSpawnDistance	0	high: registered under this name in FUN_005544d8 (name string pushed immediately before the member-function pointer)
54d5f4	ProximityNoiseSpawner__SetDensity	0	high: registered under this name in FUN_005544d8 (name string pushed immediately before the member-function pointer)
54d60b	ProximityNoiseSpawner__SetJitterAmount	0	high: registered under this name in FUN_005544d8 (name string pushed immediately before the member-function pointer)
54d623	ProximityNoiseSpawner__SetScroll	0	high: registered under this name in FUN_005544d8 (name string pushed immediately before the member-function pointer)
54d635	ProximityNoiseSpawner__SetFollowCamera	0	high: registered under this name in FUN_005544d8 (name string pushed immediately before the member-function pointer)
54d646	ProximityNoiseSpawner__SetUseTerrainLayer	0	high: registered under this name in FUN_005544d8 (name string pushed immediately before the member-function pointer)
54d650	ProximityNoiseSpawner__SetSpawnHeight	0	high: registered under this name in FUN_005544d8 (name string pushed immediately before the member-function pointer)
54d6fc	VarianceInitializer__SetPosition	0	high: registered under this name in FUN_005501a8 (name string pushed immediately before the member-function pointer)
54d70e	VarianceInitializer__SetOrient	0	high: registered under this name in FUN_005501a8 (name string pushed immediately before the member-function pointer)
54d760	VarianceInitializer__SetRotation	0	high: registered under this name in FUN_005501a8 (name string pushed immediately before the member-function pointer)
54d7b2	GEKeyFrame__SetScaleZ	0	medium: registered under this name in FUN_004b8f76 (name string pushed immediately before the member-function pointer); COMDAT-folded, also: VarianceInitializer::SetSize
54f7d5	SoundAsset__Set3d	0	high: registered under this name in FUN_00552716 (name string pushed immediately before the member-function pointer)
54f810	MediaStreamAsset__vfunc_23	0	medium: RTTI: slot 23 of vtable 0xa39eb4 (MediaStreamAsset); class membership read from RTTI, method meaning not established
54f844	MediaStreamAsset__Set3d	0	high: registered under this name in FUN_00554a2e (name string pushed immediately before the member-function pointer)
54f8a8	GeometryCollisionAffector__RegisterMembers	0	high: pushes 14 "GeometryCollisionAffector::..." member-name strings paired with member-function pointers
54fd2e	EmitterTrailSpawner__RegisterMembers	0	high: pushes 2 "EmitterTrailSpawner::..." member-name strings paired with member-function pointers
54fde5	EventGeneratorAffector__RegisterMembers	0	high: pushes 8 "EventGeneratorAffector::..." member-name strings paired with member-function pointers
550130	BurstSpawner__SetMinBurstInterval	0	high: registered under this name in FUN_00554166 (name string pushed immediately before the member-function pointer)
55013f	BurstSpawner__SetMaxBurstInterval	0	high: registered under this name in FUN_00554166 (name string pushed immediately before the member-function pointer)
5501a8	VarianceInitializer__RegisterMembers	0	high: pushes 18 "VarianceInitializer::..." member-name strings paired with member-function pointers
5509fb	AssetType__vfunc_00	0	medium: RTTI: slot 0 of vtable 0xa384ac (AssetType); class membership read from RTTI, method meaning not established
551465	Asset__vfunc_06	0	medium: RTTI: slot 6 of vtable 0xa38634 (Asset), inherited by 11 other vtables; class membership read from RTTI, method meaning not established
5515cd	Asset__vfunc_19	0	medium: RTTI: slot 19 of vtable 0xa38634 (Asset), inherited by 12 other vtables; class membership read from RTTI, method meaning not established
5516fa	SoundAsset__vfunc_24	0	medium: RTTI: slot 24 of vtable 0xa38a24 (SoundAsset); class membership read from RTTI, method meaning not established
55174b	SoundAsset__vfunc_06	0	medium: RTTI: slot 6 of vtable 0xa38a24 (SoundAsset); class membership read from RTTI, method meaning not established
5517ae	MediaStreamAsset__vfunc_19	0	medium: RTTI: slot 19 of vtable 0xa39eb4 (MediaStreamAsset); class membership read from RTTI, method meaning not established
55183d	MediaStreamAsset__vfunc_06	0	medium: RTTI: slot 6 of vtable 0xa39eb4 (MediaStreamAsset); class membership read from RTTI, method meaning not established
551939	ColorSequenceAffector__RegisterMembers	0	high: pushes 2 "ColorSequenceAffector::..." member-name strings paired with member-function pointers
5519f0	ColorRangeInitializer__RegisterMembers	0	high: pushes 2 "ColorRangeInitializer::..." member-name strings paired with member-function pointers
551aa7	BurstSpawner__vfunc_13	0	medium: RTTI: slot 13 of vtable 0xa38fec (BurstSpawner); class membership read from RTTI, method meaning not established
552068	Asset__RegisterMembers	0	high: pushes 1 "Asset::..." member-name strings paired with member-function pointers
552165	Asset__vfunc_20	0	medium: RTTI: slot 20 of vtable 0xa38634 (Asset), inherited by 14 other vtables; class membership read from RTTI, method meaning not established
552675	Asset__vfunc_11	0	medium: RTTI: slot 11 of vtable 0xa38634 (Asset); class membership read from RTTI, method meaning not established
5526fa	SoundAsset__vfunc_11	0	medium: RTTI: slot 11 of vtable 0xa38a24 (SoundAsset); class membership read from RTTI, method meaning not established
552716	SoundAsset__RegisterMembers	0	high: pushes 12 "SoundAsset::..." member-name strings paired with member-function pointers
552b27	SurfaceSpawner__vfunc_11	0	medium: RTTI: slot 11 of vtable 0xa38f3c (SurfaceSpawner); class membership read from RTTI, method meaning not established
552bb1	TerrainSurfaceSpawner__vfunc_11	0	medium: RTTI: slot 11 of vtable 0xa38f94 (TerrainSurfaceSpawner); class membership read from RTTI, method meaning not established
552c58	TerrainSurfaceSpawner__vfunc_17	0	medium: RTTI: slot 17 of vtable 0xa38f94 (TerrainSurfaceSpawner); class membership read from RTTI, method meaning not established
552db5	ProximityNoiseSpawner__vfunc_11	0	medium: RTTI: slot 11 of vtable 0xa39044 (ProximityNoiseSpawner); class membership read from RTTI, method meaning not established
5535d5	ProximityNoiseSpawner__vfunc_15	0	medium: RTTI: slot 15 of vtable 0xa39044 (ProximityNoiseSpawner); class membership read from RTTI, method meaning not established
55384e	SurfaceSpawner__RegisterMembers	0	high: pushes 16 "SurfaceSpawner::..." member-name strings paired with member-function pointers
553d35	SurfaceSpawner__vfunc_15	0	medium: RTTI: slot 15 of vtable 0xa38f3c (SurfaceSpawner); class membership read from RTTI, method meaning not established
553d4d	SurfaceSpawner__vfunc_16	0	medium: RTTI: slot 16 of vtable 0xa38f3c (SurfaceSpawner); class membership read from RTTI, method meaning not established
553dae	SurfaceSpawner__vfunc_17	0	medium: RTTI: slot 17 of vtable 0xa38f3c (SurfaceSpawner); class membership read from RTTI, method meaning not established
553e77	TerrainSurfaceSpawner__RegisterMembers	0	high: pushes 10 "TerrainSurfaceSpawner::..." member-name strings paired with member-function pointers
55414a	BurstSpawner__vfunc_11	0	medium: RTTI: slot 11 of vtable 0xa38fec (BurstSpawner); class membership read from RTTI, method meaning not established
554166	BurstSpawner__RegisterMembers	0	high: pushes 8 "BurstSpawner::..." member-name strings paired with member-function pointers
554342	BurstSpawner__vfunc_19	0	medium: RTTI: slot 19 of vtable 0xa38fec (BurstSpawner); class membership read from RTTI, method meaning not established
5544d8	ProximityNoiseSpawner__RegisterMembers	0	high: pushes 18 "ProximityNoiseSpawner::..." member-name strings paired with member-function pointers
554a12	MediaStreamAsset__vfunc_11	0	medium: RTTI: slot 11 of vtable 0xa39eb4 (MediaStreamAsset); class membership read from RTTI, method meaning not established
554a2e	MediaStreamAsset__RegisterMembers	0	high: pushes 10 "MediaStreamAsset::..." member-name strings paired with member-function pointers
554d7d	MediaStreamAsset__vfunc_21	0	medium: RTTI: slot 21 of vtable 0xa39eb4 (MediaStreamAsset); class membership read from RTTI, method meaning not established
555288	MediaStreamAsset__vfunc_24	0	medium: RTTI: slot 24 of vtable 0xa39eb4 (MediaStreamAsset); class membership read from RTTI, method meaning not established
5552d3	OpacitySequenceAffector__vfunc_15	0	medium: RTTI: slot 15 of vtable 0xa3ab3c (OpacitySequenceAffector); class membership read from RTTI, method meaning not established
555351	AIWorldNode__GetStaticPathObjectsAsProperty	0	medium: registered under this name in FUN_00484ffb (name string pushed immediately before the member-function pointer); COMDAT-folded, also: ParticleType::GetAffectorsAsProperty
555355	EventSpawner__vfunc_19	0	medium: RTTI: slot 19 of vtable 0xa3a484 (EventSpawner); class membership read from RTTI, method meaning not established
55535f	ParticleSystemAsset__GetParticleTypesAsProperty	0	high: registered under this name in FUN_0055da60 (name string pushed immediately before the member-function pointer)
555366	ParticleSystemSlot__GetParticleIdMSG	0	high: registered under this name in FUN_0055d73f (name string pushed immediately before the member-function pointer)
555375	ParticleSystemSlot__SetParticleIdMSG	0	high: registered under this name in FUN_0055d73f (name string pushed immediately before the member-function pointer)
5553d0	PositionInitializer__vfunc_15	0	medium: RTTI: slot 15 of vtable 0xa3a284 (PositionInitializer); class membership read from RTTI, method meaning not established
5559a5	BlockMemorySetup__GetMaxNumLoadedAutoStreamBlocks	0	medium: registered under this name in FUN_004e057f (name string pushed immediately before the member-function pointer); COMDAT-folded, also: BurstSpawner::GetMaxBurstAmount, EventSpawner::GetMaxBurstAmount, UVArrayAffector::GetNumX
5559ce	UVArrayInitializer__vfunc_15	0	medium: RTTI: slot 15 of vtable 0xa3a364 (UVArrayInitializer); class membership read from RTTI, method meaning not established
555ab0	RotateAffector__vfunc_15	0	medium: RTTI: slot 15 of vtable 0xa3a3ac (RotateAffector); class membership read from RTTI, method meaning not established
555b6d	LinearForceAffector__GetForce	0	medium: registered under this name in FUN_005501a8 (name string pushed immediately before the member-function pointer); COMDAT-folded, also: VarianceInitializer::GetRotation
555b81	LinearForceAffector__vfunc_15	0	medium: RTTI: slot 15 of vtable 0xa3a3f4 (LinearForceAffector); class membership read from RTTI, method meaning not established
555c2b	EventGeneratorAffector__GetInterval	0	medium: registered under this name in FUN_0051f882 (name string pushed immediately before the member-function pointer); COMDAT-folded, also: GeometryCollisionAffector::GetElasticity, IrregularSpawner::GetVariance, Joint::GetJointProjectionAngle
555c4c	DampeningAffector__vfunc_15	0	medium: RTTI: slot 15 of vtable 0xa3a43c (DampeningAffector); class membership read from RTTI, method meaning not established
555da3	EventSpawner__GetInheritedVelocityFactor	0	high: registered under this name in FUN_00557b50 (name string pushed immediately before the member-function pointer)
555daa	ParticleType__GetImmortalParticles	0	high: registered under this name in FUN_0055c1d2 (name string pushed immediately before the member-function pointer)
555db1	AIWorldNode__GetStepLength	0	medium: registered under this name in FUN_00484ffb (name string pushed immediately before the member-function pointer); COMDAT-folded, also: DetailMeshAsset::GetRange, GrassAsset::GetWidthVariance, ParticleType::GetStartTime
555db8	AIWorldNode__GetGraphAccuracy	0	medium: registered under this name in FUN_00484ffb (name string pushed immediately before the member-function pointer); COMDAT-folded, also: GrassAsset::GetHeightVariance, ParticleType::GetStretchFactor
555dbf	ParticleType__GetParticleOrient	0	high: registered under this name in FUN_0055c1d2 (name string pushed immediately before the member-function pointer)
555dd6	Cloth__GetUseMinAdhereVelocity	0	medium: registered under this name in FUN_0050f877 (name string pushed immediately before the member-function pointer); COMDAT-folded, also: ParticleType::GetAlphaFalloffEnabled
555ddd	ParticleType__GetSrcBlendAsInt	0	high: registered under this name in FUN_0055c1d2 (name string pushed immediately before the member-function pointer)
555de4	ParticleType__GetBlendOpAsInt	0	high: registered under this name in FUN_0055c1d2 (name string pushed immediately before the member-function pointer)
555deb	ParticleType__GetUseOcclusion	0	high: registered under this name in FUN_0055c1d2 (name string pushed immediately before the member-function pointer)
555df2	EventSpawner__vfunc_20	0	medium: RTTI: slot 20 of vtable 0xa3a484 (EventSpawner); class membership read from RTTI, method meaning not established
555e61	SoundAsset__GetUseAdpcm	0	high: registered under this name in FUN_00552716 (name string pushed immediately before the member-function pointer)
555e68	ParticleSystemAsset__GetEnableUpdateEvents	0	high: registered under this name in FUN_0055da60 (name string pushed immediately before the member-function pointer)
555e6f	ParticleSystemAsset__GetEnableDieEvents	0	medium: registered under this name in FUN_00526589 (name string pushed immediately before the member-function pointer); COMDAT-folded, also: TextureSheet::GetCastShadow
555e76	TextureSheet__GetReceiveShadow	0	high: registered under this name in FUN_00526589 (name string pushed immediately before the member-function pointer)
555e7d	AIBrainNode__GetFollowHasArrived	0	medium: registered under this name in FUN_004865b9 (name string pushed immediately before the member-function pointer); COMDAT-folded, also: ParticleSystemAsset::GetAlwaysUpdate, RenderOptions::GetRenderAntialiasing, TextureSheet::GetTwoSided
555e84	DetailMeshAsset__GetMovementPower	0	medium: registered under this name in FUN_004c0af2 (name string pushed immediately before the member-function pointer); COMDAT-folded, also: GFXEffect::GetContrast, ParticleSystemAsset::GetCullingRadius, RigidBody::GetMaxLinearVelocity
555e92	GrassAsset__GetNumVCells	0	medium: registered under this name in FUN_005339ed (name string pushed immediately before the member-function pointer); COMDAT-folded, also: ParticleSystemAsset::GetNumVariations
555f2a	ParticleType__vfunc_06	0	medium: RTTI: slot 6 of vtable 0xa3b2b8 (ParticleType); class membership read from RTTI, method meaning not established
556985	ParticleType__GetTextureAsset	0	high: registered under this name in FUN_0055c1d2 (name string pushed immediately before the member-function pointer)
556c03	BurstSpawner__SetMaxBurstAmount	0	medium: registered under this name in FUN_00554166 (name string pushed immediately before the member-function pointer); COMDAT-folded, also: EventSpawner::SetMaxBurstAmount, UVArrayInitializer::SetNumY
556ca3	RotateAffector__SetRotationZ	0	medium: registered under this name in FUN_00553e77 (name string pushed immediately before the member-function pointer); COMDAT-folded, also: TerrainSurfaceSpawner::SetSpeed
556d43	LinearForceAffector__SetForce	0	high: registered under this name in FUN_0055793f (name string pushed immediately before the member-function pointer)
556d55	EventGeneratorAffector__SetInterval	0	medium: registered under this name in FUN_0054fde5 (name string pushed immediately before the member-function pointer); COMDAT-folded, also: IrregularSpawner::SetVariance, PlaneCollisionAffector::SetElasticity, RotateAffector::SetRotationY
556d5f	PlaneCollisionAffector__SetNodeRef	0	medium: registered under this name in FUN_0055aa4f (name string pushed immediately before the member-function pointer); COMDAT-folded, also: TerrainCollisionAffector::SetNodeRef
556da1	ColorRangeInitializer__SetColorString	0	medium: registered under this name in FUN_00551939 (name string pushed immediately before the member-function pointer); COMDAT-folded, also: ColorSequenceAffector::SetColorString, IlluminationAffector::SetSISequenceString, OpacitySequenceAffector::SetColorString
556f57	EventSpawner__SetInheritedVelocityFactor	0	high: registered under this name in FUN_00557b50 (name string pushed immediately before the member-function pointer)
556f72	CubeMapNode__GetTexture	0	medium: registered under this name in FUN_004a601d (name string pushed immediately before the member-function pointer); COMDAT-folded, also: EmitterNode::GetAssetFile, FragmentNode::GetFragmentName, ParticleSystemSlot::GetAssetFile
556fbf	ParticleSystemAsset__SetEnableUpdateEvents	0	high: registered under this name in FUN_0055da60 (name string pushed immediately before the member-function pointer)
556fcc	TextureSheet__SetReceiveShadow	0	high: registered under this name in FUN_00526589 (name string pushed immediately before the member-function pointer)
556fd9	ParticleSystemAsset__SetAlwaysUpdate	0	medium: registered under this name in FUN_004e671c (name string pushed immediately before the member-function pointer); COMDAT-folded, also: RenderOptions::SetRenderAntialiasing
556fe6	ParticleSystemAsset__SetEvolveFramesOnStart	0	high: registered under this name in FUN_0055da60 (name string pushed immediately before the member-function pointer)
55732d	ParticleType__GetModelResAsset	0	high: registered under this name in FUN_0055c1d2 (name string pushed immediately before the member-function pointer)
55733e	ParticleType__SetSimulationMode	0	high: registered under this name in FUN_0055c1d2 (name string pushed immediately before the member-function pointer)
55734d	AnimBlendSource__SetSpeedFactor	0	medium: registered under this name in FUN_004b8f76 (name string pushed immediately before the member-function pointer); COMDAT-folded, also: GEKeyFrame::SetTextureScroll, ParticleType::SetParticleLife
55735a	ParticleType__SetPosition	0	high: registered under this name in FUN_0055c1d2 (name string pushed immediately before the member-function pointer)
55736f	ParticleType__SetOrient	0	high: registered under this name in FUN_0055c1d2 (name string pushed immediately before the member-function pointer)
557384	ParticleType__SetParticleOrient	0	high: registered under this name in FUN_0055c1d2 (name string pushed immediately before the member-function pointer)
5573d6	ParticleType__SetImmortalParticles	0	high: registered under this name in FUN_0055c1d2 (name string pushed immediately before the member-function pointer)
5573e3	AnimBlendSource__SetEaseOutFactor	0	medium: registered under this name in FUN_004c0af2 (name string pushed immediately before the member-function pointer); COMDAT-folded, also: GFXEffect::SetFocalFarFallOff, ParticleType::SetVScale, TextureSheet::SetSpecularPower
5573fd	ParticleType__SetAlphaFalloffEnd	0	medium: registered under this name in FUN_00526589 (name string pushed immediately before the member-function pointer); COMDAT-folded, also: TextureSheet::SetReflectionLightFactor
557417	ParticleType__SetSrcBlendAsInt	0	high: registered under this name in FUN_0055c1d2 (name string pushed immediately before the member-function pointer)
557424	ParticleType__SetDstBlendAsInt	0	high: registered under this name in FUN_0055c1d2 (name string pushed immediately before the member-function pointer)
55743e	ParticleType__SetOcclusionAttenuationLow	0	high: registered under this name in FUN_0055c1d2 (name string pushed immediately before the member-function pointer)
557459	ParticleType__SetOcclusionAttenuationHigh	0	high: registered under this name in FUN_0055c1d2 (name string pushed immediately before the member-function pointer)
557474	ParticleType__SetUseOcclusion	0	high: registered under this name in FUN_0055c1d2 (name string pushed immediately before the member-function pointer)
557481	ParticleType__SetLocalMode	0	high: registered under this name in FUN_0055c1d2 (name string pushed immediately before the member-function pointer)
5576aa	UVArrayInitializer__RegisterMembers	0	high: pushes 4 "UVArrayInitializer::..." member-name strings paired with member-function pointers
5577c4	RotateAffector__RegisterMembers	0	high: pushes 6 "RotateAffector::..." member-name strings paired with member-function pointers
55793f	LinearForceAffector__RegisterMembers	0	high: pushes 2 "LinearForceAffector::..." member-name strings paired with member-function pointers
557a99	DampeningAffector__RegisterMembers	0	high: pushes 2 "DampeningAffector::..." member-name strings paired with member-function pointers
557b50	EventSpawner__RegisterMembers	0	high: pushes 10 "EventSpawner::..." member-name strings paired with member-function pointers
55833c	ParticleType__SetModelResAsset	0	high: registered under this name in FUN_0055c1d2 (name string pushed immediately before the member-function pointer)
558392	ParticleType__SetTextureAsset	0	high: registered under this name in FUN_0055c1d2 (name string pushed immediately before the member-function pointer)
5584fd	IrregularSpawner__vfunc_13	0	medium: RTTI: slot 13 of vtable 0xa3b2ec (IrregularSpawner); class membership read from RTTI, method meaning not established
5585ae	OpacitySequenceAffector__RegisterMembers	0	high: pushes 2 "OpacitySequenceAffector::..." member-name strings paired with member-function pointers
558665	ParticleSystemSlot__SetEmitterLoopMSG	0	high: registered under this name in FUN_0055d73f (name string pushed immediately before the member-function pointer)
5586e3	ParticleSystemSlot__vfunc_17	0	medium: RTTI: slot 17 of vtable 0xa3b19c (ParticleSystemSlot); class membership read from RTTI, method meaning not established
558a29	ParticleSystemAsset__vfunc_23	0	medium: RTTI: slot 23 of vtable 0xa3b23c (ParticleSystemAsset); class membership read from RTTI, method meaning not established
558b39	ParticleSystemAsset__vfunc_22	0	medium: RTTI: slot 22 of vtable 0xa3b23c (ParticleSystemAsset); class membership read from RTTI, method meaning not established
5592c6	ParticleType__SetTypeAffectorsAsProperty	0	high: registered under this name in FUN_0055c1d2 (name string pushed immediately before the member-function pointer)
5592ce	ParticleType__SetSpawnersAsProperty	0	high: registered under this name in FUN_0055c1d2 (name string pushed immediately before the member-function pointer)
5592d6	ParticleType__SetAffectorsAsProperty	0	high: registered under this name in FUN_0055c1d2 (name string pushed immediately before the member-function pointer)
559324	ParticleType__SetInitializersAsProperty	0	high: registered under this name in FUN_0055c1d2 (name string pushed immediately before the member-function pointer)
55947d	PlaneCollisionAffector__vfunc_15	0	medium: RTTI: slot 15 of vtable 0xa3b0e4 (PlaneCollisionAffector); class membership read from RTTI, method meaning not established
559985	TerrainCollisionAffector__vfunc_15	0	medium: RTTI: slot 15 of vtable 0xa3b504 (TerrainCollisionAffector); class membership read from RTTI, method meaning not established
559d33	EventSpawner__vfunc_13	0	medium: RTTI: slot 13 of vtable 0xa3a484 (EventSpawner); class membership read from RTTI, method meaning not established
55aa4f	PlaneCollisionAffector__RegisterMembers	0	high: pushes 6 "PlaneCollisionAffector::..." member-name strings paired with member-function pointers
55ad4f	ParticleSystemSlot__GetEmitterListMSG	0	high: registered under this name in FUN_0055d73f (name string pushed immediately before the member-function pointer)
55add6	ParticleSystemSlot__StartEmitterMSG	0	high: registered under this name in FUN_0055d73f (name string pushed immediately before the member-function pointer)
55ae4f	ParticleSystemSlot__StopEmitterMSG	0	high: registered under this name in FUN_0055d73f (name string pushed immediately before the member-function pointer)
55aec8	ParticleSystemSlot__StopAllEmittersMSG	0	high: registered under this name in FUN_0055d73f (name string pushed immediately before the member-function pointer)
55af0c	ParticleSystemSlot__SpawnParticleMSG	0	high: registered under this name in FUN_0055d73f (name string pushed immediately before the member-function pointer)
55af7f	ParticleSystemSlot__SetAssetFile	0	high: registered under this name in FUN_0055d73f (name string pushed immediately before the member-function pointer)
55afe8	ParticleSystemAsset__vfunc_11	0	medium: RTTI: slot 11 of vtable 0xa3b23c (ParticleSystemAsset); class membership read from RTTI, method meaning not established
55b0e7	ParticleSystemAsset__SetParticleTypesAsProperty	0	high: registered under this name in FUN_0055da60 (name string pushed immediately before the member-function pointer)
55b483	ParticleType__vfunc_11	0	medium: RTTI: slot 11 of vtable 0xa3b2b8 (ParticleType); class membership read from RTTI, method meaning not established
55b51b	ParticleType__SetMaxParticles	0	high: registered under this name in FUN_0055c1d2 (name string pushed immediately before the member-function pointer)
55b547	ParticleType__SetOwnerAsset	0	high: registered under this name in FUN_0055c1d2 (name string pushed immediately before the member-function pointer)
55b6ce	IrregularSpawner__vfunc_11	0	medium: RTTI: slot 11 of vtable 0xa3b2ec (IrregularSpawner); class membership read from RTTI, method meaning not established
55b6ea	IrregularSpawner__RegisterMembers	0	high: pushes 4 "IrregularSpawner::..." member-name strings paired with member-function pointers
55b804	IrregularSpawner__vfunc_19	0	medium: RTTI: slot 19 of vtable 0xa3b2ec (IrregularSpawner); class membership read from RTTI, method meaning not established
55b96a	TerrainCollisionAffector__RegisterMembers	0	high: pushes 6 "TerrainCollisionAffector::..." member-name strings paired with member-function pointers
55c1d2	ParticleType__RegisterMembers	0	high: pushes 72 "ParticleType::..." member-name strings paired with member-function pointers
55d03b	ParticleSystemSlot__DeleteAllEmittersMSG	0	high: registered under this name in FUN_0055d73f (name string pushed immediately before the member-function pointer)
55d059	ParticleSystemSlot__CreateEmitterMSG	0	high: registered under this name in FUN_0055d73f (name string pushed immediately before the member-function pointer)
55d2a0	ParticleSystemSlot__DeleteEmitterMSG	0	high: registered under this name in FUN_0055d73f (name string pushed immediately before the member-function pointer)
55d3ed	ParticleSystemAsset__vfunc_24	0	medium: RTTI: slot 24 of vtable 0xa3b23c (ParticleSystemAsset); class membership read from RTTI, method meaning not established
55d4c9	ParticleSystemAsset__vfunc_21	0	medium: RTTI: slot 21 of vtable 0xa3b23c (ParticleSystemAsset); class membership read from RTTI, method meaning not established
55d695	ParticleSystemAsset__SetRenderInstanced	0	high: registered under this name in FUN_0055da60 (name string pushed immediately before the member-function pointer)
55d6b2	ParticleSystemAsset__SetNumVariations	0	high: registered under this name in FUN_0055da60 (name string pushed immediately before the member-function pointer)
55d73f	ParticleSystemSlot__RegisterMembers	0	high: pushes 14 "ParticleSystemSlot::..." member-name strings paired with member-function pointers
55da60	ParticleSystemAsset__RegisterMembers	0	high: pushes 24 "ParticleSystemAsset::..." member-name strings paired with member-function pointers
55dff9	ParticleSystemSlot__vfunc_11	0	medium: RTTI: slot 11 of vtable 0xa3b19c (ParticleSystemSlot); class membership read from RTTI, method meaning not established
55e225	EmitterNode__ResetMSG	0	high: registered under this name in FUN_005639d5 (name string pushed immediately before the member-function pointer)
55e241	EmitterNode__StopMSG	0	high: registered under this name in FUN_005639d5 (name string pushed immediately before the member-function pointer)
55e292	RenderAlgorithm__vfunc_00	0	medium: RTTI: slot 0 of vtable 0xa3d2f0 (RenderAlgorithm); class membership read from RTTI, method meaning not established
55f050	AIBrainNode__GetFleeIsInDanger	0	medium: registered under this name in FUN_004865b9 (name string pushed immediately before the member-function pointer); COMDAT-folded, also: CharacterController::GetIsInTeleportMode, IlluminationAffector::GetAmbientEnabled
55f057	EmitterNode__GetAutoStart	0	medium: registered under this name in FUN_004ae441 (name string pushed immediately before the member-function pointer); COMDAT-folded, also: LoadBlock::GetIsCommonBlock
55f307	RegularSpawner__vfunc_19	0	medium: RTTI: slot 19 of vtable 0xa3d98c (RegularSpawner); class membership read from RTTI, method meaning not established
55f332	GrowthAffector__vfunc_15	0	medium: RTTI: slot 15 of vtable 0xa3d9e4 (GrowthAffector); class membership read from RTTI, method meaning not established
55f375	TraceAffector__vfunc_15	0	medium: RTTI: slot 15 of vtable 0xa3da2c (TraceAffector); class membership read from RTTI, method meaning not established
55f3fe	SizeSequenceAffector__vfunc_15	0	medium: RTTI: slot 15 of vtable 0xa3da74 (SizeSequenceAffector); class membership read from RTTI, method meaning not established
55f491	IlluminationAffector__vfunc_15	0	medium: RTTI: slot 15 of vtable 0xa3dabc (IlluminationAffector); class membership read from RTTI, method meaning not established
55f4e9	ParticleModule__vfunc_14	0	medium: RTTI: slot 14 of vtable 0xa371b4 (ParticleModule), inherited by 31 other vtables; class membership read from RTTI, method meaning not established
55f512	ParticleSpawner__vfunc_15	0	medium: RTTI: slot 15 of vtable 0xa37284 (ParticleSpawner), inherited by 4 other vtables; class membership read from RTTI, method meaning not established
55f6b0	EmitterNode__vfunc_20	0	medium: RTTI: slot 20 of vtable 0xa3d3fc (EmitterNode); class membership read from RTTI, method meaning not established
55f6c4	EventSpawner__GetEventChannel	0	high: registered under this name in FUN_00557b50 (name string pushed immediately before the member-function pointer)
5605ae	DampeningAffector__SetDamp	0	medium: registered under this name in FUN_0054fd2e (name string pushed immediately before the member-function pointer); COMDAT-folded, also: EmitterTrailSpawner::SetStretchAdjust, GrowthAffector::SetGrowth, IrregularSpawner::SetBirthRate
560638	MeshParticleData__vfunc_00	0	medium: RTTI: slot 0 of vtable 0xa3d538 (MeshParticleData); class membership read from RTTI, method meaning not established
560675	MeshParticleData__vfunc_01	0	medium: RTTI: slot 1 of vtable 0xa3d538 (MeshParticleData); class membership read from RTTI, method meaning not established
5607af	EmitterNode__vfunc_11	0	medium: RTTI: slot 11 of vtable 0xa3d3fc (EmitterNode); class membership read from RTTI, method meaning not established
5607cb	EmitterNode__SpawnParticleMSG	0	high: registered under this name in FUN_005639d5 (name string pushed immediately before the member-function pointer)
5608d0	EmitterNode__vfunc_17	0	medium: RTTI: slot 17 of vtable 0xa3d3fc (EmitterNode); class membership read from RTTI, method meaning not established
560b25	EmitterNode__SetAutoStart	0	high: registered under this name in FUN_005639d5 (name string pushed immediately before the member-function pointer)
560b32	UVArrayAffector__vfunc_15	0	medium: RTTI: slot 15 of vtable 0xa3db04 (UVArrayAffector); class membership read from RTTI, method meaning not established
560b74	UVArrayAffector__SetNumX	0	high: registered under this name in FUN_00565445 (name string pushed immediately before the member-function pointer)
560b96	UVArrayAffector__SetNumY	0	high: registered under this name in FUN_00565445 (name string pushed immediately before the member-function pointer)
560bd6	ParticleExecuteThreadContainer__vfunc_01	0	medium: RTTI: slot 1 of vtable 0xa3d5e0 (ParticleExecuteThreadContainer); class membership read from RTTI, method meaning not established
561117	Simple3DRA__vfunc_02	0	medium: RTTI: slot 2 of vtable 0xa3db5c (Simple3DRA); class membership read from RTTI, method meaning not established
561503	MasterRA__vfunc_03	0	medium: RTTI: slot 3 of vtable 0xa3e6a4 (MasterRA); class membership read from RTTI, method meaning not established
561521	MasterRA__vfunc_01	0	medium: RTTI: slot 1 of vtable 0xa3e6a4 (MasterRA); class membership read from RTTI, method meaning not established
561aca	ParticleTypeInstance__vfunc_00	0	medium: RTTI: slot 0 of vtable 0xa3d3a4 (ParticleTypeInstance); class membership read from RTTI, method meaning not established
561bc4	SizeSequenceAffector__SetSizeString	0	high: registered under this name in FUN_00564f30 (name string pushed immediately before the member-function pointer)
561c49	IlluminationAffector__SetBloomSequenceString	0	high: registered under this name in FUN_0056504a (name string pushed immediately before the member-function pointer)
561d1c	MeshParticleData__vfunc_02	0	medium: RTTI: slot 2 of vtable 0xa3d538 (MeshParticleData); class membership read from RTTI, method meaning not established
561db3	EmitterNode__SetAssetFile	0	high: registered under this name in FUN_005639d5 (name string pushed immediately before the member-function pointer)
561e00	ParticleExecuteThreadContainer__vfunc_00	0	medium: RTTI: slot 0 of vtable 0xa3d5e0 (ParticleExecuteThreadContainer); class membership read from RTTI, method meaning not established
563230	Simple3DRA__vfunc_01	0	medium: RTTI: slot 1 of vtable 0xa3db5c (Simple3DRA); class membership read from RTTI, method meaning not established
5632f6	MasterRA__vfunc_02	0	medium: RTTI: slot 2 of vtable 0xa3e6a4 (MasterRA); class membership read from RTTI, method meaning not established
5639d5	EmitterNode__RegisterMembers	0	high: pushes 9 "EmitterNode::..." member-name strings paired with member-function pointers
56460f	RenderPipe__vfunc_00	0	medium: RTTI: slot 0 of vtable 0xa3db48 (RenderPipe), inherited by 1 other vtables; class membership read from RTTI, method meaning not established
564b2d	RegularSpawner__RegisterMembers	0	high: pushes 2 "RegularSpawner::..." member-name strings paired with member-function pointers
564c7a	GrowthAffector__RegisterMembers	0	high: pushes 2 "GrowthAffector::..." member-name strings paired with member-function pointers
564dc7	TraceAffector__RegisterMembers	0	high: pushes 2 "TraceAffector::..." member-name strings paired with member-function pointers
564f14	SizeSequenceAffector__vfunc_11	0	medium: RTTI: slot 11 of vtable 0xa3da74 (SizeSequenceAffector); class membership read from RTTI, method meaning not established
564f30	SizeSequenceAffector__RegisterMembers	0	high: pushes 4 "SizeSequenceAffector::..." member-name strings paired with member-function pointers
56504a	IlluminationAffector__RegisterMembers	0	high: pushes 8 "IlluminationAffector::..." member-name strings paired with member-function pointers
565226	IlluminationAffector__vfunc_11	0	medium: RTTI: slot 11 of vtable 0xa3dabc (IlluminationAffector); class membership read from RTTI, method meaning not established
565445	UVArrayAffector__RegisterMembers	0	high: pushes 10 "UVArrayAffector::..." member-name strings paired with member-function pointers
565682	ParticleModule__vfunc_11	0	medium: RTTI: slot 11 of vtable 0xa371b4 (ParticleModule), inherited by 17 other vtables; class membership read from RTTI, method meaning not established
565e62	MasterRA__vfunc_00	0	medium: RTTI: slot 0 of vtable 0xa3e6a4 (MasterRA); class membership read from RTTI, method meaning not established
567f2f	REMain__vfunc_03	0	medium: RTTI: slot 3 of vtable 0xa3e780 (REMain); class membership read from RTTI, method meaning not established
567f59	REDeferredFalloff__vfunc_03	0	medium: RTTI: slot 3 of vtable 0xa3e7b4 (REDeferredFalloff); class membership read from RTTI, method meaning not established
5680ce	REDeferredMain__vfunc_03	0	medium: RTTI: slot 3 of vtable 0xa3e7e8 (REDeferredMain); class membership read from RTTI, method meaning not established
568203	REDeferredMain2__vfunc_08	0	medium: RTTI: slot 8 of vtable 0xa3e81c (REDeferredMain2); class membership read from RTTI, method meaning not established
568214	REDeferredMain2__vfunc_14	0	medium: RTTI: slot 14 of vtable 0xa3e81c (REDeferredMain2); class membership read from RTTI, method meaning not established
568222	REDeferredWetSurface__vfunc_03	0	medium: RTTI: slot 3 of vtable 0xa3e868 (REDeferredWetSurface); class membership read from RTTI, method meaning not established
568281	REDeferredTerrain__vfunc_10	0	medium: RTTI: slot 10 of vtable 0xa3e89c (REDeferredTerrain); class membership read from RTTI, method meaning not established
5682aa	REDeferredTerrain__vfunc_09	0	medium: RTTI: slot 9 of vtable 0xa3e89c (REDeferredTerrain); class membership read from RTTI, method meaning not established
5682d7	REDeferredTerrain__vfunc_11	0	medium: RTTI: slot 11 of vtable 0xa3e89c (REDeferredTerrain); class membership read from RTTI, method meaning not established
568300	REDeferredTerrain__vfunc_03	0	medium: RTTI: slot 3 of vtable 0xa3e89c (REDeferredTerrain); class membership read from RTTI, method meaning not established
568410	REDeferredTerrain__vfunc_15	0	medium: RTTI: slot 15 of vtable 0xa3e89c (REDeferredTerrain); class membership read from RTTI, method meaning not established
568a24	REDebug__vfunc_00	0	medium: RTTI: slot 0 of vtable 0xa3e74c (REDebug); class membership read from RTTI, method meaning not established
568a46	REDebug__vfunc_07	0	medium: RTTI: slot 7 of vtable 0xa3e74c (REDebug); class membership read from RTTI, method meaning not established
568d74	REMain__vfunc_00	0	medium: RTTI: slot 0 of vtable 0xa3e780 (REMain); class membership read from RTTI, method meaning not established
568d96	REMain__vfunc_06	0	medium: RTTI: slot 6 of vtable 0xa3e780 (REMain); class membership read from RTTI, method meaning not established
568ec7	REDeferredFalloff__vfunc_00	0	medium: RTTI: slot 0 of vtable 0xa3e7b4 (REDeferredFalloff); class membership read from RTTI, method meaning not established
568ee9	REDeferredFalloff__vfunc_06	0	medium: RTTI: slot 6 of vtable 0xa3e7b4 (REDeferredFalloff); class membership read from RTTI, method meaning not established
569078	REDeferredMain__vfunc_00	0	medium: RTTI: slot 0 of vtable 0xa3e7e8 (REDeferredMain); class membership read from RTTI, method meaning not established
56909a	REDeferredMain__vfunc_06	0	medium: RTTI: slot 6 of vtable 0xa3e7e8 (REDeferredMain); class membership read from RTTI, method meaning not established
569195	REDeferredMain2__vfunc_00	0	medium: RTTI: slot 0 of vtable 0xa3e81c (REDeferredMain2); class membership read from RTTI, method meaning not established
5691b7	REDeferredMain2__vfunc_09	0	medium: RTTI: slot 9 of vtable 0xa3e81c (REDeferredMain2); class membership read from RTTI, method meaning not established
5695a4	REDeferredMain2__vfunc_10	0	medium: RTTI: slot 10 of vtable 0xa3e81c (REDeferredMain2); class membership read from RTTI, method meaning not established
569702	REDeferredMain2__vfunc_13	0	medium: RTTI: slot 13 of vtable 0xa3e81c (REDeferredMain2); class membership read from RTTI, method meaning not established
5698ad	REDeferredWetSurface__vfunc_00	0	medium: RTTI: slot 0 of vtable 0xa3e868 (REDeferredWetSurface); class membership read from RTTI, method meaning not established
5698cf	REDeferredWetSurface__vfunc_06	0	medium: RTTI: slot 6 of vtable 0xa3e868 (REDeferredWetSurface); class membership read from RTTI, method meaning not established
5699c9	REDeferredTerrain__vfunc_00	0	medium: RTTI: slot 0 of vtable 0xa3e89c (REDeferredTerrain); class membership read from RTTI, method meaning not established
5699eb	REDeferredTerrain__vfunc_12	0	medium: RTTI: slot 12 of vtable 0xa3e89c (REDeferredTerrain); class membership read from RTTI, method meaning not established
569a33	REDeferredWater__vfunc_00	0	medium: RTTI: slot 0 of vtable 0xa3e8e8 (REDeferredWater); class membership read from RTTI, method meaning not established
569a55	REWetSurface__vfunc_00	0	medium: RTTI: slot 0 of vtable 0xa3e91c (REWetSurface); class membership read from RTTI, method meaning not established
569a77	REWetSurface__vfunc_03	0	medium: RTTI: slot 3 of vtable 0xa3e91c (REWetSurface); class membership read from RTTI, method meaning not established
569ab6	REWetSurface__vfunc_06	0	medium: RTTI: slot 6 of vtable 0xa3e91c (REWetSurface); class membership read from RTTI, method meaning not established
56b19b	Aux3DRA__vfunc_02	0	medium: RTTI: slot 2 of vtable 0xa3e9b0 (Aux3DRA); class membership read from RTTI, method meaning not established
56b6f5	REDebug__vfunc_03	0	medium: RTTI: slot 3 of vtable 0xa3e74c (REDebug); class membership read from RTTI, method meaning not established
56b98c	REDebug__vfunc_05	0	medium: RTTI: slot 5 of vtable 0xa3e74c (REDebug); class membership read from RTTI, method meaning not established
56baab	REMain__vfunc_04	0	medium: RTTI: slot 4 of vtable 0xa3e780 (REMain); class membership read from RTTI, method meaning not established
56bacb	REDeferredFalloff__vfunc_04	0	medium: RTTI: slot 4 of vtable 0xa3e7b4 (REDeferredFalloff); class membership read from RTTI, method meaning not established
56bb5e	REDeferredMain__vfunc_04	0	medium: RTTI: slot 4 of vtable 0xa3e7e8 (REDeferredMain); class membership read from RTTI, method meaning not established
56bb7e	REDeferredMain2__vfunc_02	0	medium: RTTI: slot 2 of vtable 0xa3e81c (REDeferredMain2); class membership read from RTTI, method meaning not established
56bc16	REDeferredMain2__vfunc_06	0	medium: RTTI: slot 6 of vtable 0xa3e81c (REDeferredMain2); class membership read from RTTI, method meaning not established
56bc9c	REDeferredMain2__vfunc_16	0	medium: RTTI: slot 16 of vtable 0xa3e81c (REDeferredMain2); class membership read from RTTI, method meaning not established
56be38	REDeferredWetSurface__vfunc_04	0	medium: RTTI: slot 4 of vtable 0xa3e868 (REDeferredWetSurface); class membership read from RTTI, method meaning not established
56be58	REDeferredTerrain__vfunc_02	0	medium: RTTI: slot 2 of vtable 0xa3e89c (REDeferredTerrain); class membership read from RTTI, method meaning not established
56bed9	REWetSurface__vfunc_04	0	medium: RTTI: slot 4 of vtable 0xa3e91c (REWetSurface); class membership read from RTTI, method meaning not established
56db4d	Graphics2DRA__vfunc_00	0	medium: RTTI: slot 0 of vtable 0xa3eb24 (Graphics2DRA); class membership read from RTTI, method meaning not established
56db69	Graphics2DRA__vfunc_02	0	medium: RTTI: slot 2 of vtable 0xa3eb24 (Graphics2DRA); class membership read from RTTI, method meaning not established
56dc82	Aux3DRA__vfunc_00	0	medium: RTTI: slot 0 of vtable 0xa3e9b0 (Aux3DRA); class membership read from RTTI, method meaning not established
56de7c	REDeferredMain2__vfunc_04	0	medium: RTTI: slot 4 of vtable 0xa3e81c (REDeferredMain2); class membership read from RTTI, method meaning not established
56de9c	REDeferredMain2__vfunc_15	0	medium: RTTI: slot 15 of vtable 0xa3e81c (REDeferredMain2); class membership read from RTTI, method meaning not established
56e052	REDeferredWater__vfunc_06	0	medium: RTTI: slot 6 of vtable 0xa3e8e8 (REDeferredWater); class membership read from RTTI, method meaning not established
56e9cf	REDeferredWater__vfunc_04	0	medium: RTTI: slot 4 of vtable 0xa3e8e8 (REDeferredWater); class membership read from RTTI, method meaning not established
56f9de	DeferredRA__vfunc_03	0	medium: RTTI: slot 3 of vtable 0xa3f0d0 (DeferredRA); class membership read from RTTI, method meaning not established
56f9fb	DeferredRA__vfunc_02	0	medium: RTTI: slot 2 of vtable 0xa3f0d0 (DeferredRA); class membership read from RTTI, method meaning not established
570277	Graphics2DRA__vfunc_01	0	medium: RTTI: slot 1 of vtable 0xa3eb24 (Graphics2DRA); class membership read from RTTI, method meaning not established
57031b	Aux3DRA__vfunc_01	0	medium: RTTI: slot 1 of vtable 0xa3e9b0 (Aux3DRA); class membership read from RTTI, method meaning not established
571d5d	REDeferredMain2__vfunc_12	0	medium: RTTI: slot 12 of vtable 0xa3e81c (REDeferredMain2); class membership read from RTTI, method meaning not established
572f50	REDeferredTerrain__vfunc_14	0	medium: RTTI: slot 14 of vtable 0xa3e89c (REDeferredTerrain); class membership read from RTTI, method meaning not established
5750b1	DeferredRA__vfunc_00	0	medium: RTTI: slot 0 of vtable 0xa3f0d0 (DeferredRA); class membership read from RTTI, method meaning not established
57552b	REDeferredMain2__vfunc_03	0	medium: RTTI: slot 3 of vtable 0xa3e81c (REDeferredMain2); class membership read from RTTI, method meaning not established
575829	REDeferredWater__vfunc_03	0	medium: RTTI: slot 3 of vtable 0xa3e8e8 (REDeferredWater); class membership read from RTTI, method meaning not established
575da5	DeferredRA__vfunc_01	0	medium: RTTI: slot 1 of vtable 0xa3f0d0 (DeferredRA); class membership read from RTTI, method meaning not established
57656e	REMainVertexLight__vfunc_03	0	medium: RTTI: slot 3 of vtable 0xa3f290 (REMainVertexLight); class membership read from RTTI, method meaning not established
576588	REFalloff__vfunc_09	0	medium: RTTI: slot 9 of vtable 0xa3f2c4 (REFalloff); class membership read from RTTI, method meaning not established
5765a0	REFalloff__vfunc_12	0	medium: RTTI: slot 12 of vtable 0xa3f2c4 (REFalloff); class membership read from RTTI, method meaning not established
5765cc	REFalloff__vfunc_15	0	medium: RTTI: slot 15 of vtable 0xa3f2c4 (REFalloff); class membership read from RTTI, method meaning not established
5765d4	REFalloff__vfunc_14	0	medium: RTTI: slot 14 of vtable 0xa3f2c4 (REFalloff); class membership read from RTTI, method meaning not established
5765e4	REAdvTerrain__vfunc_10	0	medium: RTTI: slot 10 of vtable 0xa3f67c (REAdvTerrain); class membership read from RTTI, method meaning not established
57660d	REAdvTerrain__vfunc_09	0	medium: RTTI: slot 9 of vtable 0xa3f67c (REAdvTerrain); class membership read from RTTI, method meaning not established
57663a	REAdvTerrain__vfunc_11	0	medium: RTTI: slot 11 of vtable 0xa3f67c (REAdvTerrain); class membership read from RTTI, method meaning not established
576663	REAdvTerrain__vfunc_03	0	medium: RTTI: slot 3 of vtable 0xa3f67c (REAdvTerrain); class membership read from RTTI, method meaning not established
5766cd	REAdvTerrain__vfunc_16	0	medium: RTTI: slot 16 of vtable 0xa3f67c (REAdvTerrain); class membership read from RTTI, method meaning not established
5766dd	REAdvTerrain__vfunc_17	0	medium: RTTI: slot 17 of vtable 0xa3f67c (REAdvTerrain); class membership read from RTTI, method meaning not established
57673d	REAdvTerrain__vfunc_15	0	medium: RTTI: slot 15 of vtable 0xa3f67c (REAdvTerrain); class membership read from RTTI, method meaning not established
576748	RESimpleTerrain__vfunc_15	0	medium: RTTI: slot 15 of vtable 0xa3f6ec (RESimpleTerrain); class membership read from RTTI, method meaning not established
57676f	REGrass__vfunc_11	0	medium: RTTI: slot 11 of vtable 0xa3f35c (REGrass); class membership read from RTTI, method meaning not established
576779	REForwardGrass__vfunc_03	0	medium: RTTI: slot 3 of vtable 0xa3f3a4 (REForwardGrass); class membership read from RTTI, method meaning not established
57678b	REForwardGrass__vfunc_15	0	medium: RTTI: slot 15 of vtable 0xa3f3a4 (REForwardGrass); class membership read from RTTI, method meaning not established
5767ba	REForwardGrass__vfunc_16	0	medium: RTTI: slot 16 of vtable 0xa3f3a4 (REForwardGrass); class membership read from RTTI, method meaning not established
5767e9	REForwardGrass__vfunc_09	0	medium: RTTI: slot 9 of vtable 0xa3f3a4 (REForwardGrass); class membership read from RTTI, method meaning not established
576b5a	REForwardGrass__vfunc_10	0	medium: RTTI: slot 10 of vtable 0xa3f3a4 (REForwardGrass); class membership read from RTTI, method meaning not established
576b64	REForwardGrass__vfunc_11	0	medium: RTTI: slot 11 of vtable 0xa3f3a4 (REForwardGrass); class membership read from RTTI, method meaning not established
576b80	REForwardGrass__vfunc_13	0	medium: RTTI: slot 13 of vtable 0xa3f3a4 (REForwardGrass); class membership read from RTTI, method meaning not established
576ba4	REDeferredGrass__vfunc_15	0	medium: RTTI: slot 15 of vtable 0xa3f3ec (REDeferredGrass), inherited by 1 other vtables; class membership read from RTTI, method meaning not established
576bb6	REDeferredGrass__vfunc_10	0	medium: RTTI: slot 10 of vtable 0xa3f3ec (REDeferredGrass); class membership read from RTTI, method meaning not established
576bcc	REDeferredGrass__vfunc_11	0	medium: RTTI: slot 11 of vtable 0xa3f3ec (REDeferredGrass); class membership read from RTTI, method meaning not established
576be5	REDeferredDetail__vfunc_10	0	medium: RTTI: slot 10 of vtable 0xa3f434 (REDeferredDetail); class membership read from RTTI, method meaning not established
576bfb	REBloom__vfunc_08	0	medium: RTTI: slot 8 of vtable 0xa3f1b4 (REBloom); class membership read from RTTI, method meaning not established
576c32	REMainVertexLight__vfunc_06	0	medium: RTTI: slot 6 of vtable 0xa3f290 (REMainVertexLight); class membership read from RTTI, method meaning not established
576cc5	REMainVertexLight__vfunc_04	0	medium: RTTI: slot 4 of vtable 0xa3f290 (REMainVertexLight); class membership read from RTTI, method meaning not established
576d17	RESimpleTerrain__vfunc_09	0	medium: RTTI: slot 9 of vtable 0xa3f6ec (RESimpleTerrain); class membership read from RTTI, method meaning not established
5771f3	RESimpleTerrain__vfunc_10	0	medium: RTTI: slot 10 of vtable 0xa3f6ec (RESimpleTerrain); class membership read from RTTI, method meaning not established
577652	REDeferredGrass__vfunc_09	0	medium: RTTI: slot 9 of vtable 0xa3f3ec (REDeferredGrass); class membership read from RTTI, method meaning not established
577db3	REDeferredDetail__vfunc_09	0	medium: RTTI: slot 9 of vtable 0xa3f434 (REDeferredDetail); class membership read from RTTI, method meaning not established
5791ad	REMainVertexLight__vfunc_10	0	medium: RTTI: slot 10 of vtable 0xa3f290 (REMainVertexLight); class membership read from RTTI, method meaning not established
5791c3	REMainVertexLight__vfunc_02	0	medium: RTTI: slot 2 of vtable 0xa3f290 (REMainVertexLight); class membership read from RTTI, method meaning not established
5791fa	REFalloff__vfunc_02	0	medium: RTTI: slot 2 of vtable 0xa3f2c4 (REFalloff); class membership read from RTTI, method meaning not established
57926c	REAdvTerrain__vfunc_02	0	medium: RTTI: slot 2 of vtable 0xa3f67c (REAdvTerrain); class membership read from RTTI, method meaning not established
5792fb	RESimpleTerrain__vfunc_03	0	medium: RTTI: slot 3 of vtable 0xa3f6ec (RESimpleTerrain); class membership read from RTTI, method meaning not established
5796d2	REForwardGrass__vfunc_02	0	medium: RTTI: slot 2 of vtable 0xa3f3a4 (REForwardGrass); class membership read from RTTI, method meaning not established
579788	REDeferredGrass__vfunc_03	0	medium: RTTI: slot 3 of vtable 0xa3f3ec (REDeferredGrass); class membership read from RTTI, method meaning not established
5798b1	REDeferredDetail__vfunc_03	0	medium: RTTI: slot 3 of vtable 0xa3f434 (REDeferredDetail); class membership read from RTTI, method meaning not established
5799f7	REDeferredDetail__vfunc_11	0	medium: RTTI: slot 11 of vtable 0xa3f434 (REDeferredDetail); class membership read from RTTI, method meaning not established
579a48	RESimple__vfunc_10	0	medium: RTTI: slot 10 of vtable 0xa3f47c (RESimple); class membership read from RTTI, method meaning not established
579a52	RESimple__vfunc_02	0	medium: RTTI: slot 2 of vtable 0xa3f47c (RESimple); class membership read from RTTI, method meaning not established
579a7e	RESimple__vfunc_03	0	medium: RTTI: slot 3 of vtable 0xa3f47c (RESimple); class membership read from RTTI, method meaning not established
579b8f	RenderEffect__vfunc_00	0	medium: RTTI: slot 0 of vtable 0xa3f14c (RenderEffect); class membership read from RTTI, method meaning not established
57bac2	REPostProcess__vfunc_00	0	medium: RTTI: slot 0 of vtable 0xa3f180 (REPostProcess); class membership read from RTTI, method meaning not established
57bb1e	REBloom__vfunc_00	0	medium: RTTI: slot 0 of vtable 0xa3f1b4 (REBloom); class membership read from RTTI, method meaning not established
57bb40	REBloom__vfunc_03	0	medium: RTTI: slot 3 of vtable 0xa3f1b4 (REBloom); class membership read from RTTI, method meaning not established
57bb95	REDepth__vfunc_00	0	medium: RTTI: slot 0 of vtable 0xa3f1e8 (REDepth); class membership read from RTTI, method meaning not established
57bbb7	REDepth__vfunc_02	0	medium: RTTI: slot 2 of vtable 0xa3f1e8 (REDepth); class membership read from RTTI, method meaning not established
57bc0b	REDepth__vfunc_03	0	medium: RTTI: slot 3 of vtable 0xa3f1e8 (REDepth); class membership read from RTTI, method meaning not established
57c4ac	REWaveWater__vfunc_00	0	medium: RTTI: slot 0 of vtable 0xa3f21c (REWaveWater); class membership read from RTTI, method meaning not established
57c4ce	REWaveWater__vfunc_03	0	medium: RTTI: slot 3 of vtable 0xa3f21c (REWaveWater); class membership read from RTTI, method meaning not established
57c4f6	RE2DWaterSimulation__vfunc_00	0	medium: RTTI: slot 0 of vtable 0xa3f25c (RE2DWaterSimulation); class membership read from RTTI, method meaning not established
57c518	RE2DWaterSimulation__vfunc_03	0	medium: RTTI: slot 3 of vtable 0xa3f25c (RE2DWaterSimulation); class membership read from RTTI, method meaning not established
57c645	REMainVertexLight__vfunc_00	0	medium: RTTI: slot 0 of vtable 0xa3f290 (REMainVertexLight); class membership read from RTTI, method meaning not established
57c667	REFalloff__vfunc_00	0	medium: RTTI: slot 0 of vtable 0xa3f2c4 (REFalloff); class membership read from RTTI, method meaning not established
57c689	REFalloff__vfunc_13	0	medium: RTTI: slot 13 of vtable 0xa3f2c4 (REFalloff); class membership read from RTTI, method meaning not established
57c72d	REFalloff__vfunc_06	0	medium: RTTI: slot 6 of vtable 0xa3f2c4 (REFalloff); class membership read from RTTI, method meaning not established
57c969	REAdvTerrain__vfunc_12	0	medium: RTTI: slot 12 of vtable 0xa3f67c (REAdvTerrain); class membership read from RTTI, method meaning not established
57c9b1	RESimpleTerrain__vfunc_12	0	medium: RTTI: slot 12 of vtable 0xa3f6ec (RESimpleTerrain); class membership read from RTTI, method meaning not established
57c9f0	REGrass__vfunc_00	0	medium: RTTI: slot 0 of vtable 0xa3f35c (REGrass); class membership read from RTTI, method meaning not established
57ca0c	REForwardGrass__vfunc_00	0	medium: RTTI: slot 0 of vtable 0xa3f3a4 (REForwardGrass); class membership read from RTTI, method meaning not established
57ca50	REDeferredGrass__vfunc_00	0	medium: RTTI: slot 0 of vtable 0xa3f3ec (REDeferredGrass); class membership read from RTTI, method meaning not established
57ca72	REDeferredDetail__vfunc_00	0	medium: RTTI: slot 0 of vtable 0xa3f434 (REDeferredDetail); class membership read from RTTI, method meaning not established
57ca94	RESimple__vfunc_00	0	medium: RTTI: slot 0 of vtable 0xa3f47c (RESimple); class membership read from RTTI, method meaning not established
57cab6	RESimple__vfunc_06	0	medium: RTTI: slot 6 of vtable 0xa3f47c (RESimple); class membership read from RTTI, method meaning not established
57d010	RESimple__vfunc_04	0	medium: RTTI: slot 4 of vtable 0xa3f47c (RESimple); class membership read from RTTI, method meaning not established
57e044	REPostProcess__vfunc_03	0	medium: RTTI: slot 3 of vtable 0xa3f180 (REPostProcess); class membership read from RTTI, method meaning not established
57e84a	REBloom__vfunc_07	0	medium: RTTI: slot 7 of vtable 0xa3f1b4 (REBloom); class membership read from RTTI, method meaning not established
57ecfa	REBloom__vfunc_05	0	medium: RTTI: slot 5 of vtable 0xa3f1b4 (REBloom); class membership read from RTTI, method meaning not established
57ed1b	REDepth__vfunc_07	0	medium: RTTI: slot 7 of vtable 0xa3f1e8 (REDepth); class membership read from RTTI, method meaning not established
57f8b9	REFalloff__vfunc_04	0	medium: RTTI: slot 4 of vtable 0xa3f2c4 (REFalloff); class membership read from RTTI, method meaning not established
57fb55	RETerrain__vfunc_00	0	medium: RTTI: slot 0 of vtable 0xa3f30c (RETerrain), inherited by 2 other vtables; class membership read from RTTI, method meaning not established
5804b4	REForwardGrass__vfunc_12	0	medium: RTTI: slot 12 of vtable 0xa3f3a4 (REForwardGrass); class membership read from RTTI, method meaning not established
580f72	REDepth__vfunc_04	0	medium: RTTI: slot 4 of vtable 0xa3f1e8 (REDepth); class membership read from RTTI, method meaning not established
581b27	REDeferredGrass__vfunc_12	0	medium: RTTI: slot 12 of vtable 0xa3f3ec (REDeferredGrass); class membership read from RTTI, method meaning not established
581c0b	REDeferredDetail__vfunc_13	0	medium: RTTI: slot 13 of vtable 0xa3f434 (REDeferredDetail); class membership read from RTTI, method meaning not established
581cbf	REForwardGrass__vfunc_14	0	medium: RTTI: slot 14 of vtable 0xa3f3a4 (REForwardGrass); class membership read from RTTI, method meaning not established
581f1b	REShadowMap__vfunc_10	0	medium: RTTI: slot 10 of vtable 0xa3f9ec (REShadowMap); class membership read from RTTI, method meaning not established
581f25	REShadowMap__vfunc_03	0	medium: RTTI: slot 3 of vtable 0xa3f9ec (REShadowMap); class membership read from RTTI, method meaning not established
581f74	REParticles__vfunc_10	0	medium: RTTI: slot 10 of vtable 0xa3fa20 (REParticles); class membership read from RTTI, method meaning not established
581fd0	REHair__vfunc_10	0	medium: RTTI: slot 10 of vtable 0xa3fa5c (REHair); class membership read from RTTI, method meaning not established
581fe1	REHair__vfunc_03	0	medium: RTTI: slot 3 of vtable 0xa3fa5c (REHair); class membership read from RTTI, method meaning not established
582095	REDeferredRenderLight__vfunc_00	0	medium: RTTI: slot 0 of vtable 0xa3fb2c (REDeferredRenderLight), inherited by 1 other vtables; class membership read from RTTI, method meaning not established
58223d	REShadowMap__vfunc_00	0	medium: RTTI: slot 0 of vtable 0xa3f9ec (REShadowMap); class membership read from RTTI, method meaning not established
58225f	REShadowMap__vfunc_09	0	medium: RTTI: slot 9 of vtable 0xa3f9ec (REShadowMap); class membership read from RTTI, method meaning not established
5824b9	REWater__vfunc_07	0	medium: RTTI: slot 7 of vtable 0xa3fbdc (REWater); class membership read from RTTI, method meaning not established
582691	REGlass__vfunc_07	0	medium: RTTI: slot 7 of vtable 0xa3fc10 (REGlass); class membership read from RTTI, method meaning not established
58278c	REParticles__vfunc_00	0	medium: RTTI: slot 0 of vtable 0xa3fa20 (REParticles); class membership read from RTTI, method meaning not established
5827ae	REParticles__vfunc_12	0	medium: RTTI: slot 12 of vtable 0xa3fa20 (REParticles); class membership read from RTTI, method meaning not established
5827f2	REHair__vfunc_00	0	medium: RTTI: slot 0 of vtable 0xa3fa5c (REHair); class membership read from RTTI, method meaning not established
58287a	RESkyBox__vfunc_00	0	medium: RTTI: slot 0 of vtable 0xa3fa90 (RESkyBox); class membership read from RTTI, method meaning not established
582903	REHelper__vfunc_00	0	medium: RTTI: slot 0 of vtable 0xa3fac4 (REHelper); class membership read from RTTI, method meaning not established
582925	REShadowVolume__vfunc_00	0	medium: RTTI: slot 0 of vtable 0xa3faf8 (REShadowVolume); class membership read from RTTI, method meaning not established
582947	REShadowVolume__vfunc_09	0	medium: RTTI: slot 9 of vtable 0xa3faf8 (REShadowVolume); class membership read from RTTI, method meaning not established
582cd6	REShadowVolume__vfunc_07	0	medium: RTTI: slot 7 of vtable 0xa3faf8 (REShadowVolume); class membership read from RTTI, method meaning not established
582d60	REShadowVolume__vfunc_05	0	medium: RTTI: slot 5 of vtable 0xa3faf8 (REShadowVolume); class membership read from RTTI, method meaning not established
582e77	REScaleZBuffer__vfunc_00	0	medium: RTTI: slot 0 of vtable 0xa3fb64 (REScaleZBuffer); class membership read from RTTI, method meaning not established
582e99	MainPSHelper__vfunc_00	0	medium: RTTI: slot 0 of vtable 0xa3fb98 (MainPSHelper); class membership read from RTTI, method meaning not established
58306a	MainVertexLightHelper__vfunc_00	0	medium: RTTI: slot 0 of vtable 0xa3fba0 (MainVertexLightHelper); class membership read from RTTI, method meaning not established
58380a	REShadowMap__vfunc_02	0	medium: RTTI: slot 2 of vtable 0xa3f9ec (REShadowMap); class membership read from RTTI, method meaning not established
5838f4	REShadowMap__vfunc_08	0	medium: RTTI: slot 8 of vtable 0xa3f9ec (REShadowMap); class membership read from RTTI, method meaning not established
58393d	REWater__vfunc_03	0	medium: RTTI: slot 3 of vtable 0xa3fbdc (REWater); class membership read from RTTI, method meaning not established
583999	REGlass__vfunc_03	0	medium: RTTI: slot 3 of vtable 0xa3fc10 (REGlass); class membership read from RTTI, method meaning not established
5839e7	REParticles__vfunc_03	0	medium: RTTI: slot 3 of vtable 0xa3fa20 (REParticles); class membership read from RTTI, method meaning not established
583c06	REHair__vfunc_02	0	medium: RTTI: slot 2 of vtable 0xa3fa5c (REHair); class membership read from RTTI, method meaning not established
58469d	RESkyBox__vfunc_03	0	medium: RTTI: slot 3 of vtable 0xa3fa90 (RESkyBox); class membership read from RTTI, method meaning not established
584711	REHelper__vfunc_03	0	medium: RTTI: slot 3 of vtable 0xa3fac4 (REHelper); class membership read from RTTI, method meaning not established
58476d	REShadowVolume__vfunc_10	0	medium: RTTI: slot 10 of vtable 0xa3faf8 (REShadowVolume); class membership read from RTTI, method meaning not established
584a83	REShadowVolume__vfunc_02	0	medium: RTTI: slot 2 of vtable 0xa3faf8 (REShadowVolume); class membership read from RTTI, method meaning not established
584b02	REShadowVolume__vfunc_03	0	medium: RTTI: slot 3 of vtable 0xa3faf8 (REShadowVolume); class membership read from RTTI, method meaning not established
584c6d	REShadowVolume__vfunc_08	0	medium: RTTI: slot 8 of vtable 0xa3faf8 (REShadowVolume); class membership read from RTTI, method meaning not established
58533f	REDeferredLightLayer__vfunc_03	0	medium: RTTI: slot 3 of vtable 0xa3ff84 (REDeferredLightLayer); class membership read from RTTI, method meaning not established
586c39	REScaleZBuffer__vfunc_03	0	medium: RTTI: slot 3 of vtable 0xa3fb64 (REScaleZBuffer); class membership read from RTTI, method meaning not established
588ee7	REShadowMap__vfunc_07	0	medium: RTTI: slot 7 of vtable 0xa3f9ec (REShadowMap); class membership read from RTTI, method meaning not established
589268	REShadowMap__vfunc_05	0	medium: RTTI: slot 5 of vtable 0xa3f9ec (REShadowMap); class membership read from RTTI, method meaning not established
589289	REWater__vfunc_00	0	medium: RTTI: slot 0 of vtable 0xa3fbdc (REWater); class membership read from RTTI, method meaning not established
5892a5	REGlass__vfunc_00	0	medium: RTTI: slot 0 of vtable 0xa3fc10 (REGlass); class membership read from RTTI, method meaning not established
589dd9	RESkyBox__vfunc_07	0	medium: RTTI: slot 7 of vtable 0xa3fa90 (RESkyBox); class membership read from RTTI, method meaning not established
58a24e	REHelper__vfunc_07	0	medium: RTTI: slot 7 of vtable 0xa3fac4 (REHelper); class membership read from RTTI, method meaning not established
58a77b	REHelper__vfunc_05	0	medium: RTTI: slot 5 of vtable 0xa3fac4 (REHelper); class membership read from RTTI, method meaning not established
58a79c	REDeferredLightLayer__vfunc_12	0	medium: RTTI: slot 12 of vtable 0xa3ff84 (REDeferredLightLayer); class membership read from RTTI, method meaning not established
58badc	REHair__vfunc_07	0	medium: RTTI: slot 7 of vtable 0xa3fa5c (REHair); class membership read from RTTI, method meaning not established
58bc85	RESkyBox__vfunc_04	0	medium: RTTI: slot 4 of vtable 0xa3fa90 (RESkyBox); class membership read from RTTI, method meaning not established
58daad	REParticles__vfunc_13	0	medium: RTTI: slot 13 of vtable 0xa3fa20 (REParticles); class membership read from RTTI, method meaning not established
58dad3	REHair__vfunc_04	0	medium: RTTI: slot 4 of vtable 0xa3fa5c (REHair); class membership read from RTTI, method meaning not established
58e05b	DeferredMainHelper__vfunc_00	0	medium: RTTI: slot 0 of vtable 0xa3ffbc (DeferredMainHelper); class membership read from RTTI, method meaning not established
58e108	SortLightsJobContainer__vfunc_01	0	medium: RTTI: slot 1 of vtable 0xa40060 (SortLightsJobContainer); class membership read from RTTI, method meaning not established
58e404	ClothUpdateJobContainer__vfunc_01	0	medium: RTTI: slot 1 of vtable 0xa400f4 (ClothUpdateJobContainer); class membership read from RTTI, method meaning not established
58e43e	EditorCamera__vfunc_06	0	medium: RTTI: slot 6 of vtable 0xa401bc (EditorCamera); class membership read from RTTI, method meaning not established
58e4fc	EditorCamera__vfunc_10	0	medium: RTTI: slot 10 of vtable 0xa401bc (EditorCamera); class membership read from RTTI, method meaning not established
58e69d	SortLightsJobContainer__vfunc_00	0	medium: RTTI: slot 0 of vtable 0xa40060 (SortLightsJobContainer); class membership read from RTTI, method meaning not established
58e6e5	RenderInstance__vfunc_00	0	medium: RTTI: slot 0 of vtable 0xa40070 (RenderInstance), inherited by 3 other vtables; class membership read from RTTI, method meaning not established
58e751	ClothShadowRI__vfunc_00	0	medium: RTTI: slot 0 of vtable 0xa400e8 (ClothShadowRI); class membership read from RTTI, method meaning not established
58e76d	ClothUpdateJobContainer__vfunc_00	0	medium: RTTI: slot 0 of vtable 0xa400f4 (ClothUpdateJobContainer); class membership read from RTTI, method meaning not established
58e7bf	EditorCamera__vfunc_38	0	medium: RTTI: slot 38 of vtable 0xa401bc (EditorCamera); class membership read from RTTI, method meaning not established
58e8e3	MorphAnimData__vfunc_03	0	medium: RTTI: slot 3 of vtable 0xa4031c (MorphAnimData); class membership read from RTTI, method meaning not established
58ef5a	AnimData__vfunc_00	0	medium: RTTI: slot 0 of vtable 0xa40268 (AnimData), inherited by 1 other vtables; class membership read from RTTI, method meaning not established
58ef7f	MorphAnimData__vfunc_01	0	medium: RTTI: slot 1 of vtable 0xa4031c (MorphAnimData); class membership read from RTTI, method meaning not established
58f37d	EditorCamera__vfunc_11	0	medium: RTTI: slot 11 of vtable 0xa401bc (EditorCamera); class membership read from RTTI, method meaning not established
58f3e9	MorphAnimData__vfunc_02	0	medium: RTTI: slot 2 of vtable 0xa4031c (MorphAnimData); class membership read from RTTI, method meaning not established
58f610	ClothRI__vfunc_01	0	medium: RTTI: slot 1 of vtable 0xa40090 (ClothRI); class membership read from RTTI, method meaning not established
5909c0	ParticleRI__vfunc_00	0	medium: RTTI: slot 0 of vtable 0xa403e4 (ParticleRI); class membership read from RTTI, method meaning not established
5909dc	ClothRI__vfunc_00	0	medium: RTTI: slot 0 of vtable 0xa40090 (ClothRI); class membership read from RTTI, method meaning not established
590b69	EditorCamera__vfunc_17	0	medium: RTTI: slot 17 of vtable 0xa401bc (EditorCamera); class membership read from RTTI, method meaning not established
591483	AnimTrackRotFP__vfunc_02	0	medium: RTTI: slot 2 of vtable 0xa40450 (AnimTrackRotFP); class membership read from RTTI, method meaning not established
591504	AnimTrackRotFP__vfunc_03	0	medium: RTTI: slot 3 of vtable 0xa40450 (AnimTrackRotFP); class membership read from RTTI, method meaning not established
591534	AnimTrackRotFP__vfunc_04	0	medium: RTTI: slot 4 of vtable 0xa40450 (AnimTrackRotFP); class membership read from RTTI, method meaning not established
5915a5	AnimTrackRotFP__vfunc_05	0	medium: RTTI: slot 5 of vtable 0xa40450 (AnimTrackRotFP); class membership read from RTTI, method meaning not established
5915fd	AnimTrackTransFP__vfunc_02	0	medium: RTTI: slot 2 of vtable 0xa404b0 (AnimTrackTransFP); class membership read from RTTI, method meaning not established
591668	AnimTrackTransFP__vfunc_03	0	medium: RTTI: slot 3 of vtable 0xa404b0 (AnimTrackTransFP); class membership read from RTTI, method meaning not established
591698	AnimTrackTransFP__vfunc_04	0	medium: RTTI: slot 4 of vtable 0xa404b0 (AnimTrackTransFP); class membership read from RTTI, method meaning not established
591709	AnimTrackTransFP__vfunc_05	0	medium: RTTI: slot 5 of vtable 0xa404b0 (AnimTrackTransFP); class membership read from RTTI, method meaning not established
591747	AnimTrackRotTransFP__vfunc_02	0	medium: RTTI: slot 2 of vtable 0xa40514 (AnimTrackRotTransFP); class membership read from RTTI, method meaning not established
591812	AnimTrackRotTransFP__vfunc_03	0	medium: RTTI: slot 3 of vtable 0xa40514 (AnimTrackRotTransFP); class membership read from RTTI, method meaning not established
591839	AnimTrackRotTransFP__vfunc_04	0	medium: RTTI: slot 4 of vtable 0xa40514 (AnimTrackRotTransFP); class membership read from RTTI, method meaning not established
59188e	AnimTrackRotTransFP__vfunc_05	0	medium: RTTI: slot 5 of vtable 0xa40514 (AnimTrackRotTransFP); class membership read from RTTI, method meaning not established
591899	AnimTrackConstPose__vfunc_02	0	medium: RTTI: slot 2 of vtable 0xa406c4 (AnimTrackConstPose); class membership read from RTTI, method meaning not established
5918ae	AnimTrackConstPose__vfunc_01	0	medium: RTTI: slot 1 of vtable 0xa406c4 (AnimTrackConstPose); class membership read from RTTI, method meaning not established
5918be	AnimTrackConstPose__vfunc_03	0	medium: RTTI: slot 3 of vtable 0xa406c4 (AnimTrackConstPose); class membership read from RTTI, method meaning not established
5918ce	AnimTrackConstPose__vfunc_04	0	medium: RTTI: slot 4 of vtable 0xa406c4 (AnimTrackConstPose); class membership read from RTTI, method meaning not established
5918e6	BoneAttacher__vfunc_14	0	medium: RTTI: slot 14 of vtable 0xa4061c (BoneAttacher); class membership read from RTTI, method meaning not established
591905	Actor__GetOwner	0	high: registered under this name in FUN_00518a9a (name string pushed immediately before the member-function pointer)
59190c	AnimBlendSource__PlayMSG	0	high: registered under this name in FUN_00595c38 (name string pushed immediately before the member-function pointer)
591916	AnimBlendSource__StopMSG	0	high: registered under this name in FUN_00595c38 (name string pushed immediately before the member-function pointer)
591920	AnimBlendSource__GetPlayPos	0	high: registered under this name in FUN_00595c38 (name string pushed immediately before the member-function pointer)
591b0e	Entity_CastTo_e16798	0	medium: read: same against DAT_00e16798
59218a	InterleavedSkeletalAnimData__vfunc_03	0	medium: RTTI: slot 3 of vtable 0xa409f0 (InterleavedSkeletalAnimData); class membership read from RTTI, method meaning not established
5921a4	InterleavedSkeletalAnimData__vfunc_04	0	medium: RTTI: slot 4 of vtable 0xa409f0 (InterleavedSkeletalAnimData); class membership read from RTTI, method meaning not established
592223	InterleavedSkeletalAnimData__vfunc_05	0	medium: RTTI: slot 5 of vtable 0xa409f0 (InterleavedSkeletalAnimData); class membership read from RTTI, method meaning not established
592312	AnimTrackRotFP__vfunc_00	0	medium: RTTI: slot 0 of vtable 0xa40450 (AnimTrackRotFP); class membership read from RTTI, method meaning not established
59232e	AnimTrackRotFP__vfunc_01	0	medium: RTTI: slot 1 of vtable 0xa40450 (AnimTrackRotFP); class membership read from RTTI, method meaning not established
592550	AnimTrackTransFP__vfunc_00	0	medium: RTTI: slot 0 of vtable 0xa404b0 (AnimTrackTransFP); class membership read from RTTI, method meaning not established
59256c	AnimTrackTransFP__vfunc_01	0	medium: RTTI: slot 1 of vtable 0xa404b0 (AnimTrackTransFP); class membership read from RTTI, method meaning not established
592641	AnimTrackRotTransFP__vfunc_00	0	medium: RTTI: slot 0 of vtable 0xa40514 (AnimTrackRotTransFP); class membership read from RTTI, method meaning not established
59265d	AnimTrackRotTransFP__vfunc_01	0	medium: RTTI: slot 1 of vtable 0xa40514 (AnimTrackRotTransFP); class membership read from RTTI, method meaning not established
592712	AnimTrack__vfunc_00	0	medium: RTTI: slot 0 of vtable 0xa40434 (AnimTrack), inherited by 1 other vtables; class membership read from RTTI, method meaning not established
59275c	BoneController__vfunc_11	0	medium: RTTI: slot 11 of vtable 0xa4057c (BoneController); class membership read from RTTI, method meaning not established
5927a2	BoneController__vfunc_29	0	medium: RTTI: slot 29 of vtable 0xa4057c (BoneController); class membership read from RTTI, method meaning not established
5927d8	BoneAttacher__vfunc_11	0	medium: RTTI: slot 11 of vtable 0xa4061c (BoneAttacher); class membership read from RTTI, method meaning not established
5927fa	BoneAttacher__vfunc_29	0	medium: RTTI: slot 29 of vtable 0xa4061c (BoneAttacher); class membership read from RTTI, method meaning not established
592813	AnimSlot__GetEaseOutDuration	0	medium: registered under this name in FUN_004da99c (name string pushed immediately before the member-function pointer); COMDAT-folded, also: SoundSlot::GetPitch
592817	AlignNodeOptions__GetValueY	0	medium: registered under this name in FUN_004b8f76 (name string pushed immediately before the member-function pointer); COMDAT-folded, also: AnimLayer::GetWeight, BlockMemorySetup::GetMaxGfxMemPerManualStreamBlockMB, GEKeyFrame::GetTime
59281b	AnimLayer__GetEaseOutDuration	0	medium: registered under this name in FUN_004d3514 (name string pushed immediately before the member-function pointer); COMDAT-folded, also: GamepadNode::GetStickMaxZone, PivotSheet::GetRestitution, SurfaceSpawner::GetFaceCullLimit
59281f	AnimLayer__SetCallBackNodeMSG	0	high: registered under this name in FUN_005945e5 (name string pushed immediately before the member-function pointer)
592835	AnimLayer__GetIsAdditive	0	high: registered under this name in FUN_005945e5 (name string pushed immediately before the member-function pointer)
592845	AnimBlendSource__SetCallBackNodeMSG	0	high: registered under this name in FUN_00595c38 (name string pushed immediately before the member-function pointer)
59285e	AnimBlendSource__GetDurationMSG	0	high: registered under this name in FUN_00595c38 (name string pushed immediately before the member-function pointer)
59294b	AnimData__vfunc_03	0	medium: RTTI: slot 3 of vtable 0xa40268 (AnimData); class membership read from RTTI, method meaning not established
592d3b	InterleavedSkeletalAnimData__vfunc_01	0	medium: RTTI: slot 1 of vtable 0xa409f0 (InterleavedSkeletalAnimData); class membership read from RTTI, method meaning not established
592e04	CompactSkeletalAnimData__vfunc_01	0	medium: RTTI: slot 1 of vtable 0xa406e0 (CompactSkeletalAnimData); class membership read from RTTI, method meaning not established
592e4f	CompactSkeletalAnimData__vfunc_03	0	medium: RTTI: slot 3 of vtable 0xa406e0 (CompactSkeletalAnimData); class membership read from RTTI, method meaning not established
592f2e	CompactSkeletalAnimData__vfunc_04	0	medium: RTTI: slot 4 of vtable 0xa406e0 (CompactSkeletalAnimData); class membership read from RTTI, method meaning not established
592f93	CompactSkeletalAnimData__vfunc_05	0	medium: RTTI: slot 5 of vtable 0xa406e0 (CompactSkeletalAnimData); class membership read from RTTI, method meaning not established
593034	CompactSkeletalAnimData__vfunc_06	0	medium: RTTI: slot 6 of vtable 0xa406e0 (CompactSkeletalAnimData); class membership read from RTTI, method meaning not established
593189	BoneController__vfunc_14	0	medium: RTTI: slot 14 of vtable 0xa4057c (BoneController); class membership read from RTTI, method meaning not established
593207	BoneController__vfunc_36	0	medium: RTTI: slot 36 of vtable 0xa4057c (BoneController); class membership read from RTTI, method meaning not established
593285	BoneController__SetAttachedBone	0	medium: registered under this name in FUN_00496afb (name string pushed immediately before the member-function pointer); COMDAT-folded, also: SnapGrid::SetGridCellSizeIndex
59331b	AnimSlot__GetDurationMSG	0	high: registered under this name in FUN_0059527f (name string pushed immediately before the member-function pointer)
593346	AnimSlot__GetFrameRateMSG	0	high: registered under this name in FUN_0059527f (name string pushed immediately before the member-function pointer)
5933bd	AnimSlot__vfunc_11	0	medium: RTTI: slot 11 of vtable 0xa4082c (AnimSlot); class membership read from RTTI, method meaning not established
593501	AnimSlot__SetEaseInDuration	0	medium: registered under this name in FUN_004b8f76 (name string pushed immediately before the member-function pointer); COMDAT-folded, also: CameraOptions::SetFirstPersonOffset, GEKeyFrame::SetScaleX, LensFlare::SetOffset
59350b	AnimSlot__SetEaseOutDuration	0	medium: registered under this name in FUN_004da99c (name string pushed immediately before the member-function pointer); COMDAT-folded, also: SoundSlot::SetPitch
5937f7	AnimLayer__EaseInMSG	0	high: registered under this name in FUN_005945e5 (name string pushed immediately before the member-function pointer)
593806	AnimLayer__EaseOutMSG	0	high: registered under this name in FUN_005945e5 (name string pushed immediately before the member-function pointer)
593815	AnimBlendSource__EaseInMSG	0	high: registered under this name in FUN_00595c38 (name string pushed immediately before the member-function pointer)
593827	AnimBlendSource__EaseOutMSG	0	high: registered under this name in FUN_00595c38 (name string pushed immediately before the member-function pointer)
59385c	AnimBlendSource__GetTrackOrientMSG	0	high: registered under this name in FUN_00595c38 (name string pushed immediately before the member-function pointer)
59397a	AnimLayer__SetWeight	0	high: registered under this name in FUN_005945e5 (name string pushed immediately before the member-function pointer)
59398b	AnimLayer__vfunc_14	0	medium: RTTI: slot 14 of vtable 0xa408ac (AnimLayer); class membership read from RTTI, method meaning not established
593a03	AnimLayer__SetEaseInDuration	0	medium: registered under this name in FUN_004b8f76 (name string pushed immediately before the member-function pointer); COMDAT-folded, also: GEKeyFrame::SetTranslationX, ViewportOptions::SetEasyPlaceOffset
593a0d	GEKeyFrame__SetTranslationY	0	medium: registered under this name in FUN_004b8f76 (name string pushed immediately before the member-function pointer); COMDAT-folded, also: SurfaceSpawner::SetFaceCullLimit, ViewportOptions::SetEasyPlaceRotation
593a17	AnimData__vfunc_01	0	medium: RTTI: slot 1 of vtable 0xa40268 (AnimData); class membership read from RTTI, method meaning not established
593ac3	AnimBlendSource__SetAnimSlot	0	high: registered under this name in FUN_00595c38 (name string pushed immediately before the member-function pointer)
593b24	AnimBlendSource__vfunc_14	0	medium: RTTI: slot 14 of vtable 0xa40e64 (AnimBlendSource); class membership read from RTTI, method meaning not established
593cb5	AnimBlendSource__SetAnimSlotName	0	high: registered under this name in FUN_00595c38 (name string pushed immediately before the member-function pointer)
593d98	AnimBlendSource__SetWeight	0	high: registered under this name in FUN_00595c38 (name string pushed immediately before the member-function pointer)
593daf	AIWorldNode__SetGroundSlopeMax	0	medium: registered under this name in FUN_00484ffb (name string pushed immediately before the member-function pointer); COMDAT-folded, also: AnimBlendSource::SetEaseInFactor, GFXEffect::SetFocalNearFallOff, ParticleType::SetUScale
593e56	InterleavedSkeletalAnimData__vfunc_02	0	medium: RTTI: slot 2 of vtable 0xa409f0 (InterleavedSkeletalAnimData); class membership read from RTTI, method meaning not established
593fa7	CompactSkeletalAnimData__vfunc_00	0	medium: RTTI: slot 0 of vtable 0xa406e0 (CompactSkeletalAnimData); class membership read from RTTI, method meaning not established
593fc3	CompactSkeletalAnimData__vfunc_02	0	medium: RTTI: slot 2 of vtable 0xa406e0 (CompactSkeletalAnimData); class membership read from RTTI, method meaning not established
59403f	BoneController__RegisterMembers	0	high: pushes 2 "BoneController::..." member-name strings paired with member-function pointers
5940f6	BoneAttacher__SetAttachedBone	0	high: registered under this name in FUN_0059510b (name string pushed immediately before the member-function pointer)
5941d5	AnimSlot__GetTrackIndexFromNameMSG	0	high: registered under this name in FUN_0059527f (name string pushed immediately before the member-function pointer)
5941e8	AnimSlot__GetTrackPosAtGivenTimeMSG	0	high: registered under this name in FUN_0059527f (name string pushed immediately before the member-function pointer)
59421a	AnimSlot__GetTrackOrientAtGivenTimeMSG	0	high: registered under this name in FUN_0059527f (name string pushed immediately before the member-function pointer)
594252	AnimSlot__SetTargetAnimName	0	high: registered under this name in FUN_0059527f (name string pushed immediately before the member-function pointer)
5944c0	AnimBlendSource__GetTrackIndexMSG	0	high: registered under this name in FUN_00595c38 (name string pushed immediately before the member-function pointer)
59451e	AnimBlendSource__GetTrackIndexFromBoneIndexMSG	0	high: registered under this name in FUN_00595c38 (name string pushed immediately before the member-function pointer)
594531	AnimBlendSource__GetTrackIndexFromChannelIndexMSG	0	high: registered under this name in FUN_00595c38 (name string pushed immediately before the member-function pointer)
594544	AnimBlendSource__GetTrackPosAtGivenTimeMSG	0	high: registered under this name in FUN_00595c38 (name string pushed immediately before the member-function pointer)
594576	AnimBlendSource__GetTrackOrientAtGivenTimeMSG	0	high: registered under this name in FUN_00595c38 (name string pushed immediately before the member-function pointer)
5945ae	AnimBlendSource__SetAnimSlotMSG	0	high: registered under this name in FUN_00595c38 (name string pushed immediately before the member-function pointer)
5945c9	AnimLayer__vfunc_11	0	medium: RTTI: slot 11 of vtable 0xa408ac (AnimLayer); class membership read from RTTI, method meaning not established
5945e5	AnimLayer__RegisterMembers	0	high: pushes 12 "AnimLayer::..." member-name strings paired with member-function pointers
594aaf	AnimData__vfunc_02	0	medium: RTTI: slot 2 of vtable 0xa40268 (AnimData); class membership read from RTTI, method meaning not established
59510b	BoneAttacher__RegisterMembers	0	high: pushes 2 "BoneAttacher::..." member-name strings paired with member-function pointers
59527f	AnimSlot__RegisterMembers	0	high: pushes 15 "AnimSlot::..." member-name strings paired with member-function pointers
595c1c	AnimBlendSource__vfunc_11	0	medium: RTTI: slot 11 of vtable 0xa40e64 (AnimBlendSource); class membership read from RTTI, method meaning not established
595c38	AnimBlendSource__RegisterMembers	0	high: pushes 29 "AnimBlendSource::..." member-name strings paired with member-function pointers
5967df	AnimBlendSource__vfunc_29	0	medium: RTTI: slot 29 of vtable 0xa40e64 (AnimBlendSource); class membership read from RTTI, method meaning not established
596d7b	ClassType_IsDerivedFrom	0	medium: read: walks +0x58 chain comparing to arg
596d91	Entity_SendCommand	0	high: read: if entity->type->scriptClass(+0x34) then 0x47c9fd(slot,hash,args); BRIEF idiom; 1110 callers
597b22	Entity_CastTo_e14d74	0	medium: read: same against DAT_00e14d74
597b45	Entity_CastTo_e153f0	0	medium: read: same against DAT_00e153f0
59d86f	AiSheetChanger__register	0	high: reg_dump: class/property/command registration sites of AiSheetChanger lie inside this function
59e4e7	AmbienceGroup__register	0	high: reg_dump: class/property/command registration sites of AmbienceGroup lie inside this function
5a0dfd	Vec20_PushBack	0	medium: read: same idiom, element size 0x14
5a0e6b	AchievementCtrl__register	0	high: reg_dump: class/property/command registration sites of AchievementCtrl lie inside this function
5a18f1	AchievementPart2Ctrl__register	0	high: reg_dump: class/property/command registration sites of AchievementPart2Ctrl lie inside this function
5a2730	AIDebugMarker__register	0	high: reg_dump: class/property/command registration sites of AIDebugMarker lie inside this function
5a285a	AIDebug_orchestrator_instance__register	0	high: reg_dump: class/property/command registration sites of AIDebug_orchestrator_instance lie inside this function
5a2ca1	AIDebug_orchestrator__register	0	high: reg_dump: class/property/command registration sites of AIDebug_orchestrator lie inside this function
5a2e1c	AIDebug__register	0	high: reg_dump: class/property/command registration sites of AIDebug lie inside this function
5a3223	AiDef__register	0	high: reg_dump: class/property/command registration sites of AiDef lie inside this function
5a38a6	AILib__register	0	high: reg_dump: class/property/command registration sites of AILib lie inside this function
5a6765	AIWorld__register	0	high: reg_dump: class/property/command registration sites of AIWorld lie inside this function
5a6e5e	AnimationBlendWM__register	0	high: reg_dump: class/property/command registration sites of AnimationBlendWM lie inside this function
5a77df	AnimationBlend__register	0	high: reg_dump: class/property/command registration sites of AnimationBlend lie inside this function
5a8157	AnimationBranchTransitionWM__register	0	high: reg_dump: class/property/command registration sites of AnimationBranchTransitionWM lie inside this function
5a82bc	AnimationClassWM__register	0	high: reg_dump: class/property/command registration sites of AnimationClassWM lie inside this function
5a9763	AnimationClass__register	0	high: reg_dump: class/property/command registration sites of AnimationClass lie inside this function
5aa88b	AnimationLogLib__register	0	high: reg_dump: class/property/command registration sites of AnimationLogLib lie inside this function
5d2b28	AnimationCriteriaWM__register	0	high: reg_dump: class/property/command registration sites of AnimationCriteriaWM lie inside this function
5d3020	AnimationCriteria__register	0	high: reg_dump: class/property/command registration sites of AnimationCriteria lie inside this function
5d350f	AnimationCtrlWM__register	0	high: reg_dump: class/property/command registration sites of AnimationCtrlWM lie inside this function
5da5e6	AnimationCtrl__register	0	high: reg_dump: class/property/command registration sites of AnimationCtrl lie inside this function
5e0231	AnimationDataWM__register	0	high: reg_dump: class/property/command registration sites of AnimationDataWM lie inside this function
5e2381	AnimationData__register	0	high: reg_dump: class/property/command registration sites of AnimationData lie inside this function
5e447e	AnimationEventWM__register	0	high: reg_dump: class/property/command registration sites of AnimationEventWM lie inside this function
5e4c3e	AnimationEvent__register	0	high: reg_dump: class/property/command registration sites of AnimationEvent lie inside this function
5e4fc7	AnimationGamepivotDebug__register	0	high: reg_dump: class/property/command registration sites of AnimationGamepivotDebug lie inside this function
5e50f7	AnimationLib__register	0	high: reg_dump: class/property/command registration sites of AnimationLib lie inside this function
5e70b1	AnimationLog__register	0	high: reg_dump: class/property/command registration sites of AnimationLog lie inside this function
5e74c1	AnimationPanelWM__register	0	high: reg_dump: class/property/command registration sites of AnimationPanelWM lie inside this function
5ea509	AnimationPanel__register	0	high: reg_dump: class/property/command registration sites of AnimationPanel lie inside this function
5eb7a1	AnimationPlayPosReverse__register	0	high: reg_dump: class/property/command registration sites of AnimationPlayPosReverse lie inside this function
5eb95b	AnimationPlayPosSequencer__register	0	high: reg_dump: class/property/command registration sites of AnimationPlayPosSequencer lie inside this function
6040da	AnimationSlotWM__register	0	high: reg_dump: class/property/command registration sites of AnimationSlotWM lie inside this function
60496a	AnimationSlot__register	0	high: reg_dump: class/property/command registration sites of AnimationSlot lie inside this function
605148	AnimationStateGroupWM__register	0	high: reg_dump: class/property/command registration sites of AnimationStateGroupWM lie inside this function
605721	AnimationStateGroup__register	0	high: reg_dump: class/property/command registration sites of AnimationStateGroup lie inside this function
605c92	AnimationStateWM__register	0	high: reg_dump: class/property/command registration sites of AnimationStateWM lie inside this function
60b15c	AnimationState__register	0	high: reg_dump: class/property/command registration sites of AnimationState lie inside this function
60c0c8	AnimationStopmodeWM__register	0	high: reg_dump: class/property/command registration sites of AnimationStopmodeWM lie inside this function
60d251	AnimationTestbedSpeederFollower__register	0	high: reg_dump: class/property/command registration sites of AnimationTestbedSpeederFollower lie inside this function
60d4df	AnimationTransitionWM__register	0	high: reg_dump: class/property/command registration sites of AnimationTransitionWM lie inside this function
60dc73	AnimationTransition__register	0	high: reg_dump: class/property/command registration sites of AnimationTransition lie inside this function
60e39f	AnimationVisualisationCtrlWM__register	0	high: reg_dump: class/property/command registration sites of AnimationVisualisationCtrlWM lie inside this function
60f8e4	AnimationVisualisationCtrl__register	0	high: reg_dump: class/property/command registration sites of AnimationVisualisationCtrl lie inside this function
610df9	AnimationVisualisationMouseInput__register	0	high: reg_dump: class/property/command registration sites of AnimationVisualisationMouseInput lie inside this function
6114d6	AnimationVisualizationItem__register	0	high: reg_dump: class/property/command registration sites of AnimationVisualizationItem lie inside this function
612a1e	AttackEnemy__register	0	high: reg_dump: class/property/command registration sites of AttackEnemy lie inside this function
613ce1	AttackKillTargetPartner__register	0	high: reg_dump: class/property/command registration sites of AttackKillTargetPartner lie inside this function
614c12	autocam2__register	0	high: reg_dump: class/property/command registration sites of autocam2 lie inside this function
614cae	autocam3__register	0	high: reg_dump: class/property/command registration sites of autocam3 lie inside this function
614d4a	autocam__register	0	high: reg_dump: class/property/command registration sites of autocam lie inside this function
614e93	BehaviorFollowPartner__register	0	high: reg_dump: class/property/command registration sites of BehaviorFollowPartner lie inside this function
61bbb6	BehaviorAnimationWM__register	0	high: reg_dump: class/property/command registration sites of BehaviorAnimationWM lie inside this function
61c404	BehaviorAnimation__register	0	high: reg_dump: class/property/command registration sites of BehaviorAnimation lie inside this function
61ca99	BehaviorAttack__register	0	high: reg_dump: class/property/command registration sites of BehaviorAttack lie inside this function
61d6c9	BehaviorBrainlessAutotarget__register	0	high: reg_dump: class/property/command registration sites of BehaviorBrainlessAutotarget lie inside this function
61e3e9	BehaviorChase__register	0	high: reg_dump: class/property/command registration sites of BehaviorChase lie inside this function
61efcc	BehaviorEnforceSameHeight__register	0	high: reg_dump: class/property/command registration sites of BehaviorEnforceSameHeight lie inside this function
61fbe6	BehaviorHandler__register	0	high: reg_dump: class/property/command registration sites of BehaviorHandler lie inside this function
6210ff	BehaviorIdle__register	0	high: reg_dump: class/property/command registration sites of BehaviorIdle lie inside this function
621c06	BehaviorMovementTest__register	0	high: reg_dump: class/property/command registration sites of BehaviorMovementTest lie inside this function
622b9c	BehaviorStepBack__register	0	high: reg_dump: class/property/command registration sites of BehaviorStepBack lie inside this function
6237f7	behaviortempleate__register	0	high: reg_dump: class/property/command registration sites of behaviortempleate lie inside this function
6242d2	BehaviorTutorial__register	0	high: reg_dump: class/property/command registration sites of BehaviorTutorial lie inside this function
625597	CameraAttachPoint__register	0	high: reg_dump: class/property/command registration sites of CameraAttachPoint lie inside this function
638a70	BehaviorWaypointMove__register	0	high: reg_dump: class/property/command registration sites of BehaviorWaypointMove lie inside this function
639e60	Behavior__register	0	high: reg_dump: class/property/command registration sites of Behavior lie inside this function
63a862	BossHUD__register	0	high: reg_dump: class/property/command registration sites of BossHUD lie inside this function
63ac2d	BuildSelector__register	0	high: reg_dump: class/property/command registration sites of BuildSelector lie inside this function
63ad7e	CameraBase__register	0	high: reg_dump: class/property/command registration sites of CameraBase lie inside this function
63affb	CameraCharacterCombatManipulator__register	0	high: reg_dump: class/property/command registration sites of CameraCharacterCombatManipulator lie inside this function
63b828	CameraCharacterSetPos__register	0	high: reg_dump: class/property/command registration sites of CameraCharacterSetPos lie inside this function
63ccf5	CameraCharacterTransition__register	0	high: reg_dump: class/property/command registration sites of CameraCharacterTransition lie inside this function
63d8e5	CameraCinematicToCharacter__register	0	high: reg_dump: class/property/command registration sites of CameraCinematicToCharacter lie inside this function
63dfbe	CameraCinematic__register	0	high: reg_dump: class/property/command registration sites of CameraCinematic lie inside this function
63ea3f	CameraCombatSpecialCuts__register	0	high: reg_dump: class/property/command registration sites of CameraCombatSpecialCuts lie inside this function
6409be	CameraCtrl__register	0	high: reg_dump: class/property/command registration sites of CameraCtrl lie inside this function
64197c	CameraDataCollector__register	0	high: reg_dump: class/property/command registration sites of CameraDataCollector lie inside this function
6424cd	CameraLib__register	0	high: reg_dump: class/property/command registration sites of CameraLib lie inside this function
643136	CameraModifierBase__register	0	high: reg_dump: class/property/command registration sites of CameraModifierBase lie inside this function
643374	CharacterCameraDef__register	0	high: reg_dump: class/property/command registration sites of CharacterCameraDef lie inside this function
65628e	chainHookup__register	0	high: reg_dump: class/property/command registration sites of chainHookup lie inside this function
657d54	CameraModifierHealthEffect__register	0	high: reg_dump: class/property/command registration sites of CameraModifierHealthEffect lie inside this function
6581b7	CameraModifierRecoil__register	0	high: reg_dump: class/property/command registration sites of CameraModifierRecoil lie inside this function
6586f4	CameraModifierSinusShake__register	0	high: reg_dump: class/property/command registration sites of CameraModifierSinusShake lie inside this function
658bce	CameraPlayerVsPlayer__register	0	high: reg_dump: class/property/command registration sites of CameraPlayerVsPlayer lie inside this function
6594c5	CameraTool__register	0	high: reg_dump: class/property/command registration sites of CameraTool lie inside this function
659726	CharacterAddonCtrl__register	0	high: reg_dump: class/property/command registration sites of CharacterAddonCtrl lie inside this function
659cc7	CharacterAIBrain__register	0	high: reg_dump: class/property/command registration sites of CharacterAIBrain lie inside this function
65aae4	CharacterAIComboManager__register	0	high: reg_dump: class/property/command registration sites of CharacterAIComboManager lie inside this function
65b245	CharacterCameraAI__register	0	high: reg_dump: class/property/command registration sites of CharacterCameraAI lie inside this function
65b673	CharacterCameraDBItem__register	0	high: reg_dump: class/property/command registration sites of CharacterCameraDBItem lie inside this function
65b93e	CharacterCameraStateManager__register	0	high: reg_dump: class/property/command registration sites of CharacterCameraStateManager lie inside this function
65c614	CharacterCamera__register	0	high: reg_dump: class/property/command registration sites of CharacterCamera lie inside this function
662321	CharacterComboAttack__register	0	high: reg_dump: class/property/command registration sites of CharacterComboAttack lie inside this function
662776	CharacterHeadModel__register	0	high: reg_dump: class/property/command registration sites of CharacterHeadModel lie inside this function
66d3a8	CharacterComboDatabase__register	0	high: reg_dump: class/property/command registration sites of CharacterComboDatabase lie inside this function
66dce0	CharacterComboDef__register	0	high: reg_dump: class/property/command registration sites of CharacterComboDef lie inside this function
66dfa8	CharacterComboItem__register	0	high: reg_dump: class/property/command registration sites of CharacterComboItem lie inside this function
66e0f5	CharacterComboString__register	0	high: reg_dump: class/property/command registration sites of CharacterComboString lie inside this function
66e94b	CharacterControl__register	0	high: reg_dump: class/property/command registration sites of CharacterControl lie inside this function
66eb26	CharacterDebug__register	0	high: reg_dump: class/property/command registration sites of CharacterDebug lie inside this function
66ee59	CharacterDef__register	0	high: reg_dump: class/property/command registration sites of CharacterDef lie inside this function
66f617	CharacterEffectDef__register	0	high: reg_dump: class/property/command registration sites of CharacterEffectDef lie inside this function
66fd1f	CharacterEnviromentClothCtrl__register	0	high: reg_dump: class/property/command registration sites of CharacterEnviromentClothCtrl lie inside this function
66ff5a	CharacterExpandVolume__register	0	high: reg_dump: class/property/command registration sites of CharacterExpandVolume lie inside this function
670507	CharacterGroup__register	0	high: reg_dump: class/property/command registration sites of CharacterGroup lie inside this function
67104f	CharacterHeadCtrl__register	0	high: reg_dump: class/property/command registration sites of CharacterHeadCtrl lie inside this function
6726d6	characterlib__register	0	high: reg_dump: class/property/command registration sites of characterlib lie inside this function
674767	CharacterLodCtrl__register	0	high: reg_dump: class/property/command registration sites of CharacterLodCtrl lie inside this function
6756a0	CharacterModelCollection__register	0	high: reg_dump: class/property/command registration sites of CharacterModelCollection lie inside this function
675af2	characterRagdollPerformance__register	0	high: reg_dump: class/property/command registration sites of characterRagdollPerformance lie inside this function
675bdd	CharacterRootFragment__register	0	high: reg_dump: class/property/command registration sites of CharacterRootFragment lie inside this function
676586	CharacterSpecialDef__register	0	high: reg_dump: class/property/command registration sites of CharacterSpecialDef lie inside this function
676a41	CharacterVisualDef__register	0	high: reg_dump: class/property/command registration sites of CharacterVisualDef lie inside this function
676b5b	CharacterVisualFragment__register	0	high: reg_dump: class/property/command registration sites of CharacterVisualFragment lie inside this function
67945d	CharacterSimple__register	0	high: reg_dump: class/property/command registration sites of CharacterSimple lie inside this function
6a1d31	CharPhysics__register	0	high: reg_dump: class/property/command registration sites of CharPhysics lie inside this function
6beb39	CharacterPhysics__register	0	high: reg_dump: class/property/command registration sites of CharacterPhysics lie inside this function
6c3432	CharacterRagdollSetup__register	0	high: reg_dump: class/property/command registration sites of CharacterRagdollSetup lie inside this function
6c42bc	CharacterRootLogic__register	0	high: reg_dump: class/property/command registration sites of CharacterRootLogic lie inside this function
6c99ec	CharacterRoot__register	0	high: reg_dump: class/property/command registration sites of CharacterRoot lie inside this function
6d19b4	CharacterSoundDef__register	0	high: reg_dump: class/property/command registration sites of CharacterSoundDef lie inside this function
6d1b4c	CharacterSpawner__register	0	high: reg_dump: class/property/command registration sites of CharacterSpawner lie inside this function
6d24bf	CharacterSpeakDefinitionUpdate__register	0	high: reg_dump: class/property/command registration sites of CharacterSpeakDefinitionUpdate lie inside this function
6d2bfd	CharacterSweepAttack__register	0	high: reg_dump: class/property/command registration sites of CharacterSweepAttack lie inside this function
6d3ac5	CharacterVisual__register	0	high: reg_dump: class/property/command registration sites of CharacterVisual lie inside this function
6d8f25	CheckpointState__register	0	high: reg_dump: class/property/command registration sites of CheckpointState lie inside this function
6d908a	CollisionBase__register	0	high: reg_dump: class/property/command registration sites of CollisionBase lie inside this function
6d9151	CombatOrchestratorParameters__register	0	high: reg_dump: class/property/command registration sites of CombatOrchestratorParameters lie inside this function
6f5c5b	ChaseEnemy__register	0	high: reg_dump: class/property/command registration sites of ChaseEnemy lie inside this function
6f6986	CircleTargetEnemy02__register	0	high: reg_dump: class/property/command registration sites of CircleTargetEnemy02 lie inside this function
6f7c61	CloneSheet_Prototype__register	0	high: reg_dump: class/property/command registration sites of CloneSheet_Prototype lie inside this function
6f8410	ClothWind_Prototype__register	0	high: reg_dump: class/property/command registration sites of ClothWind_Prototype lie inside this function
6f8b84	Cloth_Prototype__register	0	high: reg_dump: class/property/command registration sites of Cloth_Prototype lie inside this function
6f9c74	CollisionEffectCtrl__register	0	high: reg_dump: class/property/command registration sites of CollisionEffectCtrl lie inside this function
6fa7d8	CombatHelpPartner__register	0	high: reg_dump: class/property/command registration sites of CombatHelpPartner lie inside this function
6fbb05	CombatOrchestrator__register	0	high: reg_dump: class/property/command registration sites of CombatOrchestrator lie inside this function
6fffd7	CombatPartner__register	0	high: reg_dump: class/property/command registration sites of CombatPartner lie inside this function
7015c4	ComboBuildupHud__register	0	high: reg_dump: class/property/command registration sites of ComboBuildupHud lie inside this function
702271	ComboButtonHud__register	0	high: reg_dump: class/property/command registration sites of ComboButtonHud lie inside this function
702ca5	ComboTextShaker__register	0	high: reg_dump: class/property/command registration sites of ComboTextShaker lie inside this function
703110	CrowdControlPartner__register	0	high: reg_dump: class/property/command registration sites of CrowdControlPartner lie inside this function
704e88	CutsceneCameraCtrl__register	0	high: reg_dump: class/property/command registration sites of CutsceneCameraCtrl lie inside this function
71134e	CullingBox__register	0	high: reg_dump: class/property/command registration sites of CullingBox lie inside this function
7115ec	CullingCtrl__register	0	high: reg_dump: class/property/command registration sites of CullingCtrl lie inside this function
71283f	CullingGroup__register	0	high: reg_dump: class/property/command registration sites of CullingGroup lie inside this function
712f3d	CullingLib__register	0	high: reg_dump: class/property/command registration sites of CullingLib lie inside this function
71313a	CullingTester__register	0	high: reg_dump: class/property/command registration sites of CullingTester lie inside this function
71326e	CullingVisibilityGroup__register	0	high: reg_dump: class/property/command registration sites of CullingVisibilityGroup lie inside this function
7139f3	DamageBox__register	0	high: reg_dump: class/property/command registration sites of DamageBox lie inside this function
713b9a	DatabaseLib__register	0	high: reg_dump: class/property/command registration sites of DatabaseLib lie inside this function
713e74	DebugCameraTool__register	0	high: reg_dump: class/property/command registration sites of DebugCameraTool lie inside this function
7140bd	DebugLib__register	0	high: reg_dump: class/property/command registration sites of DebugLib lie inside this function
7141ec	DebugScreenSpace__register	0	high: reg_dump: class/property/command registration sites of DebugScreenSpace lie inside this function
71451b	DebugScriptShortcuts__register	0	high: reg_dump: class/property/command registration sites of DebugScriptShortcuts lie inside this function
714662	DebugScrollGraph__register	0	high: reg_dump: class/property/command registration sites of DebugScrollGraph lie inside this function
714900	DelayedEmitterActivator__register	0	high: reg_dump: class/property/command registration sites of DelayedEmitterActivator lie inside this function
71545c	EntityRefProperty__register	0	high: reg_dump: class/property/command registration sites of EntityRefProperty lie inside this function
729068	DoorPathObject__register	0	high: reg_dump: class/property/command registration sites of DoorPathObject lie inside this function
72959a	dualAnimationPhysics__register	0	high: reg_dump: class/property/command registration sites of dualAnimationPhysics lie inside this function
7297d3	DynamicObjectCollection__register	0	high: reg_dump: class/property/command registration sites of DynamicObjectCollection lie inside this function
72993f	DynamicObjectsCtrl__register	0	high: reg_dump: class/property/command registration sites of DynamicObjectsCtrl lie inside this function
729c20	DynamicObjectsEffectCtrl__register	0	high: reg_dump: class/property/command registration sites of DynamicObjectsEffectCtrl lie inside this function
72ab76	dynamic_getup_logic__register	0	high: reg_dump: class/property/command registration sites of dynamic_getup_logic lie inside this function
72b770	EffectBase__register	0	high: reg_dump: class/property/command registration sites of EffectBase lie inside this function
72c262	EffectCtrl__register	0	high: reg_dump: class/property/command registration sites of EffectCtrl lie inside this function
72d075	EffectParticle__register	0	high: reg_dump: class/property/command registration sites of EffectParticle lie inside this function
72de90	EffectsLib__register	0	high: reg_dump: class/property/command registration sites of EffectsLib lie inside this function
72ef5d	EffectSound__register	0	high: reg_dump: class/property/command registration sites of EffectSound lie inside this function
72fe51	EffectSpeak__register	0	high: reg_dump: class/property/command registration sites of EffectSpeak lie inside this function
730af0	ElectricArmor__register	0	high: reg_dump: class/property/command registration sites of ElectricArmor lie inside this function
7315dc	EnemyDef__register	0	high: reg_dump: class/property/command registration sites of EnemyDef lie inside this function
732b65	Enemy__register	0	high: reg_dump: class/property/command registration sites of Enemy lie inside this function
7353c3	FXLightningEffectsInterface__register	0	high: reg_dump: class/property/command registration sites of FXLightningEffectsInterface lie inside this function
7368fe	FXLightningEffectsBase__register	0	high: reg_dump: class/property/command registration sites of FXLightningEffectsBase lie inside this function
74381b	FireResidualEffect__register	0	high: reg_dump: class/property/command registration sites of FireResidualEffect lie inside this function
743a25	FireVolumeBox__register	0	high: reg_dump: class/property/command registration sites of FireVolumeBox lie inside this function
743c16	FireVolumeFlamethrower__register	0	high: reg_dump: class/property/command registration sites of FireVolumeFlamethrower lie inside this function
743e19	FireVolumeGeneral__register	0	high: reg_dump: class/property/command registration sites of FireVolumeGeneral lie inside this function
744186	FireVolume__register	0	high: reg_dump: class/property/command registration sites of FireVolume lie inside this function
744355	FlameThrower__register	0	high: reg_dump: class/property/command registration sites of FlameThrower lie inside this function
744c98	FollowPartner__register	0	high: reg_dump: class/property/command registration sites of FollowPartner lie inside this function
746911	FollowPivotBehavior__register	0	high: reg_dump: class/property/command registration sites of FollowPivotBehavior lie inside this function
747ef8	FXGfxEffectCtrl__register	0	high: reg_dump: class/property/command registration sites of FXGfxEffectCtrl lie inside this function
74885b	FxHighlightCtrl__register	0	high: reg_dump: class/property/command registration sites of FxHighlightCtrl lie inside this function
748f7a	FxHighlightDef__register	0	high: reg_dump: class/property/command registration sites of FxHighlightDef lie inside this function
749101	FXLighting__register	0	high: reg_dump: class/property/command registration sites of FXLighting lie inside this function
749e9b	FXLightningBlendToGFX__register	0	high: reg_dump: class/property/command registration sites of FXLightningBlendToGFX lie inside this function
74a340	FXLightningEffectsLib__register	0	high: reg_dump: class/property/command registration sites of FXLightningEffectsLib lie inside this function
74aa35	GamePad__register	0	high: reg_dump: class/property/command registration sites of GamePad lie inside this function
75091b	FXLightningLightUpSky__register	0	high: reg_dump: class/property/command registration sites of FXLightningLightUpSky lie inside this function
750bfb	FXLightningPlaySound__register	0	high: reg_dump: class/property/command registration sites of FXLightningPlaySound lie inside this function
750dc9	FXLightningShowLight__register	0	high: reg_dump: class/property/command registration sites of FXLightningShowLight lie inside this function
750f93	FXLightningShowMockupBox__register	0	high: reg_dump: class/property/command registration sites of FXLightningShowMockupBox lie inside this function
75116d	FXLightningShowSprite__register	0	high: reg_dump: class/property/command registration sites of FXLightningShowSprite lie inside this function
751327	FXParticleSysRain__register	0	high: reg_dump: class/property/command registration sites of FXParticleSysRain lie inside this function
75172b	FxRotateBase__register	0	high: reg_dump: class/property/command registration sites of FxRotateBase lie inside this function
751ab5	FxRotateMockupbox__register	0	high: reg_dump: class/property/command registration sites of FxRotateMockupbox lie inside this function
751f34	FxRotateModel__register	0	high: reg_dump: class/property/command registration sites of FxRotateModel lie inside this function
7522ca	FxRotateSprite__register	0	high: reg_dump: class/property/command registration sites of FxRotateSprite lie inside this function
752726	GameArea__register	0	high: reg_dump: class/property/command registration sites of GameArea lie inside this function
752a74	GameEventCtrl__register	0	high: reg_dump: class/property/command registration sites of GameEventCtrl lie inside this function
75372a	GameEventLib__register	0	high: reg_dump: class/property/command registration sites of GameEventLib lie inside this function
753859	GameModeSelector__register	0	high: reg_dump: class/property/command registration sites of GameModeSelector lie inside this function
753a17	GameStateCtrl__register	0	high: reg_dump: class/property/command registration sites of GameStateCtrl lie inside this function
757cc4	GameStateLib__register	0	high: reg_dump: class/property/command registration sites of GameStateLib lie inside this function
765966	GfxBlender__register	0	high: reg_dump: class/property/command registration sites of GfxBlender lie inside this function
766257	GFXDecalEffectType__register	0	high: reg_dump: class/property/command registration sites of GFXDecalEffectType lie inside this function
7669c9	GFXEffectType__register	0	high: reg_dump: class/property/command registration sites of GFXEffectType lie inside this function
766d6e	GFXPackageCtrl__register	0	high: reg_dump: class/property/command registration sites of GFXPackageCtrl lie inside this function
7674bf	GFXParticleEffectType__register	0	high: reg_dump: class/property/command registration sites of GFXParticleEffectType lie inside this function
7679e0	GlobalAiParameters__register	0	high: reg_dump: class/property/command registration sites of GlobalAiParameters lie inside this function
767b5d	GrapplingGun__register	0	high: reg_dump: class/property/command registration sites of GrapplingGun lie inside this function
768253	GroupManager__register	0	high: reg_dump: class/property/command registration sites of GroupManager lie inside this function
7687d8	hangback__register	0	high: reg_dump: class/property/command registration sites of hangback lie inside this function
7693ea	HudBar__register	0	high: reg_dump: class/property/command registration sites of HudBar lie inside this function
7697ec	Inflator__register	0	high: reg_dump: class/property/command registration sites of Inflator lie inside this function
7699e9	InputButtonMap__register	0	high: reg_dump: class/property/command registration sites of InputButtonMap lie inside this function
769c11	InputCtrl__register	0	high: reg_dump: class/property/command registration sites of InputCtrl lie inside this function
76e579	InputGamepadMap__register	0	high: reg_dump: class/property/command registration sites of InputGamepadMap lie inside this function
7757f0	InputKeyboardMap__register	0	high: reg_dump: class/property/command registration sites of InputKeyboardMap lie inside this function
775983	InputLib__register	0	high: reg_dump: class/property/command registration sites of InputLib lie inside this function
775fde	InputMapperDebug__register	0	high: reg_dump: class/property/command registration sites of InputMapperDebug lie inside this function
77631a	InputMouseMap__register	0	high: reg_dump: class/property/command registration sites of InputMouseMap lie inside this function
7764e7	InputSetMode__register	0	high: reg_dump: class/property/command registration sites of InputSetMode lie inside this function
77672c	InputStickMap__register	0	high: reg_dump: class/property/command registration sites of InputStickMap lie inside this function
776907	KynapseArtificialDoor__register	0	high: reg_dump: class/property/command registration sites of KynapseArtificialDoor lie inside this function
776a3c	KynapseCharacter__register	0	high: reg_dump: class/property/command registration sites of KynapseCharacter lie inside this function
776ba2	KynapseStaticPathObjSceneClimbUp__register	0	high: reg_dump: class/property/command registration sites of KynapseStaticPathObjSceneClimbUp lie inside this function
777270	kynapsetest01__register	0	high: reg_dump: class/property/command registration sites of kynapsetest01 lie inside this function
77744c	LeaderEnemy__register	0	high: reg_dump: class/property/command registration sites of LeaderEnemy lie inside this function
778090	LevelProgressState__register	0	high: reg_dump: class/property/command registration sites of LevelProgressState lie inside this function
778476	LevelSceneCtrl__register	0	high: reg_dump: class/property/command registration sites of LevelSceneCtrl lie inside this function
779091	LightFlash__register	0	high: reg_dump: class/property/command registration sites of LightFlash lie inside this function
779255	LightFlicker__register	0	high: reg_dump: class/property/command registration sites of LightFlicker lie inside this function
779528	LightViewportSelector__register	0	high: reg_dump: class/property/command registration sites of LightViewportSelector lie inside this function
77a35c	MaterialSheet__register	0	high: reg_dump: class/property/command registration sites of MaterialSheet lie inside this function
788efa	LoudSpeaker__register	0	high: reg_dump: class/property/command registration sites of LoudSpeaker lie inside this function
796bfe	ListLib__register	0	high: reg_dump: class/property/command registration sites of ListLib lie inside this function
798898	LocalizationTool__register	0	high: reg_dump: class/property/command registration sites of LocalizationTool lie inside this function
79a861	local_castray_camgun__register	0	high: reg_dump: class/property/command registration sites of local_castray_camgun lie inside this function
79aa41	LockpickCtrl__register	0	high: reg_dump: class/property/command registration sites of LockpickCtrl lie inside this function
79cc11	LockPickShaker__register	0	high: reg_dump: class/property/command registration sites of LockPickShaker lie inside this function
79cf06	MainMenuSceneCtrl__register	0	high: reg_dump: class/property/command registration sites of MainMenuSceneCtrl lie inside this function
79e8e7	MasterCameraCtrl__register	0	high: reg_dump: class/property/command registration sites of MasterCameraCtrl lie inside this function
79ec2f	MasterMusicCtrl__register	0	high: reg_dump: class/property/command registration sites of MasterMusicCtrl lie inside this function
79ef8f	MathLib__register	0	high: reg_dump: class/property/command registration sites of MathLib lie inside this function
7a4fb9	Menu3DSprite__register	0	high: reg_dump: class/property/command registration sites of Menu3DSprite lie inside this function
7a53dc	MenuAbilityCtrl__register	0	high: reg_dump: class/property/command registration sites of MenuAbilityCtrl lie inside this function
7a5eac	MenuBackground__register	0	high: reg_dump: class/property/command registration sites of MenuBackground lie inside this function
7a6027	MenuButtonPulsate__register	0	high: reg_dump: class/property/command registration sites of MenuButtonPulsate lie inside this function
7a74f2	MasterSceneCtrl__register	0	high: reg_dump: class/property/command registration sites of MasterSceneCtrl lie inside this function
7affd4	ModelEffectsGeneral__register	0	high: reg_dump: class/property/command registration sites of ModelEffectsGeneral lie inside this function
7b0053	ModelEffects__register	0	high: reg_dump: class/property/command registration sites of ModelEffects lie inside this function
7c3d2d	MenuCtrl__register	0	high: reg_dump: class/property/command registration sites of MenuCtrl lie inside this function
7c4209	MenuIngameCtrl__register	0	high: reg_dump: class/property/command registration sites of MenuIngameCtrl lie inside this function
7c4f82	MenuLib__register	0	high: reg_dump: class/property/command registration sites of MenuLib lie inside this function
7c57c9	MenuMouseInput__register	0	high: reg_dump: class/property/command registration sites of MenuMouseInput lie inside this function
7c5b06	MenuNavigationToolBarCtrl__register	0	high: reg_dump: class/property/command registration sites of MenuNavigationToolBarCtrl lie inside this function
7c5e4f	MenuSettingsCtrl__register	0	high: reg_dump: class/property/command registration sites of MenuSettingsCtrl lie inside this function
7c8912	MenuSoundInit__register	0	high: reg_dump: class/property/command registration sites of MenuSoundInit lie inside this function
7c8a2c	MenuTutorialCtrl__register	0	high: reg_dump: class/property/command registration sites of MenuTutorialCtrl lie inside this function
7c910d	MenuWidgetBase__register	0	high: reg_dump: class/property/command registration sites of MenuWidgetBase lie inside this function
7c9575	MenuWidgetButtonMap__register	0	high: reg_dump: class/property/command registration sites of MenuWidgetButtonMap lie inside this function
7ca2ac	MenuWidgetButton__register	0	high: reg_dump: class/property/command registration sites of MenuWidgetButton lie inside this function
7caa10	MenuWidgetSelector__register	0	high: reg_dump: class/property/command registration sites of MenuWidgetSelector lie inside this function
7cbb6d	MenuWindow__register	0	high: reg_dump: class/property/command registration sites of MenuWindow lie inside this function
7ccbe7	MoviePlayerCtrl__register	0	high: reg_dump: class/property/command registration sites of MoviePlayerCtrl lie inside this function
7cd44e	MusicIntensityDefinition__register	0	high: reg_dump: class/property/command registration sites of MusicIntensityDefinition lie inside this function
7d2bd8	MultiskinCharacter__register	0	high: reg_dump: class/property/command registration sites of MultiskinCharacter lie inside this function
7d2ce4	MusicGroupCtrl__register	0	high: reg_dump: class/property/command registration sites of MusicGroupCtrl lie inside this function
7d2e53	MusicIndicatator__register	0	high: reg_dump: class/property/command registration sites of MusicIndicatator lie inside this function
7d317b	MusicIntensityContainer__register	0	high: reg_dump: class/property/command registration sites of MusicIntensityContainer lie inside this function
7d34b3	MusicIntensityCtrl__register	0	high: reg_dump: class/property/command registration sites of MusicIntensityCtrl lie inside this function
7d3a57	MusicOneOffSlot__register	0	high: reg_dump: class/property/command registration sites of MusicOneOffSlot lie inside this function
7d3b87	MusicPlayer__register	0	high: reg_dump: class/property/command registration sites of MusicPlayer lie inside this function
7d46d2	MusicSetup__register	0	high: reg_dump: class/property/command registration sites of MusicSetup lie inside this function
7d4d68	MusicStaticSlot__register	0	high: reg_dump: class/property/command registration sites of MusicStaticSlot lie inside this function
7d4e98	MusicStreamSlot__register	0	high: reg_dump: class/property/command registration sites of MusicStreamSlot lie inside this function
7d5956	MusicTestTriggerBox__register	0	high: reg_dump: class/property/command registration sites of MusicTestTriggerBox lie inside this function
7d5b5c	MusicTrackCtrl__register	0	high: reg_dump: class/property/command registration sites of MusicTrackCtrl lie inside this function
7d5ccb	MusicTrigger__register	0	high: reg_dump: class/property/command registration sites of MusicTrigger lie inside this function
7d67eb	NightVision__register	0	high: reg_dump: class/property/command registration sites of NightVision lie inside this function
7d6916	OnOffEnemies__register	0	high: reg_dump: class/property/command registration sites of OnOffEnemies lie inside this function
7d74ce	PlatformSpecific__register	0	high: reg_dump: class/property/command registration sites of PlatformSpecific lie inside this function
7e3d98	physicsTimepassed__register	0	high: reg_dump: class/property/command registration sites of physicsTimepassed lie inside this function
7e76e5	OverrideGameMode__register	0	high: reg_dump: class/property/command registration sites of OverrideGameMode lie inside this function
7e7848	PartnerDef__register	0	high: reg_dump: class/property/command registration sites of PartnerDef lie inside this function
7e873b	Partner__register	0	high: reg_dump: class/property/command registration sites of Partner lie inside this function
7e9be4	PathBlocker__register	0	high: reg_dump: class/property/command registration sites of PathBlocker lie inside this function
7e9d83	Perception__register	0	high: reg_dump: class/property/command registration sites of Perception lie inside this function
7eb4ab	PerformanceBar__register	0	high: reg_dump: class/property/command registration sites of PerformanceBar lie inside this function
7eb81d	PerformanceMeasurement__register	0	high: reg_dump: class/property/command registration sites of PerformanceMeasurement lie inside this function
7eba0e	PhysicsSimulation__register	0	high: reg_dump: class/property/command registration sites of PhysicsSimulation lie inside this function
7ecf11	PivotController__register	0	high: reg_dump: class/property/command registration sites of PivotController lie inside this function
7ed26a	PlatformCtrl__register	0	high: reg_dump: class/property/command registration sites of PlatformCtrl lie inside this function
7edfd7	PlatformStartupCtrl__register	0	high: reg_dump: class/property/command registration sites of PlatformStartupCtrl lie inside this function
7ee656	PlayerCameraCtrlDef__register	0	high: reg_dump: class/property/command registration sites of PlayerCameraCtrlDef lie inside this function
7eeb2b	PlayerCtrlBehavior__register	0	high: reg_dump: class/property/command registration sites of PlayerCtrlBehavior lie inside this function
7f06af	PlayerVsPlayerFocusPoint__register	0	high: reg_dump: class/property/command registration sites of PlayerVsPlayerFocusPoint lie inside this function
7f1c71	PublicLib__register	0	high: reg_dump: class/property/command registration sites of PublicLib lie inside this function
80323a	PlayerCtrl__register	0	high: reg_dump: class/property/command registration sites of PlayerCtrl lie inside this function
805e5c	PlayerHUD__register	0	high: reg_dump: class/property/command registration sites of PlayerHUD lie inside this function
806e38	PlayerLib__register	0	high: reg_dump: class/property/command registration sites of PlayerLib lie inside this function
806fdc	PlayerLookatTrigger__register	0	high: reg_dump: class/property/command registration sites of PlayerLookatTrigger lie inside this function
8072ca	PlayerManager__register	0	high: reg_dump: class/property/command registration sites of PlayerManager lie inside this function
8088ba	PlayerTutorialFragment__register	0	high: reg_dump: class/property/command registration sites of PlayerTutorialFragment lie inside this function
808fd6	PlayerTutorialTrigger__register	0	high: reg_dump: class/property/command registration sites of PlayerTutorialTrigger lie inside this function
809621	PlayerTutotialHUD__register	0	high: reg_dump: class/property/command registration sites of PlayerTutotialHUD lie inside this function
809b2e	PlaySequence__register	0	high: reg_dump: class/property/command registration sites of PlaySequence lie inside this function
809e94	ProjectAnimationLib__register	0	high: reg_dump: class/property/command registration sites of ProjectAnimationLib lie inside this function
80c150	ProjectLib__register	0	high: reg_dump: class/property/command registration sites of ProjectLib lie inside this function
810ec6	ragdollBlendBug__register	0	high: reg_dump: class/property/command registration sites of ragdollBlendBug lie inside this function
81102c	ragdollTest__register	0	high: reg_dump: class/property/command registration sites of ragdollTest lie inside this function
8111b1	ReturnToCombatZone__register	0	high: reg_dump: class/property/command registration sites of ReturnToCombatZone lie inside this function
812574	SessionLogLib__register	0	high: reg_dump: class/property/command registration sites of SessionLogLib lie inside this function
8127d2	SaveFragment__register	0	high: reg_dump: class/property/command registration sites of SaveFragment lie inside this function
81b030	rotatePivotNode__register	0	high: reg_dump: class/property/command registration sites of rotatePivotNode lie inside this function
81b23a	SaveDeviceX360Ctrl__register	0	high: reg_dump: class/property/command registration sites of SaveDeviceX360Ctrl lie inside this function
81b6dc	SaveHUD__register	0	high: reg_dump: class/property/command registration sites of SaveHUD lie inside this function
81b9e3	SceneCtrlLib__register	0	high: reg_dump: class/property/command registration sites of SceneCtrlLib lie inside this function
81bb46	SceneScope__register	0	high: reg_dump: class/property/command registration sites of SceneScope lie inside this function
81c1a8	SceneSettings__register	0	high: reg_dump: class/property/command registration sites of SceneSettings lie inside this function
81c2ed	ScreenFadeCtrl__register	0	high: reg_dump: class/property/command registration sites of ScreenFadeCtrl lie inside this function
823cbd	ScriptUpdateCtrl__register	0	high: reg_dump: class/property/command registration sites of ScriptUpdateCtrl lie inside this function
824536	ScriptUpdateLib__register	0	high: reg_dump: class/property/command registration sites of ScriptUpdateLib lie inside this function
8246e3	SearchLight__register	0	high: reg_dump: class/property/command registration sites of SearchLight lie inside this function
824a56	SecondaryAttackerEnemy__register	0	high: reg_dump: class/property/command registration sites of SecondaryAttackerEnemy lie inside this function
825dc6	SequenceTrig__register	0	high: reg_dump: class/property/command registration sites of SequenceTrig lie inside this function
825f13	SessionLogCtrl__register	0	high: reg_dump: class/property/command registration sites of SessionLogCtrl lie inside this function
828ca4	SoundAudioSettingsRef__register	0	high: reg_dump: class/property/command registration sites of SoundAudioSettingsRef lie inside this function
828eab	SoundLib__register	0	high: reg_dump: class/property/command registration sites of SoundLib lie inside this function
828fa2	SetTrialMode__register	0	high: reg_dump: class/property/command registration sites of SetTrialMode lie inside this function
8329f5	SoundEnvironment__register	0	high: reg_dump: class/property/command registration sites of SoundEnvironment lie inside this function
833c77	SettingsState__register	0	high: reg_dump: class/property/command registration sites of SettingsState lie inside this function
833f3a	SignedInUserChangeX360Ctrl__register	0	high: reg_dump: class/property/command registration sites of SignedInUserChangeX360Ctrl lie inside this function
8340ea	SimpleCamera__register	0	high: reg_dump: class/property/command registration sites of SimpleCamera lie inside this function
8342b2	SimpleLobby__register	0	high: reg_dump: class/property/command registration sites of SimpleLobby lie inside this function
8357f2	SimpleWorld__register	0	high: reg_dump: class/property/command registration sites of SimpleWorld lie inside this function
835a18	SoundCtrl__register	0	high: reg_dump: class/property/command registration sites of SoundCtrl lie inside this function
837887	SoundDef__register	0	high: reg_dump: class/property/command registration sites of SoundDef lie inside this function
839433	SoundEffectType__register	0	high: reg_dump: class/property/command registration sites of SoundEffectType lie inside this function
8397c7	SoundGrp__register	0	high: reg_dump: class/property/command registration sites of SoundGrp lie inside this function
839a80	SoundPackageCtrl__register	0	high: reg_dump: class/property/command registration sites of SoundPackageCtrl lie inside this function
83a0c3	sound_test_play__register	0	high: reg_dump: class/property/command registration sites of sound_test_play lie inside this function
83a268	SpeakBuilder__register	0	high: reg_dump: class/property/command registration sites of SpeakBuilder lie inside this function
83c557	StartSequencer__register	0	high: reg_dump: class/property/command registration sites of StartSequencer lie inside this function
840014	SpriteStrecher__register	0	high: reg_dump: class/property/command registration sites of SpriteStrecher lie inside this function
84208a	SpeakCtrl__register	0	high: reg_dump: class/property/command registration sites of SpeakCtrl lie inside this function
843f76	SpeakDefinitionUpdate__register	0	high: reg_dump: class/property/command registration sites of SpeakDefinitionUpdate lie inside this function
84467c	SpeakDefinition__register	0	high: reg_dump: class/property/command registration sites of SpeakDefinition lie inside this function
844c72	SpeakLib__register	0	high: reg_dump: class/property/command registration sites of SpeakLib lie inside this function
8452b2	SpeakVoiceDefinition__register	0	high: reg_dump: class/property/command registration sites of SpeakVoiceDefinition lie inside this function
8456ac	SpriteBar__register	0	high: reg_dump: class/property/command registration sites of SpriteBar lie inside this function
84648f	SpriteUVRotate__register	0	high: reg_dump: class/property/command registration sites of SpriteUVRotate lie inside this function
8469a5	SpriteWobbler__register	0	high: reg_dump: class/property/command registration sites of SpriteWobbler lie inside this function
846d83	State1__register	0	high: reg_dump: class/property/command registration sites of State1 lie inside this function
846f7f	State2__register	0	high: reg_dump: class/property/command registration sites of State2 lie inside this function
8470ed	staticpathobj__register	0	high: reg_dump: class/property/command registration sites of staticpathobj lie inside this function
847238	StreamBlockManager__register	0	high: reg_dump: class/property/command registration sites of StreamBlockManager lie inside this function
847795	StreamBlockTrigger__register	0	high: reg_dump: class/property/command registration sites of StreamBlockTrigger lie inside this function
84800c	StreamBlockTriggerOneShot__register	0	high: reg_dump: class/property/command registration sites of StreamBlockTriggerOneShot lie inside this function
848883	SubtitleSlotRegister__register	0	high: reg_dump: class/property/command registration sites of SubtitleSlotRegister lie inside this function
848a1b	TextureEffects__register	0	high: reg_dump: class/property/command registration sites of TextureEffects lie inside this function
84a70d	TextBoxTextShrinker__register	0	high: reg_dump: class/property/command registration sites of TextBoxTextShrinker lie inside this function
84e984	StreamBlock__register	0	high: reg_dump: class/property/command registration sites of StreamBlock lie inside this function
84eac6	StringLib__register	0	high: reg_dump: class/property/command registration sites of StringLib lie inside this function
84f5b7	Subscribetocollision__register	0	high: reg_dump: class/property/command registration sites of Subscribetocollision lie inside this function
84f6b4	SubtitleHUD__register	0	high: reg_dump: class/property/command registration sites of SubtitleHUD lie inside this function
84fd19	TempFolder__register	0	high: reg_dump: class/property/command registration sites of TempFolder lie inside this function
84ff25	TempLib__register	0	high: reg_dump: class/property/command registration sites of TempLib lie inside this function
8500b9	TempRedirect__register	0	high: reg_dump: class/property/command registration sites of TempRedirect lie inside this function
8501ac	TestActualBoxSize__register	0	high: reg_dump: class/property/command registration sites of TestActualBoxSize lie inside this function
85028c	TextBoxContentSizer__register	0	high: reg_dump: class/property/command registration sites of TextBoxContentSizer lie inside this function
85065b	TrialTimer__register	0	high: reg_dump: class/property/command registration sites of TrialTimer lie inside this function
8509e5	TriggerActionBase__register	0	high: reg_dump: class/property/command registration sites of TriggerActionBase lie inside this function
850da9	TriggerActionCamera__register	0	high: reg_dump: class/property/command registration sites of TriggerActionCamera lie inside this function
864d1f	TriggerActionCharacterForceMove__register	0	high: reg_dump: class/property/command registration sites of TriggerActionCharacterForceMove lie inside this function
865760	TriggerActionCharacter__register	0	high: reg_dump: class/property/command registration sites of TriggerActionCharacter lie inside this function
8671fe	TriggerActionCheckpoint__register	0	high: reg_dump: class/property/command registration sites of TriggerActionCheckpoint lie inside this function
8676bd	TriggerActionDelay__register	0	high: reg_dump: class/property/command registration sites of TriggerActionDelay lie inside this function
868331	TriggerActionGameEvent__register	0	high: reg_dump: class/property/command registration sites of TriggerActionGameEvent lie inside this function
868799	TriggerActionGameMode__register	0	high: reg_dump: class/property/command registration sites of TriggerActionGameMode lie inside this function
868c2e	TriggerActionGeneral__register	0	high: reg_dump: class/property/command registration sites of TriggerActionGeneral lie inside this function
86970e	TriggerActionMovie__register	0	high: reg_dump: class/property/command registration sites of TriggerActionMovie lie inside this function
86a099	TriggerActionParticle__register	0	high: reg_dump: class/property/command registration sites of TriggerActionParticle lie inside this function
86a9fc	TriggerActionSound__register	0	high: reg_dump: class/property/command registration sites of TriggerActionSound lie inside this function
86b87a	TriggerCharacter__register	0	high: reg_dump: class/property/command registration sites of TriggerCharacter lie inside this function
86be36	TriggerConditionBase__register	0	high: reg_dump: class/property/command registration sites of TriggerConditionBase lie inside this function
86c116	TriggerConditionCharacter__register	0	high: reg_dump: class/property/command registration sites of TriggerConditionCharacter lie inside this function
86c716	TriggerConditionCollision__register	0	high: reg_dump: class/property/command registration sites of TriggerConditionCollision lie inside this function
86d149	TriggerConditionGameEvent__register	0	high: reg_dump: class/property/command registration sites of TriggerConditionGameEvent lie inside this function
86d80e	TriggerConditionGameMode__register	0	high: reg_dump: class/property/command registration sites of TriggerConditionGameMode lie inside this function
86e9d2	TriggerThreshold__register	0	high: reg_dump: class/property/command registration sites of TriggerThreshold lie inside this function
874fab	TriggerConditionLogical__register	0	high: reg_dump: class/property/command registration sites of TriggerConditionLogical lie inside this function
875605	TriggerConditionToggle__register	0	high: reg_dump: class/property/command registration sites of TriggerConditionToggle lie inside this function
875cb6	TriggerConditionTrue__register	0	high: reg_dump: class/property/command registration sites of TriggerConditionTrue lie inside this function
876006	TriggerConditionTutorial__register	0	high: reg_dump: class/property/command registration sites of TriggerConditionTutorial lie inside this function
87684b	TriggerConditionVisibility__register	0	high: reg_dump: class/property/command registration sites of TriggerConditionVisibility lie inside this function
876be4	TriggerConditionVisibility__register_876be4	0	high: reg_dump: class/property/command registration sites of TriggerConditionVisibility lie inside this function
877399	TriggerCounterScript__register	0	high: reg_dump: class/property/command registration sites of TriggerCounterScript lie inside this function
877619	TriggerFireBarrelEffect__register	0	high: reg_dump: class/property/command registration sites of TriggerFireBarrelEffect lie inside this function
8779bd	TriggerKill__register	0	high: reg_dump: class/property/command registration sites of TriggerKill lie inside this function
877c4f	TriggerOscillateBox__register	0	high: reg_dump: class/property/command registration sites of TriggerOscillateBox lie inside this function
878213	TriggerSendEnableDisable__register	0	high: reg_dump: class/property/command registration sites of TriggerSendEnableDisable lie inside this function
8783ff	TriggerStaticPathObj__register	0	high: reg_dump: class/property/command registration sites of TriggerStaticPathObj lie inside this function
878604	TriggerStopmodeWM__register	0	high: reg_dump: class/property/command registration sites of TriggerStopmodeWM lie inside this function
87913a	TriggerTutorial__register	0	high: reg_dump: class/property/command registration sites of TriggerTutorial lie inside this function
8793bd	TriggerUniqueEffect__register	0	high: reg_dump: class/property/command registration sites of TriggerUniqueEffect lie inside this function
87963d	TriggerUseFragment__register	0	high: reg_dump: class/property/command registration sites of TriggerUseFragment lie inside this function
8978f7	TriggerUse__register	0	high: reg_dump: class/property/command registration sites of TriggerUse lie inside this function
89bceb	twilightladybackflipbehavior__register	0	high: reg_dump: class/property/command registration sites of twilightladybackflipbehavior lie inside this function
89cf06	TwilightLadyrHeadCtrl__register	0	high: reg_dump: class/property/command registration sites of TwilightLadyrHeadCtrl lie inside this function
89d157	UberRageBehavior__register	0	high: reg_dump: class/property/command registration sites of UberRageBehavior lie inside this function
89dc2c	UnderbossCombat__register	0	high: reg_dump: class/property/command registration sites of UnderbossCombat lie inside this function
89ee66	UnderbossDef__register	0	high: reg_dump: class/property/command registration sites of UnderbossDef lie inside this function
89fe83	UnderbossFlee__register	0	high: reg_dump: class/property/command registration sites of UnderbossFlee lie inside this function
8a1a9e	UnderbossLib__register	0	high: reg_dump: class/property/command registration sites of UnderbossLib lie inside this function
8a2111	UnderbossMinionsRagdollAdmin__register	0	high: reg_dump: class/property/command registration sites of UnderbossMinionsRagdollAdmin lie inside this function
8a232c	UnderbossMovement__register	0	high: reg_dump: class/property/command registration sites of UnderbossMovement lie inside this function
8a317b	UnderbossPhase1__register	0	high: reg_dump: class/property/command registration sites of UnderbossPhase1 lie inside this function
8a6f95	UnderBossPlatformCarrier__register	0	high: reg_dump: class/property/command registration sites of UnderBossPlatformCarrier lie inside this function
8a7339	UnderbossPlatformMotion__register	0	high: reg_dump: class/property/command registration sites of UnderbossPlatformMotion lie inside this function
8a76cb	UnderbossPlatform__register	0	high: reg_dump: class/property/command registration sites of UnderbossPlatform lie inside this function
8a7b03	Underboss__register	0	high: reg_dump: class/property/command registration sites of Underboss lie inside this function
8a897a	UseBehavior__register	0	high: reg_dump: class/property/command registration sites of UseBehavior lie inside this function
8b5cbc	VibrationMotorCtrl__register	0	high: reg_dump: class/property/command registration sites of VibrationMotorCtrl lie inside this function
8b60d1	ViewportNodeManager__register	0	high: reg_dump: class/property/command registration sites of ViewportNodeManager lie inside this function
8b65f2	ViewportRenderHandler__register	0	high: reg_dump: class/property/command registration sites of ViewportRenderHandler lie inside this function
8b6893	visionblocker__register	0	high: reg_dump: class/property/command registration sites of visionblocker lie inside this function
8b69f4	WarningWindowCtrl__register	0	high: reg_dump: class/property/command registration sites of WarningWindowCtrl lie inside this function
8b7315	WaypointAutoPlaySystem__register	0	high: reg_dump: class/property/command registration sites of WaypointAutoPlaySystem lie inside this function
8b77b1	WaypointCompleteAutoTest__register	0	high: reg_dump: class/property/command registration sites of WaypointCompleteAutoTest lie inside this function
8b7fa2	WaypointController__register	0	high: reg_dump: class/property/command registration sites of WaypointController lie inside this function
8b952d	WaypointProgressionCtrl__register	0	high: reg_dump: class/property/command registration sites of WaypointProgressionCtrl lie inside this function
8b9fed	waypoint__register	0	high: reg_dump: class/property/command registration sites of waypoint lie inside this function
8ba89a	WeaponBase__register	0	high: reg_dump: class/property/command registration sites of WeaponBase lie inside this function
8bb4aa	WeaponLib__register	0	high: reg_dump: class/property/command registration sites of WeaponLib lie inside this function
8bb7c5	WeaponSpawner__register	0	high: reg_dump: class/property/command registration sites of WeaponSpawner lie inside this function
8bb98f	WindAffector__register	0	high: reg_dump: class/property/command registration sites of WindAffector lie inside this function
8bbc25	WorldLib__register	0	high: reg_dump: class/property/command registration sites of WorldLib lie inside this function
909530	Kaim__ReferencePosition__vfunc_00	0	medium: RTTI: slot 0 of vtable 0xaacd04 (Kaim::ReferencePosition); class membership read from RTTI, method meaning not established
90a310	CSimpleMemoryReader__vfunc_03	0	medium: RTTI: slot 3 of vtable 0xaacd18 (CSimpleMemoryReader); class membership read from RTTI, method meaning not established
90a350	CSimpleMemoryAllocator__vfunc_07	0	medium: RTTI: slot 7 of vtable 0xaacea8 (CSimpleMemoryAllocator); class membership read from RTTI, method meaning not established
90c180	Kaim______Kaim__PAVCHierarchicalGraphTraversal____CVarList__vfunc_00	0	medium: RTTI: slot 0 of vtable 0xaace88 (Kaim::::::Kaim::PAVCHierarchicalGraphTraversal::?$CVarList); class membership read from RTTI, method meaning not established
90c1a0	Kaim______Kaim__CHierarchicalGraphManager__PAUTraversalData____CStdArray__vfunc_00	0	medium: RTTI: slot 0 of vtable 0xaace90 (Kaim::::::Kaim::CHierarchicalGraphManager::PAUTraversalData::?$CStdArray); class membership read from RTTI, method meaning not established
90d3b0	Kaim__CHierarchicalGraphManager__vfunc_00	0	medium: RTTI: slot 0 of vtable 0xaacedc (Kaim::CHierarchicalGraphManager); class membership read from RTTI, method meaning not established
90e380	Kaim__CHierarchicalGraphManager__vfunc_04	0	medium: RTTI: slot 4 of vtable 0xaacedc (Kaim::CHierarchicalGraphManager); class membership read from RTTI, method meaning not established
90e430	Kaim__CHierarchicalGraphManager__TraversalData__vfunc_00	0	medium: RTTI: slot 0 of vtable 0xaacef8 (Kaim::CHierarchicalGraphManager::TraversalData); class membership read from RTTI, method meaning not established
90e758	CHierarchicalGraphManager__RegisterMembers	0	high: pushes 2 "CHierarchicalGraphManager::..." member-name strings paired with member-function pointers
90ea90	Kaim__CHierarchicalGraphManager__vfunc_01	0	medium: RTTI: slot 1 of vtable 0xaacedc (Kaim::CHierarchicalGraphManager); class membership read from RTTI, method meaning not established
90eb20	Kaim__CHierarchicalGraphManager__vfunc_02	0	medium: RTTI: slot 2 of vtable 0xaacedc (Kaim::CHierarchicalGraphManager); class membership read from RTTI, method meaning not established
90f200	Kaim__CMultipleMeshesWrapper__vfunc_00	0	medium: RTTI: slot 0 of vtable 0xaacfd4 (Kaim::CMultipleMeshesWrapper); class membership read from RTTI, method meaning not established
90f4b0	Kaim______Kaim__CMultipleMeshesWrapper__VCMeshInfo____CVarList__vfunc_00	0	medium: RTTI: slot 0 of vtable 0xaad018 (Kaim::::::Kaim::CMultipleMeshesWrapper::VCMeshInfo::?$CVarList); class membership read from RTTI, method meaning not established
90f890	Kaim______Kaim__CMultipleMeshesWrapper__VCMeshInfo____CVarList__CCell__vfunc_00	0	medium: RTTI: slot 0 of vtable 0xaad004 (Kaim::::::Kaim::CMultipleMeshesWrapper::VCMeshInfo::?$CVarList::CCell); class membership read from RTTI, method meaning not established
90f8f0	Kaim_____0BA____Kaim__VCMultiMeshLocation____CList__vfunc_00	0	medium: RTTI: slot 0 of vtable 0xaad020 (Kaim::::$0BA::::Kaim::VCMultiMeshLocation::?$CList); class membership read from RTTI, method meaning not established
90f910	Kaim___07____Kaim__PBVCAiMesh____CList__vfunc_00	0	medium: RTTI: slot 0 of vtable 0xaad028 (Kaim::$07::::Kaim::PBVCAiMesh::?$CList); class membership read from RTTI, method meaning not established
90f930	_A0x71635dbd__CAiMeshStatusInspector_MMW__vfunc_01	0	medium: RTTI: slot 1 of vtable 0xaad00c (?A0x71635dbd::CAiMeshStatusInspector_MMW); class membership read from RTTI, method meaning not established
910d00	Kaim__CGoto_GapDynamicAvoidance_v2__vfunc_08	0	medium: RTTI: slot 8 of vtable 0xaad084 (Kaim::CGoto_GapDynamicAvoidance_v2); class membership read from RTTI, method meaning not established
910f80	Kaim__CGoto_GapDynamicAvoidance_v2__vfunc_00	0	medium: RTTI: slot 0 of vtable 0xaad084 (Kaim::CGoto_GapDynamicAvoidance_v2); class membership read from RTTI, method meaning not established
910fa0	Kaim__CGoto_GapDynamicAvoidance_v2__vfunc_01	0	medium: RTTI: slot 1 of vtable 0xaad084 (Kaim::CGoto_GapDynamicAvoidance_v2); class membership read from RTTI, method meaning not established
911670	Kaim__CGoto_GapDynamicAvoidance_v2__vfunc_03	0	medium: RTTI: slot 3 of vtable 0xaad084 (Kaim::CGoto_GapDynamicAvoidance_v2); class membership read from RTTI, method meaning not established
911760	Kaim__CGoto_GapDynamicAvoidance_v2__vfunc_05	0	medium: RTTI: slot 5 of vtable 0xaad084 (Kaim::CGoto_GapDynamicAvoidance_v2); class membership read from RTTI, method meaning not established
912120	Kaim______Kaim__CGoto_GapDynamicAvoidance_v2__VCCandidate____CVarList__vfunc_00	0	medium: RTTI: slot 0 of vtable 0xaad1f8 (Kaim::::::Kaim::CGoto_GapDynamicAvoidance_v2::VCCandidate::?$CVarList); class membership read from RTTI, method meaning not established
9122d0	Kaim______Kaim__CGoto_GapDynamicAvoidance_v2__VCPolarDiagramSector____CVarList__vfunc_00	0	medium: RTTI: slot 0 of vtable 0xaad200 (Kaim::::::Kaim::CGoto_GapDynamicAvoidance_v2::VCPolarDiagramSector::?$CVarList); class membership read from RTTI, method meaning not established
912350	Kaim______Kaim__CGoto_GapDynamicAvoidance_v2__VCPolarDiagramSector____CVarList__CCell__vfunc_00	0	medium: RTTI: slot 0 of vtable 0xaad0f4 (Kaim::::::Kaim::CGoto_GapDynamicAvoidance_v2::VCPolarDiagramSector::?$CVarList::CCell); class membership read from RTTI, method meaning not established
912620	Kaim__CGoto_GapDynamicAvoidance_v2__vfunc_07	0	medium: RTTI: slot 7 of vtable 0xaad084 (Kaim::CGoto_GapDynamicAvoidance_v2); class membership read from RTTI, method meaning not established
912890	Kaim__CAttachedUID__vfunc_02	0	medium: RTTI: slot 2 of vtable 0xaad244 (Kaim::CAttachedUID); class membership read from RTTI, method meaning not established
917280	Kaim__CBaseSlot__vfunc_00	0	medium: RTTI: slot 0 of vtable 0xaad26c (Kaim::CBaseSlot); class membership read from RTTI, method meaning not established
9172a0	Kaim__CConcreteSlot__vfunc_02	0	medium: RTTI: slot 2 of vtable 0xaad294 (Kaim::CConcreteSlot); class membership read from RTTI, method meaning not established
9172b0	Kaim__CAbstractSlot__vfunc_02	0	medium: RTTI: slot 2 of vtable 0xaad2bc (Kaim::CAbstractSlot); class membership read from RTTI, method meaning not established
9172c0	Kaim__CConcreteSlot__vfunc_03	0	medium: RTTI: slot 3 of vtable 0xaad294 (Kaim::CConcreteSlot); class membership read from RTTI, method meaning not established
9173e0	Kaim__CAbstractSlot__vfunc_03	0	medium: RTTI: slot 3 of vtable 0xaad2bc (Kaim::CAbstractSlot); class membership read from RTTI, method meaning not established
9177e0	Kaim__CConcretePool__vfunc_01	0	medium: RTTI: slot 1 of vtable 0xaad2b0 (Kaim::CConcretePool); class membership read from RTTI, method meaning not established
9178f0	Kaim__CAbstractPool__vfunc_01	0	medium: RTTI: slot 1 of vtable 0xaad2d8 (Kaim::CAbstractPool); class membership read from RTTI, method meaning not established
917900	Kaim__CBasePool__vfunc_00	0	medium: RTTI: slot 0 of vtable 0xaad288 (Kaim::CBasePool); class membership read from RTTI, method meaning not established
917a40	Kaim__CConcretePool__vfunc_00	0	medium: RTTI: slot 0 of vtable 0xaad2b0 (Kaim::CConcretePool); class membership read from RTTI, method meaning not established
917a60	Kaim__CConcreteSlot__vfunc_00	0	medium: RTTI: slot 0 of vtable 0xaad294 (Kaim::CConcreteSlot); class membership read from RTTI, method meaning not established
917bc0	Kaim__CAbstractPool__vfunc_00	0	medium: RTTI: slot 0 of vtable 0xaad2d8 (Kaim::CAbstractPool); class membership read from RTTI, method meaning not established
917be0	Kaim__CAbstractSlot__vfunc_00	0	medium: RTTI: slot 0 of vtable 0xaad2bc (Kaim::CAbstractSlot); class membership read from RTTI, method meaning not established
919b60	Kaim__CAiMesh__CLocalMap__vfunc_00	0	medium: RTTI: slot 0 of vtable 0xaad330 (Kaim::CAiMesh::CLocalMap); class membership read from RTTI, method meaning not established
919c20	Kaim__CAiMeshLayer__vfunc_00	0	medium: RTTI: slot 0 of vtable 0xaad338 (Kaim::CAiMeshLayer); class membership read from RTTI, method meaning not established
919c90	Kaim__CAiMesh__vfunc_00	0	medium: RTTI: slot 0 of vtable 0xaad328 (Kaim::CAiMesh); class membership read from RTTI, method meaning not established
919e60	Kaim__Z__PBD__P6APAV12____Kaim__VCAiMeshLayer____CMetaClass__vfunc_00	0	medium: RTTI: slot 0 of vtable 0xaad364 (Kaim::Z::PBD::P6APAV12::::Kaim::VCAiMeshLayer::?$CMetaClass), inherited by 1 other vtables; class membership read from RTTI, method meaning not established
91a0d0	Kaim__CDiMeshSplitterManager__CDiMeshData__vfunc_00	0	medium: RTTI: slot 0 of vtable 0xaad3a4 (Kaim::CDiMeshSplitterManager::CDiMeshData); class membership read from RTTI, method meaning not established
91a440	Kaim__CDiMeshSplitterManager__vfunc_00	0	medium: RTTI: slot 0 of vtable 0xaad39c (Kaim::CDiMeshSplitterManager); class membership read from RTTI, method meaning not established
91d010	Kaim__CGoto_GapDynamicAvoidance_v2__vfunc_12	0	medium: RTTI: slot 12 of vtable 0xaad084 (Kaim::CGoto_GapDynamicAvoidance_v2); class membership read from RTTI, method meaning not established
91d580	Kaim__CGoto_GapDynamicAvoidance_v2__vfunc_13	0	medium: RTTI: slot 13 of vtable 0xaad084 (Kaim::CGoto_GapDynamicAvoidance_v2); class membership read from RTTI, method meaning not established
91df60	Kaim__CGoto_GapDynamicAvoidance_v2__vfunc_11	0	medium: RTTI: slot 11 of vtable 0xaad084 (Kaim::CGoto_GapDynamicAvoidance_v2); class membership read from RTTI, method meaning not established
91e890	Kaim__CGoto_GapDynamicAvoidance_v2__vfunc_06	0	medium: RTTI: slot 6 of vtable 0xaad084 (Kaim::CGoto_GapDynamicAvoidance_v2); class membership read from RTTI, method meaning not established
91ea90	Kaim__CGoto_GapDynamicAvoidance_v2__vfunc_09	0	medium: RTTI: slot 9 of vtable 0xaad084 (Kaim::CGoto_GapDynamicAvoidance_v2); class membership read from RTTI, method meaning not established
91ed50	Kaim__CGoto_GapDynamicAvoidance_v2__vfunc_10	0	medium: RTTI: slot 10 of vtable 0xaad084 (Kaim::CGoto_GapDynamicAvoidance_v2); class membership read from RTTI, method meaning not established
91f330	Kaim__CGoto_GapDynamicAvoidance_v2__vfunc_14	0	medium: RTTI: slot 14 of vtable 0xaad084 (Kaim::CGoto_GapDynamicAvoidance_v2); class membership read from RTTI, method meaning not established
91f490	Kaim__CGoto_GapDynamicAvoidance_v2__vfunc_15	0	medium: RTTI: slot 15 of vtable 0xaad084 (Kaim::CGoto_GapDynamicAvoidance_v2); class membership read from RTTI, method meaning not established
91fd80	Kaim__CGoto_GapDynamicAvoidance_v2__vfunc_18	0	medium: RTTI: slot 18 of vtable 0xaad084 (Kaim::CGoto_GapDynamicAvoidance_v2); class membership read from RTTI, method meaning not established
91ff00	Kaim__CGoto_GapDynamicAvoidance_v2__vfunc_19	0	medium: RTTI: slot 19 of vtable 0xaad084 (Kaim::CGoto_GapDynamicAvoidance_v2); class membership read from RTTI, method meaning not established
9201b0	Kaim__CGoto_GapDynamicAvoidance_v2__vfunc_20	0	medium: RTTI: slot 20 of vtable 0xaad084 (Kaim::CGoto_GapDynamicAvoidance_v2); class membership read from RTTI, method meaning not established
920340	Kaim__CGoto_GapDynamicAvoidance_v2__vfunc_17	0	medium: RTTI: slot 17 of vtable 0xaad084 (Kaim::CGoto_GapDynamicAvoidance_v2); class membership read from RTTI, method meaning not established
921f60	Kaim__CGoto_GapDynamicAvoidance_v2__vfunc_16	0	medium: RTTI: slot 16 of vtable 0xaad084 (Kaim::CGoto_GapDynamicAvoidance_v2); class membership read from RTTI, method meaning not established
9220c0	Kaim__CGapManager__vfunc_00	0	medium: RTTI: slot 0 of vtable 0xaad41c (Kaim::CGapManager); class membership read from RTTI, method meaning not established
922350	Kaim______Kaim__VCGap____CVarList__vfunc_00	0	medium: RTTI: slot 0 of vtable 0xaad440 (Kaim::::::Kaim::VCGap::?$CVarList); class membership read from RTTI, method meaning not established
922370	Kaim______Kaim__VCGap____CVarList__CCell__vfunc_00	0	medium: RTTI: slot 0 of vtable 0xaad438 (Kaim::::::Kaim::VCGap::?$CVarList::CCell); class membership read from RTTI, method meaning not established
9223d0	Kaim__CGapManager__vfunc_02	0	medium: RTTI: slot 2 of vtable 0xaad41c (Kaim::CGapManager); class membership read from RTTI, method meaning not established
922d70	Kaim__CGapManager__vfunc_01	0	medium: RTTI: slot 1 of vtable 0xaad41c (Kaim::CGapManager); class membership read from RTTI, method meaning not established
9233f0	Kaim__CDiMeshSplitter__CPolylineDataSet__vfunc_00	0	medium: RTTI: slot 0 of vtable 0xaad46c (Kaim::CDiMeshSplitter::CPolylineDataSet); class membership read from RTTI, method meaning not established
9235c0	Kaim__CDiMeshSplitter__CTreeNode__vfunc_00	0	medium: RTTI: slot 0 of vtable 0xaad474 (Kaim::CDiMeshSplitter::CTreeNode); class membership read from RTTI, method meaning not established
923700	Kaim__CDiMeshSplitter__CPolylineData__vfunc_00	0	medium: RTTI: slot 0 of vtable 0xaad464 (Kaim::CDiMeshSplitter::CPolylineData); class membership read from RTTI, method meaning not established
923760	Kaim__CDiMeshSplitter__vfunc_00	0	medium: RTTI: slot 0 of vtable 0xaad47c (Kaim::CDiMeshSplitter); class membership read from RTTI, method meaning not established
923b50	Kaim______Kaim__PAVCEntity____CVarList__vfunc_00	0	medium: RTTI: slot 0 of vtable 0xaad4a0 (Kaim::::::Kaim::PAVCEntity::?$CVarList); class membership read from RTTI, method meaning not established
923d00	Kaim______Kaim__PAVCWorld____CVarList__vfunc_00	0	medium: RTTI: slot 0 of vtable 0xaad4a8 (Kaim::::::Kaim::PAVCWorld::?$CVarList); class membership read from RTTI, method meaning not established
9245c0	Kaim__CWorld__vfunc_04	0	medium: RTTI: slot 4 of vtable 0xaad4cc (Kaim::CWorld); class membership read from RTTI, method meaning not established
9248b0	Kaim______Kaim__PAVCTeam____CVarList__vfunc_00	0	medium: RTTI: slot 0 of vtable 0xaad4ec (Kaim::::::Kaim::PAVCTeam::?$CVarList); class membership read from RTTI, method meaning not established
924920	Kaim__CWorld__vfunc_02	0	medium: RTTI: slot 2 of vtable 0xaad4cc (Kaim::CWorld); class membership read from RTTI, method meaning not established
924a50	Kaim__CWorld__vfunc_03	0	medium: RTTI: slot 3 of vtable 0xaad4cc (Kaim::CWorld); class membership read from RTTI, method meaning not established
924af0	Kaim__CWorld__vfunc_05	0	medium: RTTI: slot 5 of vtable 0xaad4cc (Kaim::CWorld); class membership read from RTTI, method meaning not established
924ec0	Kaim__CWorld__vfunc_00	0	medium: RTTI: slot 0 of vtable 0xaad4cc (Kaim::CWorld); class membership read from RTTI, method meaning not established
9250e0	Kaim__CWorld__vfunc_06	0	medium: RTTI: slot 6 of vtable 0xaad4cc (Kaim::CWorld); class membership read from RTTI, method meaning not established
925460	Kaim__Z____2__PAVCDataReader__P6APAV12____Kaim__VCWorld____CMetaClass__vfunc_00	0	medium: RTTI: slot 0 of vtable 0xaad4bc (Kaim::Z::::2::PAVCDataReader::P6APAV12::::Kaim::VCWorld::?$CMetaClass), inherited by 1 other vtables; class membership read from RTTI, method meaning not established
926a00	Kaim__CEntityInfoManager__vfunc_03	0	medium: RTTI: slot 3 of vtable 0xaad690 (Kaim::CEntityInfoManager); class membership read from RTTI, method meaning not established
926ad0	Kaim__CEntityInfoManager__vfunc_02	0	medium: RTTI: slot 2 of vtable 0xaad690 (Kaim::CEntityInfoManager); class membership read from RTTI, method meaning not established
926f00	Kaim__CEntityInfoManager__vfunc_04	0	medium: RTTI: slot 4 of vtable 0xaad690 (Kaim::CEntityInfoManager); class membership read from RTTI, method meaning not established
927a70	Kaim______Kaim__PAVCEntityProfile____CArray__vfunc_00	0	medium: RTTI: slot 0 of vtable 0xaad5dc (Kaim::::::Kaim::PAVCEntityProfile::?$CArray); class membership read from RTTI, method meaning not established
927a90	Kaim______Kaim__PAVCEntityInfoFilter____CArray__vfunc_00	0	medium: RTTI: slot 0 of vtable 0xaad5e4 (Kaim::::::Kaim::PAVCEntityInfoFilter::?$CArray); class membership read from RTTI, method meaning not established
927ab0	Kaim______Kaim__PAVCEntityInfo____CArray__vfunc_00	0	medium: RTTI: slot 0 of vtable 0xaad5ec (Kaim::::::Kaim::PAVCEntityInfo::?$CArray); class membership read from RTTI, method meaning not established
928310	Kaim__CEntityInfoManager__vfunc_00	0	medium: RTTI: slot 0 of vtable 0xaad690 (Kaim::CEntityInfoManager); class membership read from RTTI, method meaning not established
928570	Kaim__CEntityProfile__vfunc_00	0	medium: RTTI: slot 0 of vtable 0xaad6ac (Kaim::CEntityProfile); class membership read from RTTI, method meaning not established
928840	Kaim__CEntityInfoManager__vfunc_01	0	medium: RTTI: slot 1 of vtable 0xaad690 (Kaim::CEntityInfoManager); class membership read from RTTI, method meaning not established
929020	Kaim__CTimeManager__CEntityInfo__vfunc_00	0	medium: RTTI: slot 0 of vtable 0xaad6f8 (Kaim::CTimeManager::CEntityInfo); class membership read from RTTI, method meaning not established
929080	Kaim__CTimeManager__CTeamInfo__vfunc_00	0	medium: RTTI: slot 0 of vtable 0xaad6f0 (Kaim::CTimeManager::CTeamInfo); class membership read from RTTI, method meaning not established
92a080	Kaim__CTimeManager__vfunc_00	0	medium: RTTI: slot 0 of vtable 0xaad700 (Kaim::CTimeManager); class membership read from RTTI, method meaning not established
92b530	Kaim__CHeuristicEuclidianDistance__vfunc_02	0	medium: RTTI: slot 2 of vtable 0xaad7a8 (Kaim::CHeuristicEuclidianDistance); class membership read from RTTI, method meaning not established
92b5a0	Kaim__CHeuristicEuclidianDistance__vfunc_03	0	medium: RTTI: slot 3 of vtable 0xaad7a8 (Kaim::CHeuristicEuclidianDistance); class membership read from RTTI, method meaning not established
92b6a0	Kaim__CConstraintShortestPath__vfunc_03	0	medium: RTTI: slot 3 of vtable 0x9fbbd0 (Kaim::CConstraintShortestPath); class membership read from RTTI, method meaning not established
92ba90	Kaim__CSphereConstraint__vfunc_03	0	medium: RTTI: slot 3 of vtable 0xaad78c (Kaim::CSphereConstraint); class membership read from RTTI, method meaning not established
92bc40	Kaim__CPathCostHeuristic__vfunc_03	0	medium: RTTI: slot 3 of vtable 0xaad7d8 (Kaim::CPathCostHeuristic); class membership read from RTTI, method meaning not established
92bc90	Kaim__CPathCostHeuristic__vfunc_04	0	medium: RTTI: slot 4 of vtable 0xaad7d8 (Kaim::CPathCostHeuristic); class membership read from RTTI, method meaning not established
92bce0	Kaim__XZ__P6APAV12____Kaim__VIConstraint____CMetaClass__vfunc_00	0	medium: RTTI: slot 0 of vtable 0xaad828 (Kaim::XZ::P6APAV12::::Kaim::VIConstraint::?$CMetaClass), inherited by 1 other vtables; class membership read from RTTI, method meaning not established
92bd00	Kaim__XZ__P6APAV12____Kaim__VIHeuristic____CMetaClass__vfunc_00	0	medium: RTTI: slot 0 of vtable 0xaad830 (Kaim::XZ::P6APAV12::::Kaim::VIHeuristic::?$CMetaClass), inherited by 1 other vtables; class membership read from RTTI, method meaning not established
92bef0	Kaim__CConstraintShortestPath__vfunc_04	0	medium: RTTI: slot 4 of vtable 0x9fbbd0 (Kaim::CConstraintShortestPath); class membership read from RTTI, method meaning not established
92bff0	Kaim__CConstraintStealthPath__vfunc_04	0	medium: RTTI: slot 4 of vtable 0xaad838 (Kaim::CConstraintStealthPath); class membership read from RTTI, method meaning not established
92c1c0	Kaim__CConstraintStealthPath__vfunc_03	0	medium: RTTI: slot 3 of vtable 0xaad838 (Kaim::CConstraintStealthPath); class membership read from RTTI, method meaning not established
92c3e0	Kaim__CConstraintConeVisionStealthPath__vfunc_04	0	medium: RTTI: slot 4 of vtable 0xaad7f0 (Kaim::CConstraintConeVisionStealthPath); class membership read from RTTI, method meaning not established
92c530	Kaim__CConstraintConeVisionStealthPath__vfunc_03	0	medium: RTTI: slot 3 of vtable 0xaad7f0 (Kaim::CConstraintConeVisionStealthPath); class membership read from RTTI, method meaning not established
92c6d0	Kaim__CConstraintPointToFleePath__vfunc_04	0	medium: RTTI: slot 4 of vtable 0xaad80c (Kaim::CConstraintPointToFleePath); class membership read from RTTI, method meaning not established
92c8c0	Kaim__CConstraintPointToFleePath__vfunc_03	0	medium: RTTI: slot 3 of vtable 0xaad80c (Kaim::CConstraintPointToFleePath); class membership read from RTTI, method meaning not established
92ca40	Kaim__CSphereConstraint__vfunc_04	0	medium: RTTI: slot 4 of vtable 0xaad78c (Kaim::CSphereConstraint); class membership read from RTTI, method meaning not established
92d000	Kaim__CHierarchicalPathObjectManager__vfunc_02	0	medium: RTTI: slot 2 of vtable 0xaad934 (Kaim::CHierarchicalPathObjectManager); class membership read from RTTI, method meaning not established
92e3c0	Kaim__CHierarchicalPathObjectManager__vfunc_00	0	medium: RTTI: slot 0 of vtable 0xaad934 (Kaim::CHierarchicalPathObjectManager); class membership read from RTTI, method meaning not established
92e5f0	Kaim__CHierarchicalPathObjectManager__vfunc_01	0	medium: RTTI: slot 1 of vtable 0xaad934 (Kaim::CHierarchicalPathObjectManager); class membership read from RTTI, method meaning not established
92e690	Kaim__CPathObjectProfile__vfunc_00	0	medium: RTTI: slot 0 of vtable 0xaad988 (Kaim::CPathObjectProfile); class membership read from RTTI, method meaning not established
92e720	Kaim__CEntity__vfunc_01	0	medium: RTTI: slot 1 of vtable 0xaad9bc (Kaim::CEntity), inherited by 6 other vtables; class membership read from RTTI, method meaning not established
92e7b0	Kaim__CEntity__vfunc_03	0	medium: RTTI: slot 3 of vtable 0xaad9bc (Kaim::CEntity), inherited by 8 other vtables; class membership read from RTTI, method meaning not established
92e7d0	Kaim__CEntity__vfunc_06	0	medium: RTTI: slot 6 of vtable 0xaad9bc (Kaim::CEntity), inherited by 6 other vtables; class membership read from RTTI, method meaning not established
92e800	Kaim__CEntity__vfunc_07	0	medium: RTTI: slot 7 of vtable 0xaad9bc (Kaim::CEntity), inherited by 5 other vtables; class membership read from RTTI, method meaning not established
92eaa0	Kaim__CEntity__vfunc_02	0	medium: RTTI: slot 2 of vtable 0xaad9bc (Kaim::CEntity), inherited by 8 other vtables; class membership read from RTTI, method meaning not established
92ec60	Kaim__CEntity__vfunc_00	0	medium: RTTI: slot 0 of vtable 0xaad9bc (Kaim::CEntity); class membership read from RTTI, method meaning not established
92f100	Kaim__CEntityClass__vfunc_00	0	medium: RTTI: slot 0 of vtable 0xaad9e0 (Kaim::CEntityClass); class membership read from RTTI, method meaning not established
92f1c0	Kaim__XZ__P6APAV12____Kaim__VCEntityAttribute____CMetaClass__vfunc_00	0	medium: RTTI: slot 0 of vtable 0xaad9b4 (Kaim::XZ::P6APAV12::::Kaim::VCEntityAttribute::?$CMetaClass), inherited by 1 other vtables; class membership read from RTTI, method meaning not established
92f560	Kaim__CHierarchicalDynamicPathObject__vfunc_05	0	medium: RTTI: slot 5 of vtable 0xaadac4 (Kaim::CHierarchicalDynamicPathObject); class membership read from RTTI, method meaning not established
92f630	Kaim__CHierarchicalDynamicPathObject__vfunc_26	0	medium: RTTI: slot 26 of vtable 0xaadac4 (Kaim::CHierarchicalDynamicPathObject), inherited by 1 other vtables; class membership read from RTTI, method meaning not established
92f670	Kaim__CHierarchicalDynamicPathObject__vfunc_25	0	medium: RTTI: slot 25 of vtable 0xaadac4 (Kaim::CHierarchicalDynamicPathObject), inherited by 1 other vtables; class membership read from RTTI, method meaning not established
92fcd0	Kaim__CHierarchicalPathObject__vfunc_09	0	medium: RTTI: slot 9 of vtable 0xaad9f4 (Kaim::CHierarchicalPathObject), inherited by 4 other vtables; class membership read from RTTI, method meaning not established
9303e0	Kaim__CHierarchicalPathObject__vfunc_00	0	medium: RTTI: slot 0 of vtable 0xaad9f4 (Kaim::CHierarchicalPathObject), inherited by 2 other vtables; class membership read from RTTI, method meaning not established
930400	Kaim__CAction__vfunc_04	0	medium: RTTI: slot 4 of vtable 0xaadb50 (Kaim::CAction), inherited by 1 other vtables; class membership read from RTTI, method meaning not established
9304c0	Kaim__CAction__vfunc_01	0	medium: RTTI: slot 1 of vtable 0xaadb50 (Kaim::CAction), inherited by 1 other vtables; class membership read from RTTI, method meaning not established
930520	Kaim__XZ__P6APAV12____Kaim__VCActionAttribute____CMetaClass__vfunc_00	0	medium: RTTI: slot 0 of vtable 0xaadb68 (Kaim::XZ::P6APAV12::::Kaim::VCActionAttribute::?$CMetaClass), inherited by 1 other vtables; class membership read from RTTI, method meaning not established
930540	Kaim__CAction__vfunc_00	0	medium: RTTI: slot 0 of vtable 0xaadb50 (Kaim::CAction); class membership read from RTTI, method meaning not established
930960	Kaim__CActionClass__vfunc_00	0	medium: RTTI: slot 0 of vtable 0xaadb70 (Kaim::CActionClass); class membership read from RTTI, method meaning not established
930f40	Kaim__CBrain__vfunc_04	0	medium: RTTI: slot 4 of vtable 0xaadbdc (Kaim::CBrain), inherited by 1 other vtables; class membership read from RTTI, method meaning not established
930f90	Kaim__CBrain__vfunc_07	0	medium: RTTI: slot 7 of vtable 0xaadbdc (Kaim::CBrain), inherited by 1 other vtables; class membership read from RTTI, method meaning not established
930fe0	Kaim__CBrain__vfunc_08	0	medium: RTTI: slot 8 of vtable 0xaadbdc (Kaim::CBrain), inherited by 1 other vtables; class membership read from RTTI, method meaning not established
931030	Kaim__CBrain__vfunc_06	0	medium: RTTI: slot 6 of vtable 0xaadbdc (Kaim::CBrain), inherited by 1 other vtables; class membership read from RTTI, method meaning not established
931080	Kaim__CBrain__vfunc_00	0	medium: RTTI: slot 0 of vtable 0xaadbdc (Kaim::CBrain); class membership read from RTTI, method meaning not established
9313b0	Kaim__CBrain__vfunc_02	0	medium: RTTI: slot 2 of vtable 0xaadbdc (Kaim::CBrain); class membership read from RTTI, method meaning not established
931900	Kaim__CBrainClass__vfunc_00	0	medium: RTTI: slot 0 of vtable 0xaadc04 (Kaim::CBrainClass); class membership read from RTTI, method meaning not established
931c70	Kaim__CData__CTypeInfo__vfunc_00	0	medium: RTTI: slot 0 of vtable 0xaadc0c (Kaim::CData::CTypeInfo); class membership read from RTTI, method meaning not established
931f90	Kaim______Kaim__CData__VCTypeInfo____CArray__vfunc_00	0	medium: RTTI: slot 0 of vtable 0xaadc1c (Kaim::::::Kaim::CData::VCTypeInfo::?$CArray); class membership read from RTTI, method meaning not established
932650	Kaim__CData__vfunc_00	0	medium: RTTI: slot 0 of vtable 0xaadc24 (Kaim::CData), inherited by 2 other vtables; class membership read from RTTI, method meaning not established
932890	Kaim__CBitArray__vfunc_00	0	medium: RTTI: slot 0 of vtable 0xaadc2c (Kaim::CBitArray); class membership read from RTTI, method meaning not established
932ad0	Kaim__CGoto_RepulsorDynamicAvoidance__vfunc_01	0	medium: RTTI: slot 1 of vtable 0xaadd4c (Kaim::CGoto_RepulsorDynamicAvoidance); class membership read from RTTI, method meaning not established
932c80	Kaim__CGoto_RepulsorDynamicAvoidance__vfunc_03	0	medium: RTTI: slot 3 of vtable 0xaadd4c (Kaim::CGoto_RepulsorDynamicAvoidance); class membership read from RTTI, method meaning not established
933010	Kaim__CHpfModifier__vfunc_00	0	medium: RTTI: slot 0 of vtable 0xaad05c (Kaim::CHpfModifier), inherited by 18 other vtables; class membership read from RTTI, method meaning not established
9340d0	Kaim__CGoto_RepulsorDynamicAvoidance__vfunc_05	0	medium: RTTI: slot 5 of vtable 0xaadd4c (Kaim::CGoto_RepulsorDynamicAvoidance); class membership read from RTTI, method meaning not established
934230	Kaim__CDetectPathNodeReached_Distance2D5__vfunc_02	0	medium: RTTI: slot 2 of vtable 0xaadd90 (Kaim::CDetectPathNodeReached_Distance2D5); class membership read from RTTI, method meaning not established
9342c0	Kaim__CDetectPathNodeReached_Distance2D5__vfunc_05	0	medium: RTTI: slot 5 of vtable 0xaadd90 (Kaim::CDetectPathNodeReached_Distance2D5); class membership read from RTTI, method meaning not established
934350	Kaim__CDetectPathNodeReached_Distance2D5__vfunc_01	0	medium: RTTI: slot 1 of vtable 0xaadd90 (Kaim::CDetectPathNodeReached_Distance2D5); class membership read from RTTI, method meaning not established
9344e0	Kaim__CHierarchicalFollowAgent__vfunc_07	0	medium: RTTI: slot 7 of vtable 0xaade50 (Kaim::CHierarchicalFollowAgent); class membership read from RTTI, method meaning not established
9346f0	Kaim__CHierarchicalFollowAgent__vfunc_02	0	medium: RTTI: slot 2 of vtable 0xaade50 (Kaim::CHierarchicalFollowAgent); class membership read from RTTI, method meaning not established
9348d0	Kaim__Z____2__PAVCBrain__P6APAV12____Kaim__VCAgent____CMetaClass__vfunc_00	0	medium: RTTI: slot 0 of vtable 0xaade88 (Kaim::Z::::2::PAVCBrain::P6APAV12::::Kaim::VCAgent::?$CMetaClass), inherited by 1 other vtables; class membership read from RTTI, method meaning not established
934a80	Kaim__CHierarchicalFollowAgent__vfunc_12	0	medium: RTTI: slot 12 of vtable 0xaade50 (Kaim::CHierarchicalFollowAgent); class membership read from RTTI, method meaning not established
934c10	CHierarchicalFollowAgent__RegisterMembers	0	high: pushes 1 "CHierarchicalFollowAgent::..." member-name strings paired with member-function pointers
934dc0	Kaim__CHierarchicalFollowAgent__vfunc_03	0	medium: RTTI: slot 3 of vtable 0xaade50 (Kaim::CHierarchicalFollowAgent); class membership read from RTTI, method meaning not established
934f10	Kaim__CHierarchicalFollowAgent__vfunc_00	0	medium: RTTI: slot 0 of vtable 0xaade50 (Kaim::CHierarchicalFollowAgent); class membership read from RTTI, method meaning not established
934fe0	Kaim__CHierarchicalFollowAgent__vfunc_06	0	medium: RTTI: slot 6 of vtable 0xaade50 (Kaim::CHierarchicalFollowAgent); class membership read from RTTI, method meaning not established
9353f0	Kaim__CEntityInfo__CExploredEntitiesIterator__vfunc_00	0	medium: RTTI: slot 0 of vtable 0xaadefc (Kaim::CEntityInfo::CExploredEntitiesIterator); class membership read from RTTI, method meaning not established
9355f0	Kaim______Kaim__PAVCEntityInfoFilter____CVarList__vfunc_00	0	medium: RTTI: slot 0 of vtable 0xaadf04 (Kaim::::::Kaim::PAVCEntityInfoFilter::?$CVarList); class membership read from RTTI, method meaning not established
935a40	Kaim__CEntityInfo__vfunc_00	0	medium: RTTI: slot 0 of vtable 0xaadf0c (Kaim::CEntityInfo); class membership read from RTTI, method meaning not established
935a60	Kaim__CEntityInfo__vfunc_02	0	medium: RTTI: slot 2 of vtable 0xaadf0c (Kaim::CEntityInfo), inherited by 5 other vtables; class membership read from RTTI, method meaning not established
935c90	Kaim__CEntityInfo__vfunc_01	0	medium: RTTI: slot 1 of vtable 0xaadf0c (Kaim::CEntityInfo), inherited by 7 other vtables; class membership read from RTTI, method meaning not established
935f70	Kaim__Z____2__AAVCEntityProfile__2__PBDAAVCEntityInfoManager__P6APAV12____Kaim__VCEntityInfo____CMetaClass__vfunc_00	0	medium: RTTI: slot 0 of vtable 0xaadeec (Kaim::Z::::2::AAVCEntityProfile::2::PBDAAVCEntityInfoManager::P6APAV12::::Kaim::VCEntityInfo::?$CMetaClass), inherited by 1 other vtables; class membership read from RTTI, method meaning not established
936050	Kaim__CEntityVisualAcuteness__vfunc_01	0	medium: RTTI: slot 1 of vtable 0xaadfac (Kaim::CEntityVisualAcuteness); class membership read from RTTI, method meaning not established
936240	Kaim__CHierarchicalHideAgent__vfunc_03	0	medium: RTTI: slot 3 of vtable 0xaadfdc (Kaim::CHierarchicalHideAgent); class membership read from RTTI, method meaning not established
936500	Kaim__CHierarchicalHideAgent__vfunc_00	0	medium: RTTI: slot 0 of vtable 0xaadfdc (Kaim::CHierarchicalHideAgent); class membership read from RTTI, method meaning not established
936520	Kaim__CHierarchicalHideAgent__vfunc_01	0	medium: RTTI: slot 1 of vtable 0xaadfdc (Kaim::CHierarchicalHideAgent); class membership read from RTTI, method meaning not established
9366b0	Kaim__CHierarchicalHideAgent__vfunc_02	0	medium: RTTI: slot 2 of vtable 0xaadfdc (Kaim::CHierarchicalHideAgent); class membership read from RTTI, method meaning not established
936ea0	Kaim__CHierarchicalHideAgent__vfunc_06	0	medium: RTTI: slot 6 of vtable 0xaadfdc (Kaim::CHierarchicalHideAgent); class membership read from RTTI, method meaning not established
937280	Kaim__CHierarchicalFleeAgent__vfunc_03	0	medium: RTTI: slot 3 of vtable 0xaae094 (Kaim::CHierarchicalFleeAgent); class membership read from RTTI, method meaning not established
937600	Kaim__CHierarchicalFleeAgent__vfunc_00	0	medium: RTTI: slot 0 of vtable 0xaae094 (Kaim::CHierarchicalFleeAgent); class membership read from RTTI, method meaning not established
937620	Kaim__CHierarchicalFleeAgent__vfunc_01	0	medium: RTTI: slot 1 of vtable 0xaae094 (Kaim::CHierarchicalFleeAgent); class membership read from RTTI, method meaning not established
937800	Kaim__CHierarchicalFleeAgent__vfunc_02	0	medium: RTTI: slot 2 of vtable 0xaae094 (Kaim::CHierarchicalFleeAgent); class membership read from RTTI, method meaning not established
938080	Kaim__CHierarchicalFleeAgent__vfunc_06	0	medium: RTTI: slot 6 of vtable 0xaae094 (Kaim::CHierarchicalFleeAgent); class membership read from RTTI, method meaning not established
938200	Kaim__CHierarchicalGotoAgent__vfunc_06	0	medium: RTTI: slot 6 of vtable 0xaae12c (Kaim::CHierarchicalGotoAgent); class membership read from RTTI, method meaning not established
938330	Kaim__CHierarchicalGotoAgent__vfunc_01	0	medium: RTTI: slot 1 of vtable 0xaae12c (Kaim::CHierarchicalGotoAgent); class membership read from RTTI, method meaning not established
938550	Kaim__CHierarchicalGotoAgent__vfunc_00	0	medium: RTTI: slot 0 of vtable 0xaae12c (Kaim::CHierarchicalGotoAgent); class membership read from RTTI, method meaning not established
938580	Kaim__CHierarchicalWanderAgent__vfunc_07	0	medium: RTTI: slot 7 of vtable 0xaae184 (Kaim::CHierarchicalWanderAgent); class membership read from RTTI, method meaning not established
9385c0	Kaim__CHierarchicalWanderAgent__vfunc_03	0	medium: RTTI: slot 3 of vtable 0xaae184 (Kaim::CHierarchicalWanderAgent); class membership read from RTTI, method meaning not established
938610	Kaim__CHierarchicalWanderAgent__vfunc_05	0	medium: RTTI: slot 5 of vtable 0xaae184 (Kaim::CHierarchicalWanderAgent); class membership read from RTTI, method meaning not established
938720	Kaim__CHierarchicalWanderAgent__vfunc_01	0	medium: RTTI: slot 1 of vtable 0xaae184 (Kaim::CHierarchicalWanderAgent); class membership read from RTTI, method meaning not established
9387a0	Kaim__CHierarchicalWanderAgent__vfunc_02	0	medium: RTTI: slot 2 of vtable 0xaae184 (Kaim::CHierarchicalWanderAgent); class membership read from RTTI, method meaning not established
938c20	Kaim__CHierarchicalWanderAgent__vfunc_00	0	medium: RTTI: slot 0 of vtable 0xaae184 (Kaim::CHierarchicalWanderAgent); class membership read from RTTI, method meaning not established
938c40	Kaim__CHierarchicalWanderAgent__vfunc_06	0	medium: RTTI: slot 6 of vtable 0xaae184 (Kaim::CHierarchicalWanderAgent); class membership read from RTTI, method meaning not established
938f30	Kaim__CComputeTargetPoint_Queue__vfunc_07	0	medium: RTTI: slot 7 of vtable 0xaae274 (Kaim::CComputeTargetPoint_Queue); class membership read from RTTI, method meaning not established
939050	Kaim__CCanGo_AiMesh__vfunc_00	0	medium: RTTI: slot 0 of vtable 0xaae29c (Kaim::CCanGo_AiMesh); class membership read from RTTI, method meaning not established
939250	Kaim__CHierarchicalPathFinder__vfunc_19	0	medium: RTTI: slot 19 of vtable 0xaae36c (Kaim::CHierarchicalPathFinder); class membership read from RTTI, method meaning not established
939360	Kaim__CHierarchicalPathFinder__vfunc_23	0	medium: RTTI: slot 23 of vtable 0xaae36c (Kaim::CHierarchicalPathFinder); class membership read from RTTI, method meaning not established
939370	Kaim__CHierarchicalPathFinder__vfunc_24	0	medium: RTTI: slot 24 of vtable 0xaae36c (Kaim::CHierarchicalPathFinder); class membership read from RTTI, method meaning not established
9399b0	Kaim__CHierarchicalPathFinder__vfunc_08	0	medium: RTTI: slot 8 of vtable 0xaae36c (Kaim::CHierarchicalPathFinder); class membership read from RTTI, method meaning not established
93c170	Kaim__CHierarchicalPathFinder__vfunc_03	0	medium: RTTI: slot 3 of vtable 0xaae36c (Kaim::CHierarchicalPathFinder); class membership read from RTTI, method meaning not established
93d700	Kaim______Kaim__PAVIRefineGoal____CArray__vfunc_00	0	medium: RTTI: slot 0 of vtable 0xaae310 (Kaim::::::Kaim::PAVIRefineGoal::?$CArray); class membership read from RTTI, method meaning not established
93d720	Kaim______Kaim__PAVIDetectGoalReached____CArray__vfunc_00	0	medium: RTTI: slot 0 of vtable 0xaae318 (Kaim::::::Kaim::PAVIDetectGoalReached::?$CArray); class membership read from RTTI, method meaning not established
93d740	Kaim______Kaim__PAVIDetectGoalChanged____CArray__vfunc_00	0	medium: RTTI: slot 0 of vtable 0xaae320 (Kaim::::::Kaim::PAVIDetectGoalChanged::?$CArray); class membership read from RTTI, method meaning not established
93d760	Kaim______Kaim__PAVIDetectAccident____CArray__vfunc_00	0	medium: RTTI: slot 0 of vtable 0xaae328 (Kaim::::::Kaim::PAVIDetectAccident::?$CArray); class membership read from RTTI, method meaning not established
93d780	Kaim______Kaim__PAVISelectPathNodeCandidate____CArray__vfunc_00	0	medium: RTTI: slot 0 of vtable 0xaae330 (Kaim::::::Kaim::PAVISelectPathNodeCandidate::?$CArray); class membership read from RTTI, method meaning not established
93d7a0	Kaim______Kaim__PAVIDetectPathNodeReached____CArray__vfunc_00	0	medium: RTTI: slot 0 of vtable 0xaae338 (Kaim::::::Kaim::PAVIDetectPathNodeReached::?$CArray); class membership read from RTTI, method meaning not established
93d7c0	Kaim______Kaim__PAVICanGo____CArray__vfunc_00	0	medium: RTTI: slot 0 of vtable 0xaae340 (Kaim::::::Kaim::PAVICanGo::?$CArray); class membership read from RTTI, method meaning not established
93d7e0	Kaim______Kaim__PAVIComputeTargetPoint____CArray__vfunc_00	0	medium: RTTI: slot 0 of vtable 0xaae348 (Kaim::::::Kaim::PAVIComputeTargetPoint::?$CArray); class membership read from RTTI, method meaning not established
93d800	Kaim______Kaim__PAVIGoto____CArray__vfunc_00	0	medium: RTTI: slot 0 of vtable 0xaae350 (Kaim::::::Kaim::PAVIGoto::?$CArray); class membership read from RTTI, method meaning not established
93d820	Kaim______Kaim__PAVISteering____CArray__vfunc_00	0	medium: RTTI: slot 0 of vtable 0xaae358 (Kaim::::::Kaim::PAVISteering::?$CArray); class membership read from RTTI, method meaning not established
93d840	Kaim______Kaim__PAVIFindNodesFromPositions____CArray__vfunc_00	0	medium: RTTI: slot 0 of vtable 0xaae360 (Kaim::::::Kaim::PAVIFindNodesFromPositions::?$CArray); class membership read from RTTI, method meaning not established
93e490	Kaim__IPathFinder__vfunc_11	0	medium: RTTI: slot 11 of vtable 0xaaf1c4 (Kaim::IPathFinder), inherited by 1 other vtables; class membership read from RTTI, method meaning not established
93e4a0	Kaim__IPathFinder__vfunc_15	0	medium: RTTI: slot 15 of vtable 0xaaf1c4 (Kaim::IPathFinder), inherited by 1 other vtables; class membership read from RTTI, method meaning not established
93e4b0	Kaim__IPathFinder__vfunc_17	0	medium: RTTI: slot 17 of vtable 0xaaf1c4 (Kaim::IPathFinder), inherited by 2 other vtables; class membership read from RTTI, method meaning not established
93e4e0	Kaim__CHierarchicalPathFinder__vfunc_26	0	medium: RTTI: slot 26 of vtable 0xaae36c (Kaim::CHierarchicalPathFinder); class membership read from RTTI, method meaning not established
93eb00	CHierarchicalPathFinder__RegisterMembers	0	high: pushes 2 "CHierarchicalPathFinder::..." member-name strings paired with member-function pointers
9403f0	Kaim__CHierarchicalPathFinder__vfunc_00	0	medium: RTTI: slot 0 of vtable 0xaae36c (Kaim::CHierarchicalPathFinder); class membership read from RTTI, method meaning not established
940410	Kaim__CHierarchicalPathFinder__vfunc_02	0	medium: RTTI: slot 2 of vtable 0xaae36c (Kaim::CHierarchicalPathFinder); class membership read from RTTI, method meaning not established
941ca0	Kaim__CNearestVisibleEntityEntityInfo__vfunc_01	0	medium: RTTI: slot 1 of vtable 0xaae7e8 (Kaim::CNearestVisibleEntityEntityInfo); class membership read from RTTI, method meaning not established
941d00	Kaim__CNearestReachableVertexEntityInfo__vfunc_11	0	medium: RTTI: slot 11 of vtable 0xaaea60 (Kaim::CNearestReachableVertexEntityInfo); class membership read from RTTI, method meaning not established
942010	Kaim______Kaim__PAVCEntity____CArray__vfunc_00	0	medium: RTTI: slot 0 of vtable 0xaae798 (Kaim::::::Kaim::PAVCEntity::?$CArray); class membership read from RTTI, method meaning not established
942030	Kaim___00____Kaim__PAVCEntity____CConcreteEntityInfo__vfunc_00	0	medium: RTTI: slot 0 of vtable 0xaae7b0 (Kaim::$00::::Kaim::PAVCEntity::?$CConcreteEntityInfo); class membership read from RTTI, method meaning not established
942050	Kaim__CNearestVisibleEntityEntityInfo__vfunc_13	0	medium: RTTI: slot 13 of vtable 0xaae7e8 (Kaim::CNearestVisibleEntityEntityInfo); class membership read from RTTI, method meaning not established
942680	Kaim__CDistanceEntityInfo__vfunc_13	0	medium: RTTI: slot 13 of vtable 0xaae8d0 (Kaim::CDistanceEntityInfo); class membership read from RTTI, method meaning not established
942810	Kaim__M____CArray__vfunc_00	0	medium: RTTI: slot 0 of vtable 0xaae848 (Kaim::M::?$CArray); class membership read from RTTI, method meaning not established
942830	Kaim__M_01____CConcreteEntityInfo__vfunc_00	0	medium: RTTI: slot 0 of vtable 0xaae850 (Kaim::M$01::?$CConcreteEntityInfo); class membership read from RTTI, method meaning not established
942ab0	Kaim__M____CTwoEntityInfo__vfunc_08	0	medium: RTTI: slot 8 of vtable 0xaae888 (Kaim::M::?$CTwoEntityInfo), inherited by 1 other vtables; class membership read from RTTI, method meaning not established
942f40	Kaim__M____CTwoEntityInfo__vfunc_05	0	medium: RTTI: slot 5 of vtable 0xaae888 (Kaim::M::?$CTwoEntityInfo), inherited by 1 other vtables; class membership read from RTTI, method meaning not established
9431e0	Kaim__M____CTwoEntityInfo__vfunc_12	0	medium: RTTI: slot 12 of vtable 0xaae888 (Kaim::M::?$CTwoEntityInfo), inherited by 1 other vtables; class membership read from RTTI, method meaning not established
943240	Kaim__M____CTwoEntityInfo__vfunc_11	0	medium: RTTI: slot 11 of vtable 0xaae888 (Kaim::M::?$CTwoEntityInfo), inherited by 1 other vtables; class membership read from RTTI, method meaning not established
943330	Kaim__M____CTwoEntityInfo__vfunc_09	0	medium: RTTI: slot 9 of vtable 0xaae888 (Kaim::M::?$CTwoEntityInfo), inherited by 1 other vtables; class membership read from RTTI, method meaning not established
943650	Kaim__M____CTwoEntityInfo__vfunc_02	0	medium: RTTI: slot 2 of vtable 0xaae888 (Kaim::M::?$CTwoEntityInfo), inherited by 1 other vtables; class membership read from RTTI, method meaning not established
943710	Kaim__M____CTwoEntityInfo__vfunc_06	0	medium: RTTI: slot 6 of vtable 0xaae888 (Kaim::M::?$CTwoEntityInfo), inherited by 1 other vtables; class membership read from RTTI, method meaning not established
943840	Kaim__M____CTwoEntityInfo__vfunc_07	0	medium: RTTI: slot 7 of vtable 0xaae888 (Kaim::M::?$CTwoEntityInfo), inherited by 1 other vtables; class membership read from RTTI, method meaning not established
9438a0	Kaim__M____CTwoEntityInfo__vfunc_00	0	medium: RTTI: slot 0 of vtable 0xaae888 (Kaim::M::?$CTwoEntityInfo), inherited by 1 other vtables; class membership read from RTTI, method meaning not established
943a60	Kaim__E_01____CConcreteEntityInfo__vfunc_04	0	medium: RTTI: slot 4 of vtable 0xaae92c (Kaim::E$01::?$CConcreteEntityInfo), inherited by 4 other vtables; class membership read from RTTI, method meaning not established
943aa0	Kaim__E_01____CConcreteEntityInfo__vfunc_00	0	medium: RTTI: slot 0 of vtable 0xaae92c (Kaim::E$01::?$CConcreteEntityInfo); class membership read from RTTI, method meaning not established
943ba0	Kaim__E____CArray__vfunc_00	0	medium: RTTI: slot 0 of vtable 0xaae924 (Kaim::E::?$CArray); class membership read from RTTI, method meaning not established
943bd0	Kaim__CAttachedEntity__vfunc_03	0	medium: RTTI: slot 3 of vtable 0xaae964 (Kaim::CAttachedEntity); class membership read from RTTI, method meaning not established
943be0	Kaim__CVisibilityEntityInfo__vfunc_13	0	medium: RTTI: slot 13 of vtable 0xaae9b8 (Kaim::CVisibilityEntityInfo); class membership read from RTTI, method meaning not established
943ff0	Kaim__E____CTwoEntityInfo__vfunc_07	0	medium: RTTI: slot 7 of vtable 0xaae97c (Kaim::E::?$CTwoEntityInfo), inherited by 3 other vtables; class membership read from RTTI, method meaning not established
944050	Kaim__E____CTwoEntityInfo__vfunc_08	0	medium: RTTI: slot 8 of vtable 0xaae97c (Kaim::E::?$CTwoEntityInfo), inherited by 3 other vtables; class membership read from RTTI, method meaning not established
944530	Kaim__E____CTwoEntityInfo__vfunc_05	0	medium: RTTI: slot 5 of vtable 0xaae97c (Kaim::E::?$CTwoEntityInfo), inherited by 3 other vtables; class membership read from RTTI, method meaning not established
944790	Kaim__E____CTwoEntityInfo__vfunc_12	0	medium: RTTI: slot 12 of vtable 0xaae97c (Kaim::E::?$CTwoEntityInfo), inherited by 3 other vtables; class membership read from RTTI, method meaning not established
9447f0	Kaim__E____CTwoEntityInfo__vfunc_11	0	medium: RTTI: slot 11 of vtable 0xaae97c (Kaim::E::?$CTwoEntityInfo), inherited by 3 other vtables; class membership read from RTTI, method meaning not established
9448e0	Kaim__E____CTwoEntityInfo__vfunc_09	0	medium: RTTI: slot 9 of vtable 0xaae97c (Kaim::E::?$CTwoEntityInfo), inherited by 3 other vtables; class membership read from RTTI, method meaning not established
944b60	Kaim__E____CTwoEntityInfo__vfunc_02	0	medium: RTTI: slot 2 of vtable 0xaae97c (Kaim::E::?$CTwoEntityInfo), inherited by 3 other vtables; class membership read from RTTI, method meaning not established
944c20	Kaim__E____CTwoEntityInfo__vfunc_06	0	medium: RTTI: slot 6 of vtable 0xaae97c (Kaim::E::?$CTwoEntityInfo), inherited by 3 other vtables; class membership read from RTTI, method meaning not established
944d80	Kaim__E____CTwoEntityInfo__vfunc_00	0	medium: RTTI: slot 0 of vtable 0xaae97c (Kaim::E::?$CTwoEntityInfo), inherited by 3 other vtables; class membership read from RTTI, method meaning not established
944e70	Kaim__CNearestReachableVertexEntityInfo__vfunc_13	0	medium: RTTI: slot 13 of vtable 0xaaea60 (Kaim::CNearestReachableVertexEntityInfo); class membership read from RTTI, method meaning not established
945110	Kaim______Kaim__PBVCVertex____CArray__vfunc_00	0	medium: RTTI: slot 0 of vtable 0xaaea20 (Kaim::::::Kaim::PBVCVertex::?$CArray); class membership read from RTTI, method meaning not established
945130	Kaim___00____Kaim__PBVCVertex____CConcreteEntityInfo__vfunc_00	0	medium: RTTI: slot 0 of vtable 0xaaea28 (Kaim::$00::::Kaim::PBVCVertex::?$CConcreteEntityInfo); class membership read from RTTI, method meaning not established
9451e0	Kaim__CNearestReachableVertexEntityInfo__vfunc_00	0	medium: RTTI: slot 0 of vtable 0xaaea60 (Kaim::CNearestReachableVertexEntityInfo); class membership read from RTTI, method meaning not established
9452d0	Kaim__CNearestSeenEnemyEntityInfo__vfunc_01	0	medium: RTTI: slot 1 of vtable 0xaaeac4 (Kaim::CNearestSeenEnemyEntityInfo); class membership read from RTTI, method meaning not established
9453b0	Kaim__CNearestSeenEnemyEntityInfo__vfunc_13	0	medium: RTTI: slot 13 of vtable 0xaaeac4 (Kaim::CNearestSeenEnemyEntityInfo); class membership read from RTTI, method meaning not established
945660	Kaim__CNearestSeenEntityEntityInfo__vfunc_01	0	medium: RTTI: slot 1 of vtable 0xaaeb20 (Kaim::CNearestSeenEntityEntityInfo); class membership read from RTTI, method meaning not established
9456c0	Kaim__CNearestSeenEntityEntityInfo__vfunc_13	0	medium: RTTI: slot 13 of vtable 0xaaeb20 (Kaim::CNearestSeenEntityEntityInfo); class membership read from RTTI, method meaning not established
945920	Kaim__CNearestVisibleEnemyEntityInfo__vfunc_01	0	medium: RTTI: slot 1 of vtable 0xaaeb80 (Kaim::CNearestVisibleEnemyEntityInfo); class membership read from RTTI, method meaning not established
945990	Kaim__CNearestVisibleEnemyEntityInfo__vfunc_13	0	medium: RTTI: slot 13 of vtable 0xaaeb80 (Kaim::CNearestVisibleEnemyEntityInfo); class membership read from RTTI, method meaning not established
945c40	Kaim__CNearestEntityEntityInfo__vfunc_01	0	medium: RTTI: slot 1 of vtable 0xaaebe0 (Kaim::CNearestEntityEntityInfo); class membership read from RTTI, method meaning not established
945c80	Kaim__CNearestEntityEntityInfo__vfunc_02	0	medium: RTTI: slot 2 of vtable 0xaaebe0 (Kaim::CNearestEntityEntityInfo); class membership read from RTTI, method meaning not established
945cf0	Kaim__CNearestEntityEntityInfo__vfunc_13	0	medium: RTTI: slot 13 of vtable 0xaaebe0 (Kaim::CNearestEntityEntityInfo); class membership read from RTTI, method meaning not established
945f20	Kaim__CHostilityEntityInfo__vfunc_13	0	medium: RTTI: slot 13 of vtable 0xaaec3c (Kaim::CHostilityEntityInfo); class membership read from RTTI, method meaning not established
946060	Kaim__CSightEntityInfo__vfunc_01	0	medium: RTTI: slot 1 of vtable 0xaaec94 (Kaim::CSightEntityInfo); class membership read from RTTI, method meaning not established
9460a0	Kaim__CSightEntityInfo__vfunc_13	0	medium: RTTI: slot 13 of vtable 0xaaec94 (Kaim::CSightEntityInfo); class membership read from RTTI, method meaning not established
9464f0	Kaim__CEntityTeamSide__vfunc_01	0	medium: RTTI: slot 1 of vtable 0xaaece8 (Kaim::CEntityTeamSide); class membership read from RTTI, method meaning not established
9466b0	Kaim__CXmlDataReader__vfunc_01	0	medium: RTTI: slot 1 of vtable 0xaaed90 (Kaim::CXmlDataReader); class membership read from RTTI, method meaning not established
9467e0	Kaim__CXmlDataReader__vfunc_02	0	medium: RTTI: slot 2 of vtable 0xaaed90 (Kaim::CXmlDataReader); class membership read from RTTI, method meaning not established
946870	Kaim__CXmlDataReader__vfunc_03	0	medium: RTTI: slot 3 of vtable 0xaaed90 (Kaim::CXmlDataReader); class membership read from RTTI, method meaning not established
9468a0	Kaim__CXmlDataReader__vfunc_04	0	medium: RTTI: slot 4 of vtable 0xaaed90 (Kaim::CXmlDataReader); class membership read from RTTI, method meaning not established
9468c0	Kaim__CXmlDataReader__vfunc_05	0	medium: RTTI: slot 5 of vtable 0xaaed90 (Kaim::CXmlDataReader); class membership read from RTTI, method meaning not established
946bd0	Kaim__CAllocator__vfunc_05	0	medium: RTTI: slot 5 of vtable 0xaaef4c (Kaim::CAllocator), inherited by 3 other vtables; class membership read from RTTI, method meaning not established
946c10	Kaim__CAllocator__vfunc_06	0	medium: RTTI: slot 6 of vtable 0xaaef4c (Kaim::CAllocator), inherited by 3 other vtables; class membership read from RTTI, method meaning not established
946c90	Kaim__CBasicAllocator__vfunc_07	0	medium: RTTI: slot 7 of vtable 0xaaeee4 (Kaim::CBasicAllocator); class membership read from RTTI, method meaning not established
946ca0	Kaim__CBasicAllocator__vfunc_01	0	medium: RTTI: slot 1 of vtable 0xaaeee4 (Kaim::CBasicAllocator); class membership read from RTTI, method meaning not established
946cd0	Kaim__CBasicAllocator__vfunc_08	0	medium: RTTI: slot 8 of vtable 0xaaeee4 (Kaim::CBasicAllocator); class membership read from RTTI, method meaning not established
946d60	Kaim__CPoolBasedAllocator__vfunc_07	0	medium: RTTI: slot 7 of vtable 0xaaef0c (Kaim::CPoolBasedAllocator); class membership read from RTTI, method meaning not established
946dc0	Kaim__CPoolBasedAllocator__vfunc_01	0	medium: RTTI: slot 1 of vtable 0xaaef0c (Kaim::CPoolBasedAllocator); class membership read from RTTI, method meaning not established
946e20	Kaim__CBaseAllocator__vfunc_00	0	medium: RTTI: slot 0 of vtable 0xaaeecc (Kaim::CBaseAllocator), inherited by 2 other vtables; class membership read from RTTI, method meaning not established
946e40	Kaim__CBasicAllocator__vfunc_00	0	medium: RTTI: slot 0 of vtable 0xaaeee4 (Kaim::CBasicAllocator); class membership read from RTTI, method meaning not established
946e70	Kaim__CPoolBasedAllocator__vfunc_00	0	medium: RTTI: slot 0 of vtable 0xaaef0c (Kaim::CPoolBasedAllocator); class membership read from RTTI, method meaning not established
947040	Kaim______Kaim__PAVCBaseAllocator____CVarList__vfunc_00	0	medium: RTTI: slot 0 of vtable 0xaaef44 (Kaim::::::Kaim::PAVCBaseAllocator::?$CVarList); class membership read from RTTI, method meaning not established
9471d0	Kaim__CBaseAllocator__vfunc_02	0	medium: RTTI: slot 2 of vtable 0xaaeecc (Kaim::CBaseAllocator), inherited by 4 other vtables; class membership read from RTTI, method meaning not established
947250	Kaim__CBaseAllocator__vfunc_03	0	medium: RTTI: slot 3 of vtable 0xaaeecc (Kaim::CBaseAllocator), inherited by 4 other vtables; class membership read from RTTI, method meaning not established
9472b0	Kaim__CBaseAllocator__vfunc_04	0	medium: RTTI: slot 4 of vtable 0xaaeecc (Kaim::CBaseAllocator), inherited by 4 other vtables; class membership read from RTTI, method meaning not established
9475f0	Kaim__CBrainService__vfunc_01	0	medium: RTTI: slot 1 of vtable 0xaaef78 (Kaim::CBrainService), inherited by 1 other vtables; class membership read from RTTI, method meaning not established
9479d0	Kaim__Z____2__PAVCBrain__P6APAV12____Kaim__VCBrainService____CMetaClass__vfunc_00	0	medium: RTTI: slot 0 of vtable 0xaae308 (Kaim::Z::::2::PAVCBrain::P6APAV12::::Kaim::VCBrainService::?$CMetaClass), inherited by 1 other vtables; class membership read from RTTI, method meaning not established
947a20	Kaim__XZ__P6APAV12____Kaim__VCWorldService____CMetaClass__vfunc_00	0	medium: RTTI: slot 0 of vtable 0xaace80 (Kaim::XZ::P6APAV12::::Kaim::VCWorldService::?$CMetaClass), inherited by 1 other vtables; class membership read from RTTI, method meaning not established
947cd0	Kaim__XZ__P6APAV12____Kaim__VCPointContainerWrapper____CMetaClass__vfunc_00	0	medium: RTTI: slot 0 of vtable 0xaaefb0 (Kaim::XZ::P6APAV12::::Kaim::VCPointContainerWrapper::?$CMetaClass), inherited by 1 other vtables; class membership read from RTTI, method meaning not established
947d90	Kaim__XZ__P6APAV12____Kaim__VCPointInfo____CMetaClass__vfunc_00	0	medium: RTTI: slot 0 of vtable 0xaacfec (Kaim::XZ::P6APAV12::::Kaim::VCPointInfo::?$CMetaClass), inherited by 1 other vtables; class membership read from RTTI, method meaning not established
947db0	Kaim__CHpfModifier__vfunc_02	0	medium: RTTI: slot 2 of vtable 0xaad05c (Kaim::CHpfModifier), inherited by 4 other vtables; class membership read from RTTI, method meaning not established
947f90	Kaim__Z__PBD__2__PAVCHierarchicalPathFinder__P6APAV12____Kaim__VIGoto____CMetaClass__vfunc_00	0	medium: RTTI: slot 0 of vtable 0xaad0e4 (Kaim::Z::PBD::2::PAVCHierarchicalPathFinder::P6APAV12::::Kaim::VIGoto::?$CMetaClass), inherited by 1 other vtables; class membership read from RTTI, method meaning not established
948bd0	Kaim__CTeam__vfunc_05	0	medium: RTTI: slot 5 of vtable 0xaaf03c (Kaim::CTeam); class membership read from RTTI, method meaning not established
948c40	Kaim__Z__IPBD__P6APAV12____Kaim__VCTeam____CMetaClass__vfunc_00	0	medium: RTTI: slot 0 of vtable 0xaaf034 (Kaim::Z::IPBD::P6APAV12::::Kaim::VCTeam::?$CMetaClass), inherited by 1 other vtables; class membership read from RTTI, method meaning not established
948c60	Kaim__CTeam__vfunc_02	0	medium: RTTI: slot 2 of vtable 0xaaf03c (Kaim::CTeam); class membership read from RTTI, method meaning not established
948e40	Kaim__CTeam__vfunc_04	0	medium: RTTI: slot 4 of vtable 0xaaf03c (Kaim::CTeam); class membership read from RTTI, method meaning not established
948e50	Kaim__CTeam__vfunc_03	0	medium: RTTI: slot 3 of vtable 0xaaf03c (Kaim::CTeam); class membership read from RTTI, method meaning not established
949120	Kaim__CTeam__vfunc_00	0	medium: RTTI: slot 0 of vtable 0xaaf03c (Kaim::CTeam); class membership read from RTTI, method meaning not established
9491e0	Kaim__CGraphManager__vfunc_08	0	medium: RTTI: slot 8 of vtable 0xaaf0b8 (Kaim::CGraphManager); class membership read from RTTI, method meaning not established
9492a0	Kaim__CGraphManager__vfunc_10	0	medium: RTTI: slot 10 of vtable 0xaaf0b8 (Kaim::CGraphManager); class membership read from RTTI, method meaning not established
949590	Kaim______Kaim__PAVCSmartGraphTraversal____CVarList__vfunc_00	0	medium: RTTI: slot 0 of vtable 0xaaf088 (Kaim::::::Kaim::PAVCSmartGraphTraversal::?$CVarList); class membership read from RTTI, method meaning not established
9495b0	Kaim______Kaim__CGraphManager__PAUTraversalData____CStdArray__vfunc_00	0	medium: RTTI: slot 0 of vtable 0xaaf090 (Kaim::::::Kaim::CGraphManager::PAUTraversalData::?$CStdArray); class membership read from RTTI, method meaning not established
949740	Kaim__CGraphManager__vfunc_06	0	medium: RTTI: slot 6 of vtable 0xaaf0b8 (Kaim::CGraphManager); class membership read from RTTI, method meaning not established
949890	Kaim__CGraphManager__vfunc_07	0	medium: RTTI: slot 7 of vtable 0xaaf0b8 (Kaim::CGraphManager); class membership read from RTTI, method meaning not established
949990	Kaim__CGraphManager__vfunc_09	0	medium: RTTI: slot 9 of vtable 0xaaf0b8 (Kaim::CGraphManager); class membership read from RTTI, method meaning not established
949ac0	Kaim__CGraphManager__CGraphMap__vfunc_00	0	medium: RTTI: slot 0 of vtable 0xaaf070 (Kaim::CGraphManager::CGraphMap); class membership read from RTTI, method meaning not established
949ee0	Kaim______Kaim__PAVCVertex____CVarList__vfunc_00	0	medium: RTTI: slot 0 of vtable 0xaaf0b0 (Kaim::::::Kaim::PAVCVertex::?$CVarList); class membership read from RTTI, method meaning not established
94a770	Kaim__CGraphManager__vfunc_00	0	medium: RTTI: slot 0 of vtable 0xaaf0b8 (Kaim::CGraphManager); class membership read from RTTI, method meaning not established
94a790	Kaim__CGraphManager__vfunc_01	0	medium: RTTI: slot 1 of vtable 0xaaf0b8 (Kaim::CGraphManager); class membership read from RTTI, method meaning not established
94a860	Kaim__CGraphManager__TraversalData__vfunc_00	0	medium: RTTI: slot 0 of vtable 0xaaf0e8 (Kaim::CGraphManager::TraversalData); class membership read from RTTI, method meaning not established
94aa20	Kaim__CGraphManager__vfunc_02	0	medium: RTTI: slot 2 of vtable 0xaaf0b8 (Kaim::CGraphManager); class membership read from RTTI, method meaning not established
94aea0	Kaim__CPathCostData__vfunc_01	0	medium: RTTI: slot 1 of vtable 0xaaf17c (Kaim::CPathCostData); class membership read from RTTI, method meaning not established
94aed0	Kaim__CPathCostData__vfunc_05	0	medium: RTTI: slot 5 of vtable 0xaaf17c (Kaim::CPathCostData); class membership read from RTTI, method meaning not established
94afe0	Kaim__CPathCostData__vfunc_03	0	medium: RTTI: slot 3 of vtable 0xaaf17c (Kaim::CPathCostData); class membership read from RTTI, method meaning not established
94b470	Kaim__CPathCostData__vfunc_04	0	medium: RTTI: slot 4 of vtable 0xaaf17c (Kaim::CPathCostData); class membership read from RTTI, method meaning not established
94b5f0	Kaim__CPathCostData__vfunc_00	0	medium: RTTI: slot 0 of vtable 0xaaf17c (Kaim::CPathCostData); class membership read from RTTI, method meaning not established
94b610	Kaim__IPathFinder__vfunc_03	0	medium: RTTI: slot 3 of vtable 0xaaf1c4 (Kaim::IPathFinder); class membership read from RTTI, method meaning not established
94b6d0	Kaim__IPathFinder__vfunc_09	0	medium: RTTI: slot 9 of vtable 0xaaf1c4 (Kaim::IPathFinder); class membership read from RTTI, method meaning not established
94b790	Kaim__IPathFinder__vfunc_00	0	medium: RTTI: slot 0 of vtable 0xaaf1c4 (Kaim::IPathFinder); class membership read from RTTI, method meaning not established
94b7b0	Kaim__IPathFinder__vfunc_12	0	medium: RTTI: slot 12 of vtable 0xaaf1c4 (Kaim::IPathFinder), inherited by 2 other vtables; class membership read from RTTI, method meaning not established
94bbe0	Kaim__CGoto_Trivial__vfunc_05	0	medium: RTTI: slot 5 of vtable 0xaadcb0 (Kaim::CGoto_Trivial); class membership read from RTTI, method meaning not established
94bc90	Kaim__CEntityCanFly__vfunc_01	0	medium: RTTI: slot 1 of vtable 0xaaf268 (Kaim::CEntityCanFly); class membership read from RTTI, method meaning not established
94be30	Kaim__Z__PBD__2__PAVCHierarchicalPathFinder__P6APAV12____Kaim__VIDetectPathNodeReached____CMetaClass__vfunc_00	0	medium: RTTI: slot 0 of vtable 0xaaddac (Kaim::Z::PBD::2::PAVCHierarchicalPathFinder::P6APAV12::::Kaim::VIDetectPathNodeReached::?$CMetaClass), inherited by 1 other vtables; class membership read from RTTI, method meaning not established
94bef0	Kaim__CAgent__vfunc_06	0	medium: RTTI: slot 6 of vtable 0xaaf298 (Kaim::CAgent); class membership read from RTTI, method meaning not established
94bf10	Kaim__CAgent__vfunc_00	0	medium: RTTI: slot 0 of vtable 0xaaf298 (Kaim::CAgent); class membership read from RTTI, method meaning not established
94bf30	Kaim__CAgent__vfunc_01	0	medium: RTTI: slot 1 of vtable 0xaaf298 (Kaim::CAgent); class membership read from RTTI, method meaning not established
94c5d0	Kaim__CPointLockManager__vfunc_02	0	medium: RTTI: slot 2 of vtable 0xaaf338 (Kaim::CPointLockManager); class membership read from RTTI, method meaning not established
94ce90	Kaim__CPointLockManager__vfunc_01	0	medium: RTTI: slot 1 of vtable 0xaaf338 (Kaim::CPointLockManager); class membership read from RTTI, method meaning not established
94cfc0	Kaim__CPointLockManager__vfunc_04	0	medium: RTTI: slot 4 of vtable 0xaaf338 (Kaim::CPointLockManager); class membership read from RTTI, method meaning not established
94d670	Kaim__CPointLockManager__vfunc_00	0	medium: RTTI: slot 0 of vtable 0xaaf338 (Kaim::CPointLockManager); class membership read from RTTI, method meaning not established
94d710	Kaim__CHierarchicalHidingTraversal__vfunc_18	0	medium: RTTI: slot 18 of vtable 0xaaf36c (Kaim::CHierarchicalHidingTraversal); class membership read from RTTI, method meaning not established
94d720	Kaim__CHierarchicalHidingTraversal__vfunc_00	0	medium: RTTI: slot 0 of vtable 0xaaf36c (Kaim::CHierarchicalHidingTraversal); class membership read from RTTI, method meaning not established
94d750	Kaim__CHierarchicalHidingTraversal__vfunc_15	0	medium: RTTI: slot 15 of vtable 0xaaf36c (Kaim::CHierarchicalHidingTraversal); class membership read from RTTI, method meaning not established
94dde0	Kaim__CHierarchicalAstarTraversal__vfunc_05	0	medium: RTTI: slot 5 of vtable 0xaaf3ec (Kaim::CHierarchicalAstarTraversal), inherited by 3 other vtables; class membership read from RTTI, method meaning not established
94de00	Kaim__CHierarchicalAstarTraversal__vfunc_16	0	medium: RTTI: slot 16 of vtable 0xaaf3ec (Kaim::CHierarchicalAstarTraversal), inherited by 3 other vtables; class membership read from RTTI, method meaning not established
94ded0	Kaim__XZ__P6APAV12____Kaim__VCHierarchicalPropagationBias____CMetaClass__vfunc_00	0	medium: RTTI: slot 0 of vtable 0xaaf448 (Kaim::XZ::P6APAV12::::Kaim::VCHierarchicalPropagationBias::?$CMetaClass), inherited by 1 other vtables; class membership read from RTTI, method meaning not established
94e090	Kaim__CHierarchicalAstarTraversal__vfunc_01	0	medium: RTTI: slot 1 of vtable 0xaaf3ec (Kaim::CHierarchicalAstarTraversal), inherited by 1 other vtables; class membership read from RTTI, method meaning not established
94e520	Kaim__CHierarchicalAstarTraversal__vfunc_00	0	medium: RTTI: slot 0 of vtable 0xaaf3ec (Kaim::CHierarchicalAstarTraversal), inherited by 1 other vtables; class membership read from RTTI, method meaning not established
94e540	Kaim__CHierarchicalAstarTraversal__vfunc_19	0	medium: RTTI: slot 19 of vtable 0xaaf3ec (Kaim::CHierarchicalAstarTraversal), inherited by 3 other vtables; class membership read from RTTI, method meaning not established
94ead0	Kaim______Kaim__VCHierarchicalAstarItem____CVarList__vfunc_00	0	medium: RTTI: slot 0 of vtable 0xaaf46c (Kaim::::::Kaim::VCHierarchicalAstarItem::?$CVarList); class membership read from RTTI, method meaning not established
94ee70	Kaim__CHierarchicalAstarTraversal__vfunc_02	0	medium: RTTI: slot 2 of vtable 0xaaf3ec (Kaim::CHierarchicalAstarTraversal), inherited by 2 other vtables; class membership read from RTTI, method meaning not established
94ef80	Kaim__CHierarchicalAstarTraversal__vfunc_18	0	medium: RTTI: slot 18 of vtable 0xaaf3ec (Kaim::CHierarchicalAstarTraversal); class membership read from RTTI, method meaning not established
94f0e0	Kaim__CHierarchicalAstarTraversal__vfunc_04	0	medium: RTTI: slot 4 of vtable 0xaaf3ec (Kaim::CHierarchicalAstarTraversal), inherited by 1 other vtables; class membership read from RTTI, method meaning not established
94f350	Kaim__CHierarchicalAstarTraversal__vfunc_13	0	medium: RTTI: slot 13 of vtable 0xaaf3ec (Kaim::CHierarchicalAstarTraversal), inherited by 3 other vtables; class membership read from RTTI, method meaning not established
94f680	Kaim__CHierarchicalGraphTraversal__vfunc_01	0	medium: RTTI: slot 1 of vtable 0xaaf4fc (Kaim::CHierarchicalGraphTraversal), inherited by 1 other vtables; class membership read from RTTI, method meaning not established
94f710	Kaim__CHierarchicalGraphTraversal__vfunc_04	0	medium: RTTI: slot 4 of vtable 0xaaf4fc (Kaim::CHierarchicalGraphTraversal), inherited by 1 other vtables; class membership read from RTTI, method meaning not established
94f770	Kaim__CHierarchicalGraphTraversal__vfunc_05	0	medium: RTTI: slot 5 of vtable 0xaaf4fc (Kaim::CHierarchicalGraphTraversal); class membership read from RTTI, method meaning not established
94f8e0	Kaim__CHierarchicalGraphTraversal__vfunc_08	0	medium: RTTI: slot 8 of vtable 0xaaf4fc (Kaim::CHierarchicalGraphTraversal), inherited by 6 other vtables; class membership read from RTTI, method meaning not established
94f9d0	Kaim__CHierarchicalGraphTraversal__vfunc_07	0	medium: RTTI: slot 7 of vtable 0xaaf4fc (Kaim::CHierarchicalGraphTraversal), inherited by 6 other vtables; class membership read from RTTI, method meaning not established
94fae0	Kaim__CHierarchicalGraphTraversal__vfunc_06	0	medium: RTTI: slot 6 of vtable 0xaaf4fc (Kaim::CHierarchicalGraphTraversal), inherited by 6 other vtables; class membership read from RTTI, method meaning not established
94fbf0	Kaim__CHierarchicalGraphTraversal__vfunc_11	0	medium: RTTI: slot 11 of vtable 0xaaf4fc (Kaim::CHierarchicalGraphTraversal), inherited by 6 other vtables; class membership read from RTTI, method meaning not established
94fce0	Kaim__CHierarchicalGraphTraversal__vfunc_10	0	medium: RTTI: slot 10 of vtable 0xaaf4fc (Kaim::CHierarchicalGraphTraversal), inherited by 6 other vtables; class membership read from RTTI, method meaning not established
94fdf0	Kaim__CHierarchicalGraphTraversal__vfunc_09	0	medium: RTTI: slot 9 of vtable 0xaaf4fc (Kaim::CHierarchicalGraphTraversal), inherited by 6 other vtables; class membership read from RTTI, method meaning not established
94ff00	Kaim__CHierarchicalGraphTraversal__vfunc_00	0	medium: RTTI: slot 0 of vtable 0xaaf4fc (Kaim::CHierarchicalGraphTraversal); class membership read from RTTI, method meaning not established
9500e0	Kaim__CHierarchicalGraphTraversal__vfunc_02	0	medium: RTTI: slot 2 of vtable 0xaaf4fc (Kaim::CHierarchicalGraphTraversal); class membership read from RTTI, method meaning not established
9502b0	Kaim__XZ__P6APAV12____Kaim__VCHierarchicalGraphTraversal____CMetaClass__vfunc_00	0	medium: RTTI: slot 0 of vtable 0xaaf3c0 (Kaim::XZ::P6APAV12::::Kaim::VCHierarchicalGraphTraversal::?$CMetaClass), inherited by 1 other vtables; class membership read from RTTI, method meaning not established
9502f0	Kaim__CHierarchicalFleeingTraversal__vfunc_18	0	medium: RTTI: slot 18 of vtable 0xaaf574 (Kaim::CHierarchicalFleeingTraversal); class membership read from RTTI, method meaning not established
950510	Kaim__CHierarchicalFleeingTraversal__vfunc_00	0	medium: RTTI: slot 0 of vtable 0xaaf574 (Kaim::CHierarchicalFleeingTraversal); class membership read from RTTI, method meaning not established
950540	Kaim__CHierarchicalFleeingTraversal__vfunc_15	0	medium: RTTI: slot 15 of vtable 0xaaf574 (Kaim::CHierarchicalFleeingTraversal); class membership read from RTTI, method meaning not established
9508f0	Kaim__CHierarchicalWanderTraversal__vfunc_18	0	medium: RTTI: slot 18 of vtable 0xaaf5ec (Kaim::CHierarchicalWanderTraversal); class membership read from RTTI, method meaning not established
950960	Kaim__CHierarchicalWanderTraversal__vfunc_17	0	medium: RTTI: slot 17 of vtable 0xaaf5ec (Kaim::CHierarchicalWanderTraversal); class membership read from RTTI, method meaning not established
950a10	Kaim__CHierarchicalWanderTraversal__vfunc_02	0	medium: RTTI: slot 2 of vtable 0xaaf5ec (Kaim::CHierarchicalWanderTraversal); class membership read from RTTI, method meaning not established
950b00	Kaim__CHierarchicalWanderTraversal__vfunc_15	0	medium: RTTI: slot 15 of vtable 0xaaf5ec (Kaim::CHierarchicalWanderTraversal); class membership read from RTTI, method meaning not established
950d90	Kaim__CHierarchicalWanderBias__vfunc_01	0	medium: RTTI: slot 1 of vtable 0xaae178 (Kaim::CHierarchicalWanderBias); class membership read from RTTI, method meaning not established
950f70	Kaim__CRefineGoal_Trivial__vfunc_05	0	medium: RTTI: slot 5 of vtable 0xaae1dc (Kaim::CRefineGoal_Trivial); class membership read from RTTI, method meaning not established
951020	Kaim__Z__PBD__2__PAVCHierarchicalPathFinder__P6APAV12____Kaim__VIRefineGoal____CMetaClass__vfunc_00	0	medium: RTTI: slot 0 of vtable 0xaaf6a4 (Kaim::Z::PBD::2::PAVCHierarchicalPathFinder::P6APAV12::::Kaim::VIRefineGoal::?$CMetaClass), inherited by 1 other vtables; class membership read from RTTI, method meaning not established
9510f0	Kaim__CDetectGoalReached_Distance2D5__vfunc_02	0	medium: RTTI: slot 2 of vtable 0xaae1f8 (Kaim::CDetectGoalReached_Distance2D5); class membership read from RTTI, method meaning not established
951160	Kaim__CDetectGoalReached_Distance2D5__vfunc_05	0	medium: RTTI: slot 5 of vtable 0xaae1f8 (Kaim::CDetectGoalReached_Distance2D5); class membership read from RTTI, method meaning not established
951200	Kaim__CDetectGoalReached_Distance2D5__vfunc_01	0	medium: RTTI: slot 1 of vtable 0xaae1f8 (Kaim::CDetectGoalReached_Distance2D5); class membership read from RTTI, method meaning not established
951370	Kaim__CDetectGoalChanged_Distance3D__vfunc_02	0	medium: RTTI: slot 2 of vtable 0xaae214 (Kaim::CDetectGoalChanged_Distance3D); class membership read from RTTI, method meaning not established
9513c0	Kaim__CDetectGoalChanged_Distance3D__vfunc_05	0	medium: RTTI: slot 5 of vtable 0xaae214 (Kaim::CDetectGoalChanged_Distance3D); class membership read from RTTI, method meaning not established
951630	Kaim__CDetectAccident_PredictMove__vfunc_02	0	medium: RTTI: slot 2 of vtable 0xaae230 (Kaim::CDetectAccident_PredictMove); class membership read from RTTI, method meaning not established
951660	Kaim__CDetectAccident_PredictMove__vfunc_03	0	medium: RTTI: slot 3 of vtable 0xaae230 (Kaim::CDetectAccident_PredictMove); class membership read from RTTI, method meaning not established
9516a0	Kaim__CDetectAccident_PredictMove__vfunc_05	0	medium: RTTI: slot 5 of vtable 0xaae230 (Kaim::CDetectAccident_PredictMove); class membership read from RTTI, method meaning not established
951820	Kaim__Z__PBD__2__PAVCHierarchicalPathFinder__P6APAV12____Kaim__VIDetectAccident____CMetaClass__vfunc_00	0	medium: RTTI: slot 0 of vtable 0xaaf71c (Kaim::Z::PBD::2::PAVCHierarchicalPathFinder::P6APAV12::::Kaim::VIDetectAccident::?$CMetaClass), inherited by 1 other vtables; class membership read from RTTI, method meaning not established
951840	Kaim__CDetectAccident_PredictMove__vfunc_01	0	medium: RTTI: slot 1 of vtable 0xaae230 (Kaim::CDetectAccident_PredictMove); class membership read from RTTI, method meaning not established
9518d0	Kaim__CDetectAccident_PredictMove__vfunc_06	0	medium: RTTI: slot 6 of vtable 0xaae230 (Kaim::CDetectAccident_PredictMove); class membership read from RTTI, method meaning not established
951c00	Kaim__CSelectPathNodeCandidate_NextPathNode__vfunc_02	0	medium: RTTI: slot 2 of vtable 0xaae250 (Kaim::CSelectPathNodeCandidate_NextPathNode); class membership read from RTTI, method meaning not established
951c50	Kaim__CSelectPathNodeCandidate_NextPathNode__vfunc_03	0	medium: RTTI: slot 3 of vtable 0xaae250 (Kaim::CSelectPathNodeCandidate_NextPathNode); class membership read from RTTI, method meaning not established
951c70	Kaim__CSelectPathNodeCandidate_NextPathNode__vfunc_05	0	medium: RTTI: slot 5 of vtable 0xaae250 (Kaim::CSelectPathNodeCandidate_NextPathNode); class membership read from RTTI, method meaning not established
951d40	Kaim__CSelectPathNodeCandidate_NextPathNode__vfunc_06	0	medium: RTTI: slot 6 of vtable 0xaae250 (Kaim::CSelectPathNodeCandidate_NextPathNode); class membership read from RTTI, method meaning not established
951e00	Kaim__CSelectPathNodeCandidate_NextPathNode__vfunc_07	0	medium: RTTI: slot 7 of vtable 0xaae250 (Kaim::CSelectPathNodeCandidate_NextPathNode); class membership read from RTTI, method meaning not established
951e30	Kaim__CSelectPathNodeCandidate_NextPathNode__vfunc_01	0	medium: RTTI: slot 1 of vtable 0xaae250 (Kaim::CSelectPathNodeCandidate_NextPathNode); class membership read from RTTI, method meaning not established
952010	Kaim__CComputeTargetPoint_Queue__vfunc_02	0	medium: RTTI: slot 2 of vtable 0xaae274 (Kaim::CComputeTargetPoint_Queue); class membership read from RTTI, method meaning not established
9520b0	Kaim__CComputeTargetPoint_Queue__vfunc_06	0	medium: RTTI: slot 6 of vtable 0xaae274 (Kaim::CComputeTargetPoint_Queue); class membership read from RTTI, method meaning not established
952170	Kaim__CComputeTargetPoint_Queue__vfunc_01	0	medium: RTTI: slot 1 of vtable 0xaae274 (Kaim::CComputeTargetPoint_Queue); class membership read from RTTI, method meaning not established
952b00	Kaim__CComputeTargetPoint_Queue__vfunc_05	0	medium: RTTI: slot 5 of vtable 0xaae274 (Kaim::CComputeTargetPoint_Queue); class membership read from RTTI, method meaning not established
953060	Kaim__CCanGo_AiMesh__vfunc_06	0	medium: RTTI: slot 6 of vtable 0xaae29c (Kaim::CCanGo_AiMesh); class membership read from RTTI, method meaning not established
953190	Kaim__CCanGo_AiMesh__vfunc_10	0	medium: RTTI: slot 10 of vtable 0xaae29c (Kaim::CCanGo_AiMesh); class membership read from RTTI, method meaning not established
9531e0	Kaim__CCanGo_AiMesh__vfunc_08	0	medium: RTTI: slot 8 of vtable 0xaae29c (Kaim::CCanGo_AiMesh); class membership read from RTTI, method meaning not established
953400	Kaim__Z__PBD__2__PAVCHierarchicalPathFinder__P6APAV12____Kaim__VICanGo____CMetaClass__vfunc_00	0	medium: RTTI: slot 0 of vtable 0xaaf80c (Kaim::Z::PBD::2::PAVCHierarchicalPathFinder::P6APAV12::::Kaim::VICanGo::?$CMetaClass), inherited by 1 other vtables; class membership read from RTTI, method meaning not established
953440	Kaim__CCanGo_AiMesh__vfunc_09	0	medium: RTTI: slot 9 of vtable 0xaae29c (Kaim::CCanGo_AiMesh); class membership read from RTTI, method meaning not established
953880	Kaim______Kaim__PAVCAiMeshLayer____CVarList__vfunc_00	0	medium: RTTI: slot 0 of vtable 0xaaf81c (Kaim::::::Kaim::PAVCAiMeshLayer::?$CVarList); class membership read from RTTI, method meaning not established
953a40	Kaim__CCanGo_AiMesh__vfunc_01	0	medium: RTTI: slot 1 of vtable 0xaae29c (Kaim::CCanGo_AiMesh); class membership read from RTTI, method meaning not established
953b00	Kaim__CCanGo_AiMesh__vfunc_02	0	medium: RTTI: slot 2 of vtable 0xaae29c (Kaim::CCanGo_AiMesh); class membership read from RTTI, method meaning not established
953d40	Kaim__CSteering_SimpleBiped__vfunc_01	0	medium: RTTI: slot 1 of vtable 0xaae2cc (Kaim::CSteering_SimpleBiped); class membership read from RTTI, method meaning not established
953ec0	Kaim__CSteering_SimpleBiped__vfunc_05	0	medium: RTTI: slot 5 of vtable 0xaae2cc (Kaim::CSteering_SimpleBiped); class membership read from RTTI, method meaning not established
954350	Kaim__CFindNodesFromPositions_NearestReachable__vfunc_05	0	medium: RTTI: slot 5 of vtable 0xaae2ec (Kaim::CFindNodesFromPositions_NearestReachable); class membership read from RTTI, method meaning not established
954470	Kaim__CHierarchicalPathFinder__vfunc_31	0	medium: RTTI: slot 31 of vtable 0xaae36c (Kaim::CHierarchicalPathFinder); class membership read from RTTI, method meaning not established
954660	Kaim__CHierarchicalPathFinder__vfunc_21	0	medium: RTTI: slot 21 of vtable 0xaae36c (Kaim::CHierarchicalPathFinder); class membership read from RTTI, method meaning not established
954730	Kaim__CHierarchicalPathFinder__vfunc_27	0	medium: RTTI: slot 27 of vtable 0xaae36c (Kaim::CHierarchicalPathFinder); class membership read from RTTI, method meaning not established
9547e0	Kaim__CHierarchicalPathFinder__vfunc_10	0	medium: RTTI: slot 10 of vtable 0xaae36c (Kaim::CHierarchicalPathFinder); class membership read from RTTI, method meaning not established
954890	Kaim__CHierarchicalPathFinder__vfunc_09	0	medium: RTTI: slot 9 of vtable 0xaae36c (Kaim::CHierarchicalPathFinder); class membership read from RTTI, method meaning not established
954bd0	Kaim__CHierarchicalPathFinder__vfunc_32	0	medium: RTTI: slot 32 of vtable 0xaae36c (Kaim::CHierarchicalPathFinder); class membership read from RTTI, method meaning not established
954da0	Kaim__CHierarchicalPathFinder__vfunc_28	0	medium: RTTI: slot 28 of vtable 0xaae36c (Kaim::CHierarchicalPathFinder); class membership read from RTTI, method meaning not established
9553d0	Kaim__CHierarchicalPathFinder__vfunc_22	0	medium: RTTI: slot 22 of vtable 0xaae36c (Kaim::CHierarchicalPathFinder); class membership read from RTTI, method meaning not established
955540	Kaim__CHierarchicalPathFinder__vfunc_29	0	medium: RTTI: slot 29 of vtable 0xaae36c (Kaim::CHierarchicalPathFinder); class membership read from RTTI, method meaning not established
955610	Kaim__CHierarchicalPathFinder__vfunc_30	0	medium: RTTI: slot 30 of vtable 0xaae36c (Kaim::CHierarchicalPathFinder); class membership read from RTTI, method meaning not established
9557f0	Kaim__CAttachedVertex__vfunc_02	0	medium: RTTI: slot 2 of vtable 0xaaea10 (Kaim::CAttachedVertex); class membership read from RTTI, method meaning not established
955860	Kaim__CGraphWrapper__vfunc_01	0	medium: RTTI: slot 1 of vtable 0xaaf8c4 (Kaim::CGraphWrapper); class membership read from RTTI, method meaning not established
9558c0	Kaim__CGraphWrapper__vfunc_03	0	medium: RTTI: slot 3 of vtable 0xaaf8c4 (Kaim::CGraphWrapper); class membership read from RTTI, method meaning not established
956640	Kaim__CNearestEnemyEntityInfo__vfunc_01	0	medium: RTTI: slot 1 of vtable 0xaaf938 (Kaim::CNearestEnemyEntityInfo); class membership read from RTTI, method meaning not established
956710	Kaim__CNearestEnemyEntityInfo__vfunc_13	0	medium: RTTI: slot 13 of vtable 0xaaf938 (Kaim::CNearestEnemyEntityInfo); class membership read from RTTI, method meaning not established
956a30	Kaim__CSound__vfunc_00	0	medium: RTTI: slot 0 of vtable 0xaaf990 (Kaim::CSound); class membership read from RTTI, method meaning not established
956a90	Kaim__CSoundManager__vfunc_06	0	medium: RTTI: slot 6 of vtable 0xaaf998 (Kaim::CSoundManager); class membership read from RTTI, method meaning not established
956be0	Kaim__CSoundManager__vfunc_00	0	medium: RTTI: slot 0 of vtable 0xaaf998 (Kaim::CSoundManager); class membership read from RTTI, method meaning not established
956c00	Kaim__CSoundManager__vfunc_03	0	medium: RTTI: slot 3 of vtable 0xaaf998 (Kaim::CSoundManager); class membership read from RTTI, method meaning not established
956c20	Kaim__CSoundManager__vfunc_01	0	medium: RTTI: slot 1 of vtable 0xaaf998 (Kaim::CSoundManager); class membership read from RTTI, method meaning not established
956d40	Kaim__CSoundManager__vfunc_02	0	medium: RTTI: slot 2 of vtable 0xaaf998 (Kaim::CSoundManager); class membership read from RTTI, method meaning not established
956eb0	Kaim__CSoundManager__vfunc_04	0	medium: RTTI: slot 4 of vtable 0xaaf998 (Kaim::CSoundManager); class membership read from RTTI, method meaning not established
957060	Kaim__CSteering_Fly__vfunc_05	0	medium: RTTI: slot 5 of vtable 0xaafa84 (Kaim::CSteering_Fly); class membership read from RTTI, method meaning not established
9571c0	Kaim__CComputeTargetPoint_ShortCut__vfunc_02	0	medium: RTTI: slot 2 of vtable 0xaafab8 (Kaim::CComputeTargetPoint_ShortCut); class membership read from RTTI, method meaning not established
957260	Kaim__CComputeTargetPoint_ShortCut__vfunc_03	0	medium: RTTI: slot 3 of vtable 0xaafab8 (Kaim::CComputeTargetPoint_ShortCut); class membership read from RTTI, method meaning not established
957320	Kaim__CComputeTargetPoint_ShortCut__vfunc_00	0	medium: RTTI: slot 0 of vtable 0xaafab8 (Kaim::CComputeTargetPoint_ShortCut); class membership read from RTTI, method meaning not established
957400	Kaim__CComputeTargetPoint_ShortCut__vfunc_01	0	medium: RTTI: slot 1 of vtable 0xaafab8 (Kaim::CComputeTargetPoint_ShortCut); class membership read from RTTI, method meaning not established
9578a0	Kaim__CComputeTargetPoint_ShortCut__vfunc_05	0	medium: RTTI: slot 5 of vtable 0xaafab8 (Kaim::CComputeTargetPoint_ShortCut); class membership read from RTTI, method meaning not established
957c50	Kaim__CComputeTargetPoint_Trivial__vfunc_05	0	medium: RTTI: slot 5 of vtable 0xaafb18 (Kaim::CComputeTargetPoint_Trivial); class membership read from RTTI, method meaning not established
957d30	Kaim__CHpfModifier__vfunc_01	0	medium: RTTI: slot 1 of vtable 0xaad05c (Kaim::CHpfModifier), inherited by 8 other vtables; class membership read from RTTI, method meaning not established
957d60	Kaim__CCanGo_RayCast__vfunc_06	0	medium: RTTI: slot 6 of vtable 0xaafb54 (Kaim::CCanGo_RayCast); class membership read from RTTI, method meaning not established
957db0	Kaim__CCanGo_RayCast__vfunc_08	0	medium: RTTI: slot 8 of vtable 0xaafb54 (Kaim::CCanGo_RayCast); class membership read from RTTI, method meaning not established
957ee0	Kaim__CDetectPathNodeReached_Distance3D__vfunc_02	0	medium: RTTI: slot 2 of vtable 0xaafb90 (Kaim::CDetectPathNodeReached_Distance3D); class membership read from RTTI, method meaning not established
957f10	Kaim__CDetectPathNodeReached_Distance3D__vfunc_05	0	medium: RTTI: slot 5 of vtable 0xaafb90 (Kaim::CDetectPathNodeReached_Distance3D); class membership read from RTTI, method meaning not established
958050	Kaim__CDetectGoalReached_DontQueue__vfunc_02	0	medium: RTTI: slot 2 of vtable 0xaafbd4 (Kaim::CDetectGoalReached_DontQueue); class membership read from RTTI, method meaning not established
9580b0	Kaim__CDetectGoalReached_DontQueue__vfunc_01	0	medium: RTTI: slot 1 of vtable 0xaafbd4 (Kaim::CDetectGoalReached_DontQueue); class membership read from RTTI, method meaning not established
958150	Kaim__CDetectGoalReached_DontQueue__vfunc_05	0	medium: RTTI: slot 5 of vtable 0xaafbd4 (Kaim::CDetectGoalReached_DontQueue); class membership read from RTTI, method meaning not established
9582d0	Kaim__CDetectGoalReached_Distance3D__vfunc_02	0	medium: RTTI: slot 2 of vtable 0xaafc14 (Kaim::CDetectGoalReached_Distance3D); class membership read from RTTI, method meaning not established
958310	Kaim__CDetectGoalReached_Distance3D__vfunc_05	0	medium: RTTI: slot 5 of vtable 0xaafc14 (Kaim::CDetectGoalReached_Distance3D); class membership read from RTTI, method meaning not established
9583b0	Kaim__CRefineGoal_NearestInsideAiMesh__vfunc_03	0	medium: RTTI: slot 3 of vtable 0xaafc54 (Kaim::CRefineGoal_NearestInsideAiMesh); class membership read from RTTI, method meaning not established
9583d0	Kaim__CRefineGoal_NearestInsideAiMesh__vfunc_05	0	medium: RTTI: slot 5 of vtable 0xaafc54 (Kaim::CRefineGoal_NearestInsideAiMesh); class membership read from RTTI, method meaning not established
9585c0	Kaim__CRefineGoal_NearestInsideAiMesh__vfunc_06	0	medium: RTTI: slot 6 of vtable 0xaafc54 (Kaim::CRefineGoal_NearestInsideAiMesh); class membership read from RTTI, method meaning not established
958950	Kaim__CRefineGoal_NearestInsideAiMesh__vfunc_07	0	medium: RTTI: slot 7 of vtable 0xaafc54 (Kaim::CRefineGoal_NearestInsideAiMesh); class membership read from RTTI, method meaning not established
958ca0	Kaim__CRepulsorDynamicAvoidance__vfunc_04	0	medium: RTTI: slot 4 of vtable 0xaafc9c (Kaim::CRepulsorDynamicAvoidance); class membership read from RTTI, method meaning not established
958fc0	Kaim__Z____2__PAVCPathFinder__P6APAV12____Kaim__VIDynamicAvoidance____CMetaClass__vfunc_00	0	medium: RTTI: slot 0 of vtable 0xaafcc4 (Kaim::Z::::2::PAVCPathFinder::P6APAV12::::Kaim::VIDynamicAvoidance::?$CMetaClass), inherited by 1 other vtables; class membership read from RTTI, method meaning not established
959e40	Kaim__CRepulsorDynamicAvoidance__vfunc_03	0	medium: RTTI: slot 3 of vtable 0xaafc9c (Kaim::CRepulsorDynamicAvoidance); class membership read from RTTI, method meaning not established
95a1c0	Kaim__CPathFinder__vfunc_26	0	medium: RTTI: slot 26 of vtable 0xaafcf4 (Kaim::CPathFinder); class membership read from RTTI, method meaning not established
95a1d0	Kaim__CPathFinder__vfunc_23	0	medium: RTTI: slot 23 of vtable 0xaafcf4 (Kaim::CPathFinder); class membership read from RTTI, method meaning not established
95a350	Kaim__CPathFinder__vfunc_27	0	medium: RTTI: slot 27 of vtable 0xaafcf4 (Kaim::CPathFinder); class membership read from RTTI, method meaning not established
95a380	Kaim__CPathFinder__vfunc_28	0	medium: RTTI: slot 28 of vtable 0xaafcf4 (Kaim::CPathFinder); class membership read from RTTI, method meaning not established
95a3b0	Kaim__CPathFinder__vfunc_29	0	medium: RTTI: slot 29 of vtable 0xaafcf4 (Kaim::CPathFinder); class membership read from RTTI, method meaning not established
95a3c0	Kaim__CPathFinder__vfunc_30	0	medium: RTTI: slot 30 of vtable 0xaafcf4 (Kaim::CPathFinder); class membership read from RTTI, method meaning not established
95a3e0	Kaim__CPathFinder__vfunc_13	0	medium: RTTI: slot 13 of vtable 0xaafcf4 (Kaim::CPathFinder); class membership read from RTTI, method meaning not established
95ac50	Kaim__CPathFinder__vfunc_35	0	medium: RTTI: slot 35 of vtable 0xaafcf4 (Kaim::CPathFinder); class membership read from RTTI, method meaning not established
95ad20	Kaim__CPathFinder__vfunc_34	0	medium: RTTI: slot 34 of vtable 0xaafcf4 (Kaim::CPathFinder); class membership read from RTTI, method meaning not established
95add0	Kaim__CPathFinder__vfunc_33	0	medium: RTTI: slot 33 of vtable 0xaafcf4 (Kaim::CPathFinder); class membership read from RTTI, method meaning not established
95ae90	Kaim__CPathFinder__vfunc_18	0	medium: RTTI: slot 18 of vtable 0xaafcf4 (Kaim::CPathFinder); class membership read from RTTI, method meaning not established
95aeb0	Kaim__CPathFinder__vfunc_20	0	medium: RTTI: slot 20 of vtable 0xaafcf4 (Kaim::CPathFinder); class membership read from RTTI, method meaning not established
95aee0	Kaim__CPathFinder__vfunc_19	0	medium: RTTI: slot 19 of vtable 0xaafcf4 (Kaim::CPathFinder); class membership read from RTTI, method meaning not established
95aff0	Kaim__CPathFinder__vfunc_25	0	medium: RTTI: slot 25 of vtable 0xaafcf4 (Kaim::CPathFinder); class membership read from RTTI, method meaning not established
95b0e0	Kaim__CPathFinder__vfunc_24	0	medium: RTTI: slot 24 of vtable 0xaafcf4 (Kaim::CPathFinder); class membership read from RTTI, method meaning not established
95b230	CPathFinder__FindNextMove__Goto	0	high: registered under this name in FUN_0095d3b0 (name string pushed immediately before the member-function pointer)
95b250	Kaim__CPathFinder__vfunc_36	0	medium: RTTI: slot 36 of vtable 0xaafcf4 (Kaim::CPathFinder); class membership read from RTTI, method meaning not established
95b260	Kaim__CPathFinder__vfunc_11	0	medium: RTTI: slot 11 of vtable 0xaafcf4 (Kaim::CPathFinder); class membership read from RTTI, method meaning not established
95b2a0	Kaim__CPathFinder__vfunc_22	0	medium: RTTI: slot 22 of vtable 0xaafcf4 (Kaim::CPathFinder); class membership read from RTTI, method meaning not established
95b2c0	Kaim__CPathFinder__vfunc_21	0	medium: RTTI: slot 21 of vtable 0xaafcf4 (Kaim::CPathFinder); class membership read from RTTI, method meaning not established
95b700	Kaim__CPathFinder__vfunc_05	0	medium: RTTI: slot 5 of vtable 0xaafcf4 (Kaim::CPathFinder); class membership read from RTTI, method meaning not established
95b8d0	Kaim__CPathFinder__vfunc_15	0	medium: RTTI: slot 15 of vtable 0xaafcf4 (Kaim::CPathFinder); class membership read from RTTI, method meaning not established
95ba60	Kaim__CPathFinder__vfunc_32	0	medium: RTTI: slot 32 of vtable 0xaafcf4 (Kaim::CPathFinder); class membership read from RTTI, method meaning not established
95c3c0	Kaim__CPathFinder__vfunc_00	0	medium: RTTI: slot 0 of vtable 0xaafcf4 (Kaim::CPathFinder); class membership read from RTTI, method meaning not established
95c510	Kaim__CPathFinder__vfunc_09	0	medium: RTTI: slot 9 of vtable 0xaafcf4 (Kaim::CPathFinder); class membership read from RTTI, method meaning not established
95c530	Kaim__CPathFinder__vfunc_10	0	medium: RTTI: slot 10 of vtable 0xaafcf4 (Kaim::CPathFinder); class membership read from RTTI, method meaning not established
95c540	Kaim__CPathFinder__vfunc_31	0	medium: RTTI: slot 31 of vtable 0xaafcf4 (Kaim::CPathFinder); class membership read from RTTI, method meaning not established
95c880	Kaim__CPathFinder__vfunc_08	0	medium: RTTI: slot 8 of vtable 0xaafcf4 (Kaim::CPathFinder); class membership read from RTTI, method meaning not established
95d2b0	Kaim__CPathFinder__vfunc_03	0	medium: RTTI: slot 3 of vtable 0xaafcf4 (Kaim::CPathFinder); class membership read from RTTI, method meaning not established
95d3b0	CPathFinder__FindNextMove__RegisterMembers	0	high: pushes 4 "CPathFinder::FindNextMove::..." member-name strings paired with member-function pointers
95d9d0	Kaim__CPathFinder__vfunc_02	0	medium: RTTI: slot 2 of vtable 0xaafcf4 (Kaim::CPathFinder); class membership read from RTTI, method meaning not established
95e5d0	Kaim______Kaim__PAVCHierarchicalGraphManagerContext____CVarList__vfunc_00	0	medium: RTTI: slot 0 of vtable 0xab0010 (Kaim::::::Kaim::PAVCHierarchicalGraphManagerContext::?$CVarList); class membership read from RTTI, method meaning not established
95e800	Kaim__CAiMeshAccessor_Hierarchic__vfunc_02	0	medium: RTTI: slot 2 of vtable 0xaafffc (Kaim::CAiMeshAccessor_Hierarchic); class membership read from RTTI, method meaning not established
95e900	Kaim__CAiMeshAccessor_Hierarchic__vfunc_03	0	medium: RTTI: slot 3 of vtable 0xaafffc (Kaim::CAiMeshAccessor_Hierarchic); class membership read from RTTI, method meaning not established
95ea00	Kaim__CAiMeshAccessor_Hierarchic__vfunc_00	0	medium: RTTI: slot 0 of vtable 0xaafffc (Kaim::CAiMeshAccessor_Hierarchic); class membership read from RTTI, method meaning not established
95ead0	Kaim__CHierarchicalHideAndShootTraversal__vfunc_05	0	medium: RTTI: slot 5 of vtable 0xab003c (Kaim::CHierarchicalHideAndShootTraversal); class membership read from RTTI, method meaning not established
95eae0	Kaim__CHierarchicalHideAndShootTraversal__vfunc_18	0	medium: RTTI: slot 18 of vtable 0xab003c (Kaim::CHierarchicalHideAndShootTraversal); class membership read from RTTI, method meaning not established
95ebe0	Kaim__CHierarchicalHideAndShootTraversal__vfunc_17	0	medium: RTTI: slot 17 of vtable 0xab003c (Kaim::CHierarchicalHideAndShootTraversal); class membership read from RTTI, method meaning not established
95ebf0	Kaim__CHierarchicalHideAndShootTraversal__vfunc_00	0	medium: RTTI: slot 0 of vtable 0xab003c (Kaim::CHierarchicalHideAndShootTraversal); class membership read from RTTI, method meaning not established
95ec10	Kaim__CHierarchicalHideAndShootTraversal__vfunc_14	0	medium: RTTI: slot 14 of vtable 0xab003c (Kaim::CHierarchicalHideAndShootTraversal); class membership read from RTTI, method meaning not established
95f4f0	Kaim__CHierarchicalHideAndShootTraversal__vfunc_01	0	medium: RTTI: slot 1 of vtable 0xab003c (Kaim::CHierarchicalHideAndShootTraversal); class membership read from RTTI, method meaning not established
95f530	Kaim__CHierarchicalHideAndShootTraversal__vfunc_02	0	medium: RTTI: slot 2 of vtable 0xab003c (Kaim::CHierarchicalHideAndShootTraversal); class membership read from RTTI, method meaning not established
95f680	Kaim__CHierarchicalFlatHandleStrategy__vfunc_04	0	medium: RTTI: slot 4 of vtable 0xab00b8 (Kaim::CHierarchicalFlatHandleStrategy); class membership read from RTTI, method meaning not established
95f6c0	Kaim__CHierarchicalFlatHandleStrategy__vfunc_09	0	medium: RTTI: slot 9 of vtable 0xab00b8 (Kaim::CHierarchicalFlatHandleStrategy); class membership read from RTTI, method meaning not established
95f8b0	Kaim__XZ__P6APAV12____Kaim__VIHierarchicalTraversalHandleStrategy____CMetaClass__vfunc_00	0	medium: RTTI: slot 0 of vtable 0xab00e8 (Kaim::XZ::P6APAV12::::Kaim::VIHierarchicalTraversalHandleStrategy::?$CMetaClass), inherited by 1 other vtables; class membership read from RTTI, method meaning not established
95f960	Kaim__CHierarchicalOpportunisticHandleStrategy__vfunc_04	0	medium: RTTI: slot 4 of vtable 0xab011c (Kaim::CHierarchicalOpportunisticHandleStrategy); class membership read from RTTI, method meaning not established
95faa0	Kaim__CHierarchicalOpportunisticHandleStrategy__vfunc_05	0	medium: RTTI: slot 5 of vtable 0xab011c (Kaim::CHierarchicalOpportunisticHandleStrategy); class membership read from RTTI, method meaning not established
95fb50	Kaim__CHierarchicalOpportunisticHandleStrategy__vfunc_07	0	medium: RTTI: slot 7 of vtable 0xab011c (Kaim::CHierarchicalOpportunisticHandleStrategy); class membership read from RTTI, method meaning not established
95fbd0	Kaim__CHierarchicalOpportunisticHandleStrategy__vfunc_08	0	medium: RTTI: slot 8 of vtable 0xab011c (Kaim::CHierarchicalOpportunisticHandleStrategy); class membership read from RTTI, method meaning not established
95fc20	Kaim__CHierarchicalOpportunisticHandleStrategy__vfunc_10	0	medium: RTTI: slot 10 of vtable 0xab011c (Kaim::CHierarchicalOpportunisticHandleStrategy); class membership read from RTTI, method meaning not established
95fc80	Kaim__CHierarchicalOpportunisticHandleStrategy__vfunc_09	0	medium: RTTI: slot 9 of vtable 0xab011c (Kaim::CHierarchicalOpportunisticHandleStrategy); class membership read from RTTI, method meaning not established
95fe10	Kaim__CHierarchicalOpportunisticHandleStrategy__vfunc_00	0	medium: RTTI: slot 0 of vtable 0xab011c (Kaim::CHierarchicalOpportunisticHandleStrategy); class membership read from RTTI, method meaning not established
95fe30	Kaim__CHierarchicalOpportunisticHandleStrategy__vfunc_01	0	medium: RTTI: slot 1 of vtable 0xab011c (Kaim::CHierarchicalOpportunisticHandleStrategy); class membership read from RTTI, method meaning not established
95fea0	Kaim__CHierarchicalOpportunisticHandleStrategy__vfunc_02	0	medium: RTTI: slot 2 of vtable 0xab011c (Kaim::CHierarchicalOpportunisticHandleStrategy); class membership read from RTTI, method meaning not established
95ffa0	Kaim__CHierarchicalIncreasingHandleStrategy__vfunc_04	0	medium: RTTI: slot 4 of vtable 0xab01a0 (Kaim::CHierarchicalIncreasingHandleStrategy); class membership read from RTTI, method meaning not established
960080	Kaim__CHierarchicalIncreasingHandleStrategy__vfunc_05	0	medium: RTTI: slot 5 of vtable 0xab01a0 (Kaim::CHierarchicalIncreasingHandleStrategy); class membership read from RTTI, method meaning not established
9600f0	Kaim__CHierarchicalIncreasingHandleStrategy__vfunc_07	0	medium: RTTI: slot 7 of vtable 0xab01a0 (Kaim::CHierarchicalIncreasingHandleStrategy); class membership read from RTTI, method meaning not established
960110	Kaim__CHierarchicalIncreasingHandleStrategy__vfunc_08	0	medium: RTTI: slot 8 of vtable 0xab01a0 (Kaim::CHierarchicalIncreasingHandleStrategy); class membership read from RTTI, method meaning not established
960140	Kaim__CHierarchicalIncreasingHandleStrategy__vfunc_10	0	medium: RTTI: slot 10 of vtable 0xab01a0 (Kaim::CHierarchicalIncreasingHandleStrategy); class membership read from RTTI, method meaning not established
9601f0	Kaim__CHierarchicalIncreasingHandleStrategy__vfunc_09	0	medium: RTTI: slot 9 of vtable 0xab01a0 (Kaim::CHierarchicalIncreasingHandleStrategy); class membership read from RTTI, method meaning not established
960320	Kaim__CHierarchicalIncreasingHandleStrategy__vfunc_00	0	medium: RTTI: slot 0 of vtable 0xab01a0 (Kaim::CHierarchicalIncreasingHandleStrategy); class membership read from RTTI, method meaning not established
960340	Kaim__CHierarchicalIncreasingHandleStrategy__vfunc_01	0	medium: RTTI: slot 1 of vtable 0xab01a0 (Kaim::CHierarchicalIncreasingHandleStrategy); class membership read from RTTI, method meaning not established
9603b0	Kaim__CHierarchicalIncreasingHandleStrategy__vfunc_02	0	medium: RTTI: slot 2 of vtable 0xab01a0 (Kaim::CHierarchicalIncreasingHandleStrategy); class membership read from RTTI, method meaning not established
9604b0	Kaim__CHierarchicalSimpleHandleStrategy__vfunc_04	0	medium: RTTI: slot 4 of vtable 0xab01fc (Kaim::CHierarchicalSimpleHandleStrategy); class membership read from RTTI, method meaning not established
960560	Kaim__CHierarchicalSimpleHandleStrategy__vfunc_10	0	medium: RTTI: slot 10 of vtable 0xab01fc (Kaim::CHierarchicalSimpleHandleStrategy); class membership read from RTTI, method meaning not established
9605d0	Kaim__CHierarchicalSimpleHandleStrategy__vfunc_09	0	medium: RTTI: slot 9 of vtable 0xab01fc (Kaim::CHierarchicalSimpleHandleStrategy); class membership read from RTTI, method meaning not established
9606f0	Kaim__CHierarchicalSimpleHandleStrategy__vfunc_00	0	medium: RTTI: slot 0 of vtable 0xab01fc (Kaim::CHierarchicalSimpleHandleStrategy); class membership read from RTTI, method meaning not established
960710	Kaim__CHierarchicalSimpleHandleStrategy__vfunc_01	0	medium: RTTI: slot 1 of vtable 0xab01fc (Kaim::CHierarchicalSimpleHandleStrategy); class membership read from RTTI, method meaning not established
960780	Kaim__CHierarchicalSimpleHandleStrategy__vfunc_02	0	medium: RTTI: slot 2 of vtable 0xab01fc (Kaim::CHierarchicalSimpleHandleStrategy); class membership read from RTTI, method meaning not established
960800	Kaim__CPathObjectManager__vfunc_02	0	medium: RTTI: slot 2 of vtable 0xab0290 (Kaim::CPathObjectManager); class membership read from RTTI, method meaning not established
960890	Kaim__CPathObjectManager__vfunc_09	0	medium: RTTI: slot 9 of vtable 0xab0290 (Kaim::CPathObjectManager); class membership read from RTTI, method meaning not established
9608d0	Kaim__CPathObjectManager__vfunc_08	0	medium: RTTI: slot 8 of vtable 0xab0290 (Kaim::CPathObjectManager); class membership read from RTTI, method meaning not established
960910	Kaim__CPathObjectManager__vfunc_06	0	medium: RTTI: slot 6 of vtable 0xab0290 (Kaim::CPathObjectManager); class membership read from RTTI, method meaning not established
9609f0	Kaim__CPathObjectManager__vfunc_07	0	medium: RTTI: slot 7 of vtable 0xab0290 (Kaim::CPathObjectManager); class membership read from RTTI, method meaning not established
960d00	Kaim______Kaim__CPathObjectManager__UPathObjectCallBack____CVarList__vfunc_00	0	medium: RTTI: slot 0 of vtable 0xab0288 (Kaim::::::Kaim::CPathObjectManager::UPathObjectCallBack::?$CVarList); class membership read from RTTI, method meaning not established
960f60	Kaim__CPathObjectManager__vfunc_01	0	medium: RTTI: slot 1 of vtable 0xab0290 (Kaim::CPathObjectManager); class membership read from RTTI, method meaning not established
961320	Kaim__CPathObjectManager__vfunc_00	0	medium: RTTI: slot 0 of vtable 0xab0290 (Kaim::CPathObjectManager); class membership read from RTTI, method meaning not established
9613a0	Kaim__CFindNearestData__vfunc_05	0	medium: RTTI: slot 5 of vtable 0xab0304 (Kaim::CFindNearestData); class membership read from RTTI, method meaning not established
9618c0	Kaim__CFindNearestData__vfunc_03	0	medium: RTTI: slot 3 of vtable 0xab0304 (Kaim::CFindNearestData); class membership read from RTTI, method meaning not established
961f40	Kaim__CFindNearestData__vfunc_01	0	medium: RTTI: slot 1 of vtable 0xab0304 (Kaim::CFindNearestData); class membership read from RTTI, method meaning not established
961f70	Kaim__CFindNearestData__vfunc_04	0	medium: RTTI: slot 4 of vtable 0xab0304 (Kaim::CFindNearestData); class membership read from RTTI, method meaning not established
9624a0	Kaim__CFindNearestData__vfunc_00	0	medium: RTTI: slot 0 of vtable 0xab0304 (Kaim::CFindNearestData); class membership read from RTTI, method meaning not established
962bc0	Kaim__CAccessWaysData__vfunc_04	0	medium: RTTI: slot 4 of vtable 0xab0354 (Kaim::CAccessWaysData); class membership read from RTTI, method meaning not established
962dc0	ComputeVisibilityTraversal__vfunc_01	0	medium: RTTI: slot 1 of vtable 0xab0384 (ComputeVisibilityTraversal); class membership read from RTTI, method meaning not established
962e20	ComputeVisibilityTraversal__vfunc_02	0	medium: RTTI: slot 2 of vtable 0xab0384 (ComputeVisibilityTraversal); class membership read from RTTI, method meaning not established
962ea0	ComputeVisibilityTraversal__vfunc_04	0	medium: RTTI: slot 4 of vtable 0xab0384 (ComputeVisibilityTraversal); class membership read from RTTI, method meaning not established
962f70	ComputeVisibilityTraversal__vfunc_03	0	medium: RTTI: slot 3 of vtable 0xab0384 (ComputeVisibilityTraversal); class membership read from RTTI, method meaning not established
962fb0	ComputeVisibilityTraversal__vfunc_00	0	medium: RTTI: slot 0 of vtable 0xab0384 (ComputeVisibilityTraversal); class membership read from RTTI, method meaning not established
962fd0	ComputeAccessWaysTraversal__vfunc_03	0	medium: RTTI: slot 3 of vtable 0xab036c (ComputeAccessWaysTraversal); class membership read from RTTI, method meaning not established
963130	Kaim__CAccessWaysData__vfunc_00	0	medium: RTTI: slot 0 of vtable 0xab0354 (Kaim::CAccessWaysData); class membership read from RTTI, method meaning not established
963150	Kaim__CAccessWaysData__vfunc_01	0	medium: RTTI: slot 1 of vtable 0xab0354 (Kaim::CAccessWaysData); class membership read from RTTI, method meaning not established
963180	Kaim__CAccessWaysData__vfunc_03	0	medium: RTTI: slot 3 of vtable 0xab0354 (Kaim::CAccessWaysData); class membership read from RTTI, method meaning not established
963490	Kaim__CAstarData__vfunc_03	0	medium: RTTI: slot 3 of vtable 0xab03c8 (Kaim::CAstarData); class membership read from RTTI, method meaning not established
963790	Kaim__CAstarData__vfunc_04	0	medium: RTTI: slot 4 of vtable 0xab03c8 (Kaim::CAstarData); class membership read from RTTI, method meaning not established
963920	Kaim__CAstarData__vfunc_00	0	medium: RTTI: slot 0 of vtable 0xab03c8 (Kaim::CAstarData); class membership read from RTTI, method meaning not established
963940	Kaim__CAstarData__vfunc_01	0	medium: RTTI: slot 1 of vtable 0xab03c8 (Kaim::CAstarData); class membership read from RTTI, method meaning not established
963eb0	Kaim__CScriptManager__vfunc_00	0	medium: RTTI: slot 0 of vtable 0xab03f0 (Kaim::CScriptManager); class membership read from RTTI, method meaning not established
964000	Kaim__CScriptManager__CScriptMap__vfunc_00	0	medium: RTTI: slot 0 of vtable 0xab040c (Kaim::CScriptManager::CScriptMap); class membership read from RTTI, method meaning not established
9640c0	Kaim__CScriptManager__vfunc_02	0	medium: RTTI: slot 2 of vtable 0xab03f0 (Kaim::CScriptManager); class membership read from RTTI, method meaning not established
9642c0	Kaim__CPointMapper__vfunc_12	0	medium: RTTI: slot 12 of vtable 0xab0450 (Kaim::CPointMapper); class membership read from RTTI, method meaning not established
964920	Kaim__CPointMapper__vfunc_11	0	medium: RTTI: slot 11 of vtable 0xab0450 (Kaim::CPointMapper); class membership read from RTTI, method meaning not established
964d00	Kaim__CPointMapper__vfunc_07	0	medium: RTTI: slot 7 of vtable 0xab0450 (Kaim::CPointMapper); class membership read from RTTI, method meaning not established
964d50	Kaim__CPointMapper__vfunc_08	0	medium: RTTI: slot 8 of vtable 0xab0450 (Kaim::CPointMapper); class membership read from RTTI, method meaning not established
964da0	Kaim__CPointMapper__vfunc_06	0	medium: RTTI: slot 6 of vtable 0xab0450 (Kaim::CPointMapper); class membership read from RTTI, method meaning not established
964e50	Kaim__CPointMapper__vfunc_10	0	medium: RTTI: slot 10 of vtable 0xab0450 (Kaim::CPointMapper); class membership read from RTTI, method meaning not established
964f80	Kaim__CPointMapper__vfunc_00	0	medium: RTTI: slot 0 of vtable 0xab0450 (Kaim::CPointMapper); class membership read from RTTI, method meaning not established
9650b0	Kaim__CPointMapper__vfunc_01	0	medium: RTTI: slot 1 of vtable 0xab0450 (Kaim::CPointMapper); class membership read from RTTI, method meaning not established
965320	Kaim__CPointMapper__vfunc_09	0	medium: RTTI: slot 9 of vtable 0xab0450 (Kaim::CPointMapper); class membership read from RTTI, method meaning not established
965a50	Kaim__CPathWayManager__vfunc_00	0	medium: RTTI: slot 0 of vtable 0xab04dc (Kaim::CPathWayManager); class membership read from RTTI, method meaning not established
965ba0	Kaim__CPathWayManager__CPathWayMap__vfunc_00	0	medium: RTTI: slot 0 of vtable 0xab04f8 (Kaim::CPathWayManager::CPathWayMap); class membership read from RTTI, method meaning not established
965c60	Kaim__CPathWayManager__vfunc_02	0	medium: RTTI: slot 2 of vtable 0xab04dc (Kaim::CPathWayManager); class membership read from RTTI, method meaning not established
965e20	Kaim__CFrustumFilter__vfunc_00	0	medium: RTTI: slot 0 of vtable 0xab051c (Kaim::CFrustumFilter); class membership read from RTTI, method meaning not established
965e50	Kaim__CFrustumFilter__vfunc_05	0	medium: RTTI: slot 5 of vtable 0xab051c (Kaim::CFrustumFilter); class membership read from RTTI, method meaning not established
966080	Kaim__CFrustumFilter__vfunc_02	0	medium: RTTI: slot 2 of vtable 0xab051c (Kaim::CFrustumFilter); class membership read from RTTI, method meaning not established
966270	Kaim__CUnconditionalFilter__vfunc_00	0	medium: RTTI: slot 0 of vtable 0xab0588 (Kaim::CUnconditionalFilter); class membership read from RTTI, method meaning not established
9663b0	Kaim__CDistanceFilter__vfunc_00	0	medium: RTTI: slot 0 of vtable 0xab05c4 (Kaim::CDistanceFilter); class membership read from RTTI, method meaning not established
9663e0	Kaim__CDistanceFilter__vfunc_05	0	medium: RTTI: slot 5 of vtable 0xab05c4 (Kaim::CDistanceFilter); class membership read from RTTI, method meaning not established
9664d0	Kaim__CDistanceFilter__vfunc_02	0	medium: RTTI: slot 2 of vtable 0xab05c4 (Kaim::CDistanceFilter); class membership read from RTTI, method meaning not established
966850	Kaim__CEntityOutline__vfunc_01	0	medium: RTTI: slot 1 of vtable 0xab0608 (Kaim::CEntityOutline); class membership read from RTTI, method meaning not established
9669f0	Kaim__CEntityOutline__vfunc_06	0	medium: RTTI: slot 6 of vtable 0xab0608 (Kaim::CEntityOutline); class membership read from RTTI, method meaning not established
966d70	Kaim__CEntityOutline__vfunc_00	0	medium: RTTI: slot 0 of vtable 0xab0608 (Kaim::CEntityOutline); class membership read from RTTI, method meaning not established
966d90	Kaim__CEntityOutline__vfunc_03	0	medium: RTTI: slot 3 of vtable 0xab0608 (Kaim::CEntityOutline); class membership read from RTTI, method meaning not established
966f50	Kaim__CEntityHearingAcuteness__vfunc_01	0	medium: RTTI: slot 1 of vtable 0xab0668 (Kaim::CEntityHearingAcuteness); class membership read from RTTI, method meaning not established
967150	Kaim__CActionShoot__vfunc_02	0	medium: RTTI: slot 2 of vtable 0xab0720 (Kaim::CActionShoot); class membership read from RTTI, method meaning not established
9674e0	Kaim__CAstarTraversal__vfunc_07	0	medium: RTTI: slot 7 of vtable 0xab1134 (Kaim::CAstarTraversal), inherited by 3 other vtables; class membership read from RTTI, method meaning not established
967500	Kaim__CFleeingTraversal__vfunc_02	0	medium: RTTI: slot 2 of vtable 0xab085c (Kaim::CFleeingTraversal); class membership read from RTTI, method meaning not established
967650	Kaim__CFleeingTraversal__vfunc_06	0	medium: RTTI: slot 6 of vtable 0xab085c (Kaim::CFleeingTraversal); class membership read from RTTI, method meaning not established
9678a0	Kaim__CFleeingTraversal__vfunc_17	0	medium: RTTI: slot 17 of vtable 0xab085c (Kaim::CFleeingTraversal); class membership read from RTTI, method meaning not established
9678b0	Kaim__XZ__P6APAV12____Kaim__VCSmartGraphTraversal____CMetaClass__vfunc_00	0	medium: RTTI: slot 0 of vtable 0xab08ac (Kaim::XZ::P6APAV12::::Kaim::VCSmartGraphTraversal::?$CMetaClass), inherited by 1 other vtables; class membership read from RTTI, method meaning not established
967a00	Kaim__CAstarTraversal__vfunc_00	0	medium: RTTI: slot 0 of vtable 0xab1134 (Kaim::CAstarTraversal), inherited by 1 other vtables; class membership read from RTTI, method meaning not established
967a90	Kaim__CFleeingTraversal__vfunc_16	0	medium: RTTI: slot 16 of vtable 0xab085c (Kaim::CFleeingTraversal); class membership read from RTTI, method meaning not established
967ae0	Kaim__CSmartGraphTraversal__vfunc_02	0	medium: RTTI: slot 2 of vtable 0xab11bc (Kaim::CSmartGraphTraversal), inherited by 2 other vtables; class membership read from RTTI, method meaning not established
967b00	Kaim__CHidingTraversal__vfunc_01	0	medium: RTTI: slot 1 of vtable 0xab08cc (Kaim::CHidingTraversal); class membership read from RTTI, method meaning not established
967ba0	Kaim__CHidingTraversal__vfunc_16	0	medium: RTTI: slot 16 of vtable 0xab08cc (Kaim::CHidingTraversal); class membership read from RTTI, method meaning not established
967de0	Kaim__CHidingTraversal__vfunc_06	0	medium: RTTI: slot 6 of vtable 0xab08cc (Kaim::CHidingTraversal); class membership read from RTTI, method meaning not established
967e00	Kaim__CHidingTraversal__vfunc_19	0	medium: RTTI: slot 19 of vtable 0xab08cc (Kaim::CHidingTraversal); class membership read from RTTI, method meaning not established
9680d0	Kaim__CHidingTraversal__vfunc_17	0	medium: RTTI: slot 17 of vtable 0xab08cc (Kaim::CHidingTraversal); class membership read from RTTI, method meaning not established
9680e0	Kaim__CHidingTraversal__vfunc_00	0	medium: RTTI: slot 0 of vtable 0xab08cc (Kaim::CHidingTraversal); class membership read from RTTI, method meaning not established
968200	Kaim__CWanderAgent__vfunc_01	0	medium: RTTI: slot 1 of vtable 0xab0938 (Kaim::CWanderAgent); class membership read from RTTI, method meaning not established
9682f0	Kaim__CWanderAgent__vfunc_03	0	medium: RTTI: slot 3 of vtable 0xab0938 (Kaim::CWanderAgent); class membership read from RTTI, method meaning not established
968340	Kaim__CWanderAgent__vfunc_05	0	medium: RTTI: slot 5 of vtable 0xab0938 (Kaim::CWanderAgent); class membership read from RTTI, method meaning not established
968360	Kaim__CWanderAgent__vfunc_06	0	medium: RTTI: slot 6 of vtable 0xab0938 (Kaim::CWanderAgent); class membership read from RTTI, method meaning not established
9685f0	Kaim__CWanderAgent__vfunc_00	0	medium: RTTI: slot 0 of vtable 0xab0938 (Kaim::CWanderAgent); class membership read from RTTI, method meaning not established
968620	Kaim__CWanderAgent__vfunc_02	0	medium: RTTI: slot 2 of vtable 0xab0938 (Kaim::CWanderAgent); class membership read from RTTI, method meaning not established
968980	Kaim__CWanderAgent__vfunc_11	0	medium: RTTI: slot 11 of vtable 0xab0938 (Kaim::CWanderAgent); class membership read from RTTI, method meaning not established
968df0	Kaim__CShootAgent__vfunc_10	0	medium: RTTI: slot 10 of vtable 0xab09bc (Kaim::CShootAgent); class membership read from RTTI, method meaning not established
968e10	Kaim__CShootAgent__vfunc_11	0	medium: RTTI: slot 11 of vtable 0xab09bc (Kaim::CShootAgent); class membership read from RTTI, method meaning not established
968e30	Kaim__CShootAgent__vfunc_12	0	medium: RTTI: slot 12 of vtable 0xab09bc (Kaim::CShootAgent); class membership read from RTTI, method meaning not established
968f70	Kaim__CShootAgent__vfunc_17	0	medium: RTTI: slot 17 of vtable 0xab09bc (Kaim::CShootAgent); class membership read from RTTI, method meaning not established
969200	Kaim__CShootAgent__vfunc_00	0	medium: RTTI: slot 0 of vtable 0xab09bc (Kaim::CShootAgent); class membership read from RTTI, method meaning not established
969220	Kaim__CShootAgent__vfunc_03	0	medium: RTTI: slot 3 of vtable 0xab09bc (Kaim::CShootAgent); class membership read from RTTI, method meaning not established
969280	Kaim__CShootAgent__vfunc_13	0	medium: RTTI: slot 13 of vtable 0xab09bc (Kaim::CShootAgent); class membership read from RTTI, method meaning not established
969660	Kaim______Kaim__VCVector____CVarList__vfunc_00	0	medium: RTTI: slot 0 of vtable 0xab0a18 (Kaim::::::Kaim::VCVector::?$CVarList); class membership read from RTTI, method meaning not established
9697c0	CShootAgent__RegisterMembers	0	high: pushes 2 "CShootAgent::..." member-name strings paired with member-function pointers
969b60	Kaim__CShootAgent__vfunc_02	0	medium: RTTI: slot 2 of vtable 0xab09bc (Kaim::CShootAgent); class membership read from RTTI, method meaning not established
96a070	Kaim__CShootAgent__vfunc_15	0	medium: RTTI: slot 15 of vtable 0xab09bc (Kaim::CShootAgent); class membership read from RTTI, method meaning not established
96a2b0	Kaim__CShootAgent__vfunc_16	0	medium: RTTI: slot 16 of vtable 0xab09bc (Kaim::CShootAgent); class membership read from RTTI, method meaning not established
96ac40	Kaim__CShootAgent__vfunc_05	0	medium: RTTI: slot 5 of vtable 0xab09bc (Kaim::CShootAgent); class membership read from RTTI, method meaning not established
96b120	Kaim__CShootAgent__vfunc_14	0	medium: RTTI: slot 14 of vtable 0xab09bc (Kaim::CShootAgent); class membership read from RTTI, method meaning not established
96b5f0	Kaim__CShootAgent__vfunc_06	0	medium: RTTI: slot 6 of vtable 0xab09bc (Kaim::CShootAgent); class membership read from RTTI, method meaning not established
96b690	Kaim__CPathWayAgent__vfunc_05	0	medium: RTTI: slot 5 of vtable 0xab0b0c (Kaim::CPathWayAgent); class membership read from RTTI, method meaning not established
96b6b0	Kaim__CPathWayAgent__vfunc_06	0	medium: RTTI: slot 6 of vtable 0xab0b0c (Kaim::CPathWayAgent); class membership read from RTTI, method meaning not established
96b8f0	Kaim__CPathWayAgent__vfunc_10	0	medium: RTTI: slot 10 of vtable 0xab0b0c (Kaim::CPathWayAgent); class membership read from RTTI, method meaning not established
96b910	Kaim__CPathWayAgent__vfunc_11	0	medium: RTTI: slot 11 of vtable 0xab0b0c (Kaim::CPathWayAgent); class membership read from RTTI, method meaning not established
96b950	Kaim__CPathWayAgent__vfunc_03	0	medium: RTTI: slot 3 of vtable 0xab0b0c (Kaim::CPathWayAgent); class membership read from RTTI, method meaning not established
96bae0	Kaim__CPathWayAgent__vfunc_00	0	medium: RTTI: slot 0 of vtable 0xab0b0c (Kaim::CPathWayAgent); class membership read from RTTI, method meaning not established
96bb10	Kaim__CPathWayAgent__vfunc_01	0	medium: RTTI: slot 1 of vtable 0xab0b0c (Kaim::CPathWayAgent); class membership read from RTTI, method meaning not established
96bc80	Kaim__CPathWayAgent__vfunc_02	0	medium: RTTI: slot 2 of vtable 0xab0b0c (Kaim::CPathWayAgent); class membership read from RTTI, method meaning not established
96bde0	Kaim__CPathWayAgent__vfunc_12	0	medium: RTTI: slot 12 of vtable 0xab0b0c (Kaim::CPathWayAgent); class membership read from RTTI, method meaning not established
96c470	Kaim__CHideAgent__vfunc_03	0	medium: RTTI: slot 3 of vtable 0xab0bbc (Kaim::CHideAgent), inherited by 1 other vtables; class membership read from RTTI, method meaning not established
96c4b0	Kaim__CHideAgent__vfunc_07	0	medium: RTTI: slot 7 of vtable 0xab0bbc (Kaim::CHideAgent); class membership read from RTTI, method meaning not established
96c4e0	Kaim__CHideAgent__vfunc_05	0	medium: RTTI: slot 5 of vtable 0xab0bbc (Kaim::CHideAgent); class membership read from RTTI, method meaning not established
96c500	Kaim__CHideAgent__vfunc_10	0	medium: RTTI: slot 10 of vtable 0xab0bbc (Kaim::CHideAgent); class membership read from RTTI, method meaning not established
96c520	Kaim__CHideAgent__vfunc_11	0	medium: RTTI: slot 11 of vtable 0xab0bbc (Kaim::CHideAgent); class membership read from RTTI, method meaning not established
96c590	Kaim__CHideAgent__vfunc_14	0	medium: RTTI: slot 14 of vtable 0xab0bbc (Kaim::CHideAgent); class membership read from RTTI, method meaning not established
96c620	Kaim__CHideAgent__vfunc_12	0	medium: RTTI: slot 12 of vtable 0xab0bbc (Kaim::CHideAgent); class membership read from RTTI, method meaning not established
96c750	Kaim__CHideAgent__vfunc_00	0	medium: RTTI: slot 0 of vtable 0xab0bbc (Kaim::CHideAgent); class membership read from RTTI, method meaning not established
96c770	Kaim__CHideAgent__vfunc_06	0	medium: RTTI: slot 6 of vtable 0xab0bbc (Kaim::CHideAgent); class membership read from RTTI, method meaning not established
96caf0	Kaim__CHideAgent__vfunc_13	0	medium: RTTI: slot 13 of vtable 0xab0bbc (Kaim::CHideAgent); class membership read from RTTI, method meaning not established
96cd90	CHideAgent__RegisterMembers	0	high: pushes 1 "CHideAgent::..." member-name strings paired with member-function pointers
96ceb0	Kaim__CHideAgent__vfunc_02	0	medium: RTTI: slot 2 of vtable 0xab0bbc (Kaim::CHideAgent); class membership read from RTTI, method meaning not established
96d090	Kaim__CGotoAgent__vfunc_01	0	medium: RTTI: slot 1 of vtable 0xab0c2c (Kaim::CGotoAgent); class membership read from RTTI, method meaning not established
96d150	Kaim__CGotoAgent__vfunc_06	0	medium: RTTI: slot 6 of vtable 0xab0c2c (Kaim::CGotoAgent); class membership read from RTTI, method meaning not established
96d350	Kaim__CGotoAgent__vfunc_00	0	medium: RTTI: slot 0 of vtable 0xab0c2c (Kaim::CGotoAgent); class membership read from RTTI, method meaning not established
96d3b0	Kaim__CFollowAgent__vfunc_11	0	medium: RTTI: slot 11 of vtable 0xab0c78 (Kaim::CFollowAgent); class membership read from RTTI, method meaning not established
96d4d0	Kaim__CFollowAgent__vfunc_00	0	medium: RTTI: slot 0 of vtable 0xab0c78 (Kaim::CFollowAgent); class membership read from RTTI, method meaning not established
96d510	CFollowAgent__RegisterMembers	0	high: pushes 1 "CFollowAgent::..." member-name strings paired with member-function pointers
96d6c0	Kaim__CFollowAgent__vfunc_02	0	medium: RTTI: slot 2 of vtable 0xab0c78 (Kaim::CFollowAgent); class membership read from RTTI, method meaning not established
96d880	Kaim__CFollowAgent__vfunc_03	0	medium: RTTI: slot 3 of vtable 0xab0c78 (Kaim::CFollowAgent); class membership read from RTTI, method meaning not established
96d950	Kaim__CFollowAgent__vfunc_12	0	medium: RTTI: slot 12 of vtable 0xab0c78 (Kaim::CFollowAgent); class membership read from RTTI, method meaning not established
96de70	Kaim__CFollowAgent__vfunc_06	0	medium: RTTI: slot 6 of vtable 0xab0c78 (Kaim::CFollowAgent); class membership read from RTTI, method meaning not established
96e120	Kaim__CFleeAgent__vfunc_03	0	medium: RTTI: slot 3 of vtable 0xab0cec (Kaim::CFleeAgent); class membership read from RTTI, method meaning not established
96e190	Kaim__CFleeAgent__vfunc_05	0	medium: RTTI: slot 5 of vtable 0xab0cec (Kaim::CFleeAgent); class membership read from RTTI, method meaning not established
96e1c0	Kaim__CFleeAgent__vfunc_10	0	medium: RTTI: slot 10 of vtable 0xab0cec (Kaim::CFleeAgent); class membership read from RTTI, method meaning not established
96e1e0	Kaim__CFleeAgent__vfunc_11	0	medium: RTTI: slot 11 of vtable 0xab0cec (Kaim::CFleeAgent); class membership read from RTTI, method meaning not established
96e280	Kaim__CFleeAgent__vfunc_12	0	medium: RTTI: slot 12 of vtable 0xab0cec (Kaim::CFleeAgent); class membership read from RTTI, method meaning not established
96e460	Kaim__CFleeAgent__vfunc_00	0	medium: RTTI: slot 0 of vtable 0xab0cec (Kaim::CFleeAgent); class membership read from RTTI, method meaning not established
96e480	Kaim__CFleeAgent__vfunc_07	0	medium: RTTI: slot 7 of vtable 0xab0cec (Kaim::CFleeAgent); class membership read from RTTI, method meaning not established
96ec00	CFleeAgent__RegisterMembers	0	high: pushes 2 "CFleeAgent::..." member-name strings paired with member-function pointers
96ed90	Kaim__CFleeAgent__vfunc_02	0	medium: RTTI: slot 2 of vtable 0xab0cec (Kaim::CFleeAgent); class membership read from RTTI, method meaning not established
96f6c0	Kaim__CFleeAgent__vfunc_06	0	medium: RTTI: slot 6 of vtable 0xab0cec (Kaim::CFleeAgent); class membership read from RTTI, method meaning not established
96f970	Kaim__CSpatialGraph__vfunc_03	0	medium: RTTI: slot 3 of vtable 0xab0db0 (Kaim::CSpatialGraph); class membership read from RTTI, method meaning not established
9704d0	Kaim__CSpatialGraph__vfunc_02	0	medium: RTTI: slot 2 of vtable 0xab0db0 (Kaim::CSpatialGraph); class membership read from RTTI, method meaning not established
970640	Kaim__CSpatialGraph__vfunc_04	0	medium: RTTI: slot 4 of vtable 0xab0db0 (Kaim::CSpatialGraph); class membership read from RTTI, method meaning not established
9707d0	Kaim__CSpatialGraph__vfunc_05	0	medium: RTTI: slot 5 of vtable 0xab0db0 (Kaim::CSpatialGraph); class membership read from RTTI, method meaning not established
970ea0	Kaim__CSpatialGraph__vfunc_09	0	medium: RTTI: slot 9 of vtable 0xab0db0 (Kaim::CSpatialGraph); class membership read from RTTI, method meaning not established
971a60	Kaim__I____CStdArray__vfunc_00	0	medium: RTTI: slot 0 of vtable 0xab0de4 (Kaim::I::?$CStdArray); class membership read from RTTI, method meaning not established
971a90	Kaim__M____CStdArray__vfunc_00	0	medium: RTTI: slot 0 of vtable 0xab0dec (Kaim::M::?$CStdArray); class membership read from RTTI, method meaning not established
971c80	Kaim__CSpatialGraph__vfunc_01	0	medium: RTTI: slot 1 of vtable 0xab0db0 (Kaim::CSpatialGraph); class membership read from RTTI, method meaning not established
9720d0	SaveFastBinaryGraphTraversal__vfunc_04	0	medium: RTTI: slot 4 of vtable 0xab0e04 (SaveFastBinaryGraphTraversal); class membership read from RTTI, method meaning not established
9721e0	SaveFastBinaryGraphTraversal__vfunc_03	0	medium: RTTI: slot 3 of vtable 0xab0e04 (SaveFastBinaryGraphTraversal); class membership read from RTTI, method meaning not established
972300	Kaim__CPath__vfunc_00	0	medium: RTTI: slot 0 of vtable 0xab0ddc (Kaim::CPath); class membership read from RTTI, method meaning not established
972580	Kaim__CSpatialGraph__vfunc_00	0	medium: RTTI: slot 0 of vtable 0xab0db0 (Kaim::CSpatialGraph); class membership read from RTTI, method meaning not established
972c90	Kaim__CSpatialGraph__vfunc_06	0	medium: RTTI: slot 6 of vtable 0xab0db0 (Kaim::CSpatialGraph); class membership read from RTTI, method meaning not established
972e10	Kaim__CSpatialGraph__vfunc_07	0	medium: RTTI: slot 7 of vtable 0xab0db0 (Kaim::CSpatialGraph); class membership read from RTTI, method meaning not established
9734a0	Kaim__CSpatialGraph__vfunc_08	0	medium: RTTI: slot 8 of vtable 0xab0db0 (Kaim::CSpatialGraph); class membership read from RTTI, method meaning not established
9743f0	_A0x5137624f__CNodePushSuccessorsTraversal__vfunc_04	0	medium: RTTI: slot 4 of vtable 0xab0e20 (?A0x5137624f::CNodePushSuccessorsTraversal); class membership read from RTTI, method meaning not established
9753f0	Kaim__Z____2__PAVCSpatialGraph__P6APAV12____Kaim__VCGraphData____CMetaClass__vfunc_00	0	medium: RTTI: slot 0 of vtable 0xaaf1a4 (Kaim::Z::::2::PAVCSpatialGraph::P6APAV12::::Kaim::VCGraphData::?$CMetaClass), inherited by 1 other vtables; class membership read from RTTI, method meaning not established
9756f0	Kaim__Z__PBD__2__PAVCHierarchicalPathFinder__P6APAV12____Kaim__VIDetectGoalReached____CMetaClass__vfunc_00	0	medium: RTTI: slot 0 of vtable 0xaaf6c4 (Kaim::Z::PBD::2::PAVCHierarchicalPathFinder::P6APAV12::::Kaim::VIDetectGoalReached::?$CMetaClass), inherited by 1 other vtables; class membership read from RTTI, method meaning not established
975880	Kaim__Z__PBD__2__PAVCHierarchicalPathFinder__P6APAV12____Kaim__VIDetectGoalChanged____CMetaClass__vfunc_00	0	medium: RTTI: slot 0 of vtable 0xaaf6f0 (Kaim::Z::PBD::2::PAVCHierarchicalPathFinder::P6APAV12::::Kaim::VIDetectGoalChanged::?$CMetaClass), inherited by 1 other vtables; class membership read from RTTI, method meaning not established
975b80	Kaim__Z__PBD__2__PAVCHierarchicalPathFinder__P6APAV12____Kaim__VISelectPathNodeCandidate____CMetaClass__vfunc_00	0	medium: RTTI: slot 0 of vtable 0xaaf754 (Kaim::Z::PBD::2::PAVCHierarchicalPathFinder::P6APAV12::::Kaim::VISelectPathNodeCandidate::?$CMetaClass), inherited by 1 other vtables; class membership read from RTTI, method meaning not established
975d10	Kaim__Z__PBD__2__PAVCHierarchicalPathFinder__P6APAV12____Kaim__VIComputeTargetPoint____CMetaClass__vfunc_00	0	medium: RTTI: slot 0 of vtable 0xaaf7b0 (Kaim::Z::PBD::2::PAVCHierarchicalPathFinder::P6APAV12::::Kaim::VIComputeTargetPoint::?$CMetaClass), inherited by 1 other vtables; class membership read from RTTI, method meaning not established
976010	Kaim__Z__PBD__2__PAVCHierarchicalPathFinder__P6APAV12____Kaim__VISteering____CMetaClass__vfunc_00	0	medium: RTTI: slot 0 of vtable 0xaaf840 (Kaim::Z::PBD::2::PAVCHierarchicalPathFinder::P6APAV12::::Kaim::VISteering::?$CMetaClass), inherited by 1 other vtables; class membership read from RTTI, method meaning not established
9761a0	Kaim__Z__PBD__2__PAVCHierarchicalPathFinder__P6APAV12____Kaim__VIFindNodesFromPositions____CMetaClass__vfunc_00	0	medium: RTTI: slot 0 of vtable 0xaaf888 (Kaim::Z::PBD::2::PAVCHierarchicalPathFinder::P6APAV12::::Kaim::VIFindNodesFromPositions::?$CMetaClass), inherited by 1 other vtables; class membership read from RTTI, method meaning not established
977890	Kaim__CHierarchicalEdgesPropagationGraphTraversal__vfunc_05	0	medium: RTTI: slot 5 of vtable 0xab0ffc (Kaim::CHierarchicalEdgesPropagationGraphTraversal); class membership read from RTTI, method meaning not established
9778b0	Kaim__CHierarchicalEdgesPropagationGraphTraversal__vfunc_19	0	medium: RTTI: slot 19 of vtable 0xab0ffc (Kaim::CHierarchicalEdgesPropagationGraphTraversal), inherited by 1 other vtables; class membership read from RTTI, method meaning not established
9778e0	Kaim__CHierarchicalEdgesPropagationGraphTraversal__vfunc_16	0	medium: RTTI: slot 16 of vtable 0xab0ffc (Kaim::CHierarchicalEdgesPropagationGraphTraversal), inherited by 1 other vtables; class membership read from RTTI, method meaning not established
9778f0	Kaim__CHierarchicalEdgesPropagationGraphTraversal__vfunc_18	0	medium: RTTI: slot 18 of vtable 0xab0ffc (Kaim::CHierarchicalEdgesPropagationGraphTraversal); class membership read from RTTI, method meaning not established
977b70	Kaim__CHierarchicalEdgesPropagationGraphTraversal__vfunc_00	0	medium: RTTI: slot 0 of vtable 0xab0ffc (Kaim::CHierarchicalEdgesPropagationGraphTraversal); class membership read from RTTI, method meaning not established
977b90	Kaim__CHierarchicalEdgesPropagationGraphTraversal__vfunc_12	0	medium: RTTI: slot 12 of vtable 0xab0ffc (Kaim::CHierarchicalEdgesPropagationGraphTraversal), inherited by 1 other vtables; class membership read from RTTI, method meaning not established
977cc0	Kaim__CHierarchicalEdgesPropagationGraphTraversal__vfunc_02	0	medium: RTTI: slot 2 of vtable 0xab0ffc (Kaim::CHierarchicalEdgesPropagationGraphTraversal); class membership read from RTTI, method meaning not established
977f90	Kaim__CScript__vfunc_00	0	medium: RTTI: slot 0 of vtable 0xab1070 (Kaim::CScript); class membership read from RTTI, method meaning not established
978100	Kaim__CScriptWP__vfunc_00	0	medium: RTTI: slot 0 of vtable 0xab109c (Kaim::CScriptWP); class membership read from RTTI, method meaning not established
978160	Kaim__CPathWay__vfunc_02	0	medium: RTTI: slot 2 of vtable 0xab10a4 (Kaim::CPathWay); class membership read from RTTI, method meaning not established
978170	Kaim__CPathWay__vfunc_00	0	medium: RTTI: slot 0 of vtable 0xab10a4 (Kaim::CPathWay); class membership read from RTTI, method meaning not established
978ae0	Kaim__CEntityInfoFilter__vfunc_05	0	medium: RTTI: slot 5 of vtable 0xab10dc (Kaim::CEntityInfoFilter); class membership read from RTTI, method meaning not established
978b00	Kaim__CEntityInfoFilter__vfunc_04	0	medium: RTTI: slot 4 of vtable 0xab10dc (Kaim::CEntityInfoFilter); class membership read from RTTI, method meaning not established
978b80	Kaim__CEntityInfoFilter__vfunc_00	0	medium: RTTI: slot 0 of vtable 0xab10dc (Kaim::CEntityInfoFilter); class membership read from RTTI, method meaning not established
978d10	Kaim__Z__PBD__P6APAV12____Kaim__VCEntityInfoFilter____CMetaClass__vfunc_00	0	medium: RTTI: slot 0 of vtable 0xab0540 (Kaim::Z::PBD::P6APAV12::::Kaim::VCEntityInfoFilter::?$CMetaClass), inherited by 1 other vtables; class membership read from RTTI, method meaning not established
978e70	Kaim__CAstarTraversal__vfunc_09	0	medium: RTTI: slot 9 of vtable 0xab1134 (Kaim::CAstarTraversal), inherited by 1 other vtables; class membership read from RTTI, method meaning not established
979140	Kaim______Kaim__CAstarTraversal__VCAstarItem____CVarList__vfunc_00	0	medium: RTTI: slot 0 of vtable 0xab119c (Kaim::::::Kaim::CAstarTraversal::VCAstarItem::?$CVarList); class membership read from RTTI, method meaning not established
979160	Kaim______Kaim__CAstarTraversal__VCAstarItem____CVarList__CCell__vfunc_00	0	medium: RTTI: slot 0 of vtable 0xab1120 (Kaim::::::Kaim::CAstarTraversal::VCAstarItem::?$CVarList::CCell); class membership read from RTTI, method meaning not established
979490	Kaim__CAstarTraversal__vfunc_18	0	medium: RTTI: slot 18 of vtable 0xab1134 (Kaim::CAstarTraversal), inherited by 1 other vtables; class membership read from RTTI, method meaning not established
9796f0	Kaim__CAstarTraversal__vfunc_02	0	medium: RTTI: slot 2 of vtable 0xab1134 (Kaim::CAstarTraversal); class membership read from RTTI, method meaning not established
979760	Kaim__CAstarTraversal__vfunc_03	0	medium: RTTI: slot 3 of vtable 0xab1134 (Kaim::CAstarTraversal), inherited by 1 other vtables; class membership read from RTTI, method meaning not established
979840	Kaim__CAstarTraversal__vfunc_06	0	medium: RTTI: slot 6 of vtable 0xab1134 (Kaim::CAstarTraversal); class membership read from RTTI, method meaning not established
979ac0	Kaim__CAstarTraversal__CPushSuccessorsNodeTraversal__vfunc_04	0	medium: RTTI: slot 4 of vtable 0xab1184 (Kaim::CAstarTraversal::CPushSuccessorsNodeTraversal); class membership read from RTTI, method meaning not established
979f20	Kaim__CAstarTraversal__vfunc_14	0	medium: RTTI: slot 14 of vtable 0xab1134 (Kaim::CAstarTraversal), inherited by 1 other vtables; class membership read from RTTI, method meaning not established
979fc0	Kaim__CAstarTraversal__vfunc_13	0	medium: RTTI: slot 13 of vtable 0xab1134 (Kaim::CAstarTraversal), inherited by 1 other vtables; class membership read from RTTI, method meaning not established
97a100	Kaim__XZ__P6APAV12____Kaim__VCPropagationBias____CMetaClass__vfunc_00	0	medium: RTTI: slot 0 of vtable 0xab1118 (Kaim::XZ::P6APAV12::::Kaim::VCPropagationBias::?$CMetaClass), inherited by 1 other vtables; class membership read from RTTI, method meaning not established
97a140	Kaim__CSmartGraphTraversal__vfunc_01	0	medium: RTTI: slot 1 of vtable 0xab11bc (Kaim::CSmartGraphTraversal), inherited by 3 other vtables; class membership read from RTTI, method meaning not established
97a1d0	Kaim__CSmartGraphTraversal__vfunc_09	0	medium: RTTI: slot 9 of vtable 0xab11bc (Kaim::CSmartGraphTraversal), inherited by 2 other vtables; class membership read from RTTI, method meaning not established
97a2a0	Kaim__CSmartGraphTraversal__vfunc_08	0	medium: RTTI: slot 8 of vtable 0xab11bc (Kaim::CSmartGraphTraversal), inherited by 2 other vtables; class membership read from RTTI, method meaning not established
97a3a0	Kaim__CSmartGraphTraversal__vfunc_07	0	medium: RTTI: slot 7 of vtable 0xab11bc (Kaim::CSmartGraphTraversal), inherited by 2 other vtables; class membership read from RTTI, method meaning not established
97a4a0	Kaim__CSmartGraphTraversal__vfunc_12	0	medium: RTTI: slot 12 of vtable 0xab11bc (Kaim::CSmartGraphTraversal), inherited by 4 other vtables; class membership read from RTTI, method meaning not established
97a570	Kaim__CSmartGraphTraversal__vfunc_11	0	medium: RTTI: slot 11 of vtable 0xab11bc (Kaim::CSmartGraphTraversal), inherited by 4 other vtables; class membership read from RTTI, method meaning not established
97a670	Kaim__CSmartGraphTraversal__vfunc_10	0	medium: RTTI: slot 10 of vtable 0xab11bc (Kaim::CSmartGraphTraversal), inherited by 4 other vtables; class membership read from RTTI, method meaning not established
97a770	Kaim__CSmartGraphTraversal__vfunc_03	0	medium: RTTI: slot 3 of vtable 0xab11bc (Kaim::CSmartGraphTraversal); class membership read from RTTI, method meaning not established
97ab10	Kaim__CPropagationGraphTraversal__vfunc_06	0	medium: RTTI: slot 6 of vtable 0xab1214 (Kaim::CPropagationGraphTraversal); class membership read from RTTI, method meaning not established
97ab60	Kaim__CPropagationGraphTraversal__vfunc_19	0	medium: RTTI: slot 19 of vtable 0xab1214 (Kaim::CPropagationGraphTraversal); class membership read from RTTI, method meaning not established
97abf0	Kaim__CPropagationGraphTraversal__vfunc_18	0	medium: RTTI: slot 18 of vtable 0xab1214 (Kaim::CPropagationGraphTraversal), inherited by 1 other vtables; class membership read from RTTI, method meaning not established
97acd0	Kaim__CPropagationGraphTraversal__vfunc_00	0	medium: RTTI: slot 0 of vtable 0xab1214 (Kaim::CPropagationGraphTraversal); class membership read from RTTI, method meaning not established
97acf0	Kaim__CPropagationGraphTraversal__vfunc_03	0	medium: RTTI: slot 3 of vtable 0xab1214 (Kaim::CPropagationGraphTraversal), inherited by 1 other vtables; class membership read from RTTI, method meaning not established
97ada0	_A0x4eeb077c__CPropagationVertexTraversal__vfunc_04	0	medium: RTTI: slot 4 of vtable 0xab1268 (?A0x4eeb077c::CPropagationVertexTraversal); class membership read from RTTI, method meaning not established
97b130	Kaim__CPropagationGraphTraversal__vfunc_13	0	medium: RTTI: slot 13 of vtable 0xab1214 (Kaim::CPropagationGraphTraversal), inherited by 1 other vtables; class membership read from RTTI, method meaning not established
97b140	Kaim__CPropagationGraphTraversal__vfunc_14	0	medium: RTTI: slot 14 of vtable 0xab1214 (Kaim::CPropagationGraphTraversal), inherited by 1 other vtables; class membership read from RTTI, method meaning not established
97c790	_A0x8bec2522__FindNearestLocallyVisibleTraversal__vfunc_01	0	medium: RTTI: slot 1 of vtable 0xab1288 (?A0x8bec2522::FindNearestLocallyVisibleTraversal); class membership read from RTTI, method meaning not established
97c800	_A0x8bec2522__FindNearestVertexTraversal__vfunc_01	0	medium: RTTI: slot 1 of vtable 0xab12a0 (?A0x8bec2522::FindNearestVertexTraversal); class membership read from RTTI, method meaning not established
97c820	_A0x8bec2522__FindNearestVertexTraversal__vfunc_03	0	medium: RTTI: slot 3 of vtable 0xab12a0 (?A0x8bec2522::FindNearestVertexTraversal); class membership read from RTTI, method meaning not established
97c8d0	_A0x8bec2522__FindNearestLocallyVisibleTraversal__vfunc_03	0	medium: RTTI: slot 3 of vtable 0xab1288 (?A0x8bec2522::FindNearestLocallyVisibleTraversal); class membership read from RTTI, method meaning not established
97d6e0	thunk_DirectInput8Create	0	high: jmp [IAT] thunk
97e6f0	thunk_ord11	0	high: jmp [IAT] thunk
97e6f6	thunk_WSAFDIsSet	0	high: jmp [IAT] thunk
97e6fc	thunk_ord3	0	high: jmp [IAT] thunk
97e702	thunk_ord2	0	high: jmp [IAT] thunk
97e708	thunk_D3DPERF_BeginEvent	0	high: jmp [IAT] thunk
97e70e	thunk_D3DPERF_EndEvent	0	high: jmp [IAT] thunk
97e714	thunk_Direct3DCreate9	0	high: jmp [IAT] thunk
97e71a	thunk_D3DXCompileShaderFromFileA	0	high: jmp [IAT] thunk
97e720	thunk_D3DXLoadSurfaceFromSurface	0	high: jmp [IAT] thunk
97e726	thunk_D3DXCompileShader	0	high: jmp [IAT] thunk
990ae8	type_info__vfunc_00	0	medium: RTTI: slot 0 of vtable 0xac9d74 (type_info); class membership read from RTTI, method meaning not established
993de0	std__exception__vfunc_01	0	medium: RTTI: slot 1 of vtable 0xac9e24 (std::exception), inherited by 1 other vtables; class membership read from RTTI, method meaning not established
993ded	std__exception__vfunc_00	0	medium: RTTI: slot 0 of vtable 0xac9e24 (std::exception); class membership read from RTTI, method meaning not established
99b5b7	std__bad_exception__vfunc_00	0	medium: RTTI: slot 0 of vtable 0xad0c10 (std::bad_exception); class membership read from RTTI, method meaning not established
9a9550	Kaim__CGoto_GapDynamicAvoidance__vfunc_00	0	medium: RTTI: slot 0 of vtable 0xad7efc (Kaim::CGoto_GapDynamicAvoidance); class membership read from RTTI, method meaning not established
9a9570	Kaim__CGoto_GapDynamicAvoidance__vfunc_03	0	medium: RTTI: slot 3 of vtable 0xad7efc (Kaim::CGoto_GapDynamicAvoidance); class membership read from RTTI, method meaning not established
9a9630	Kaim__CGoto_GapDynamicAvoidance__vfunc_05	0	medium: RTTI: slot 5 of vtable 0xad7efc (Kaim::CGoto_GapDynamicAvoidance); class membership read from RTTI, method meaning not established
9a9e40	Kaim______Kaim__CGoto_GapDynamicAvoidance__VCCandidate____CVarList__vfunc_00	0	medium: RTTI: slot 0 of vtable 0xad7f50 (Kaim::::::Kaim::CGoto_GapDynamicAvoidance::VCCandidate::?$CVarList); class membership read from RTTI, method meaning not established
9a9f10	Kaim__CGoto_GapDynamicAvoidance__vfunc_07	0	medium: RTTI: slot 7 of vtable 0xad7efc (Kaim::CGoto_GapDynamicAvoidance); class membership read from RTTI, method meaning not established
9aa050	Kaim__CGoto_GapDynamicAvoidance__vfunc_01	0	medium: RTTI: slot 1 of vtable 0xad7efc (Kaim::CGoto_GapDynamicAvoidance); class membership read from RTTI, method meaning not established
9aa810	Kaim__CGapDynamicAvoidance_v2__vfunc_09	0	medium: RTTI: slot 9 of vtable 0xad7fdc (Kaim::CGapDynamicAvoidance_v2); class membership read from RTTI, method meaning not established
9aa8d0	Kaim__CGapDynamicAvoidance_v2__vfunc_00	0	medium: RTTI: slot 0 of vtable 0xad7fdc (Kaim::CGapDynamicAvoidance_v2); class membership read from RTTI, method meaning not established
9aa8f0	Kaim__CGapDynamicAvoidance_v2__vfunc_04	0	medium: RTTI: slot 4 of vtable 0xad7fdc (Kaim::CGapDynamicAvoidance_v2); class membership read from RTTI, method meaning not established
9ab0c0	Kaim__CGapDynamicAvoidance_v2__vfunc_06	0	medium: RTTI: slot 6 of vtable 0xad7fdc (Kaim::CGapDynamicAvoidance_v2); class membership read from RTTI, method meaning not established
9ab1b0	Kaim__CGapDynamicAvoidance_v2__vfunc_03	0	medium: RTTI: slot 3 of vtable 0xad7fdc (Kaim::CGapDynamicAvoidance_v2); class membership read from RTTI, method meaning not established
9aba00	Kaim______Kaim__CGapDynamicAvoidance_v2__VCCandidate____CVarList__vfunc_00	0	medium: RTTI: slot 0 of vtable 0xad803c (Kaim::::::Kaim::CGapDynamicAvoidance_v2::VCCandidate::?$CVarList); class membership read from RTTI, method meaning not established
9abc60	Kaim__CGapDynamicAvoidance_v2__vfunc_05	0	medium: RTTI: slot 5 of vtable 0xad7fdc (Kaim::CGapDynamicAvoidance_v2); class membership read from RTTI, method meaning not established
9abe90	Kaim__CGapDynamicAvoidance__vfunc_00	0	medium: RTTI: slot 0 of vtable 0xad806c (Kaim::CGapDynamicAvoidance); class membership read from RTTI, method meaning not established
9abeb0	Kaim__CGapDynamicAvoidance__vfunc_06	0	medium: RTTI: slot 6 of vtable 0xad806c (Kaim::CGapDynamicAvoidance); class membership read from RTTI, method meaning not established
9abf60	Kaim__CGapDynamicAvoidance__vfunc_03	0	medium: RTTI: slot 3 of vtable 0xad806c (Kaim::CGapDynamicAvoidance); class membership read from RTTI, method meaning not established
9ac720	Kaim______Kaim__CGapDynamicAvoidance__VCCandidate____CVarList__vfunc_00	0	medium: RTTI: slot 0 of vtable 0xad80c4 (Kaim::::::Kaim::CGapDynamicAvoidance::VCCandidate::?$CVarList); class membership read from RTTI, method meaning not established
9ac990	Kaim__CGapDynamicAvoidance__vfunc_05	0	medium: RTTI: slot 5 of vtable 0xad806c (Kaim::CGapDynamicAvoidance); class membership read from RTTI, method meaning not established
9acad0	Kaim__CGapDynamicAvoidance__vfunc_04	0	medium: RTTI: slot 4 of vtable 0xad806c (Kaim::CGapDynamicAvoidance); class membership read from RTTI, method meaning not established
9ad2f0	Kaim__CAiMeshLayerManager__vfunc_01	0	medium: RTTI: slot 1 of vtable 0xad80e8 (Kaim::CAiMeshLayerManager); class membership read from RTTI, method meaning not established
9ad3f0	Kaim__CAiMeshLayerManager__vfunc_04	0	medium: RTTI: slot 4 of vtable 0xad80e8 (Kaim::CAiMeshLayerManager); class membership read from RTTI, method meaning not established
9ad4c0	Kaim__CAiMeshLayerManager__vfunc_00	0	medium: RTTI: slot 0 of vtable 0xad80e8 (Kaim::CAiMeshLayerManager); class membership read from RTTI, method meaning not established
9ad590	Kaim__CAiMeshLayerManager__vfunc_02	0	medium: RTTI: slot 2 of vtable 0xad80e8 (Kaim::CAiMeshLayerManager); class membership read from RTTI, method meaning not established
9adb60	Kaim______Kaim__CAiMesh__PBUCLocalMap____CVarList__vfunc_00	0	medium: RTTI: slot 0 of vtable 0xad8158 (Kaim::::::Kaim::CAiMesh::PBUCLocalMap::?$CVarList); class membership read from RTTI, method meaning not established
9ae060	Kaim______Kaim__CObstaclesLayer__VCObstacleRecord____CVarList__vfunc_00	0	medium: RTTI: slot 0 of vtable 0xad81d8 (Kaim::::::Kaim::CObstaclesLayer::VCObstacleRecord::?$CVarList); class membership read from RTTI, method meaning not established
9ae300	Kaim______Kaim__PAVCAiMeshAccessor____CVarList__vfunc_00	0	medium: RTTI: slot 0 of vtable 0xad81e0 (Kaim::::::Kaim::PAVCAiMeshAccessor::?$CVarList); class membership read from RTTI, method meaning not established
9ae590	Kaim______Kaim__PAVCObstaclesAccessor____CVarList__vfunc_00	0	medium: RTTI: slot 0 of vtable 0xad81e8 (Kaim::::::Kaim::PAVCObstaclesAccessor::?$CVarList); class membership read from RTTI, method meaning not established
9ae820	Kaim______Kaim__CObstaclesLayer__VCUInt32Pair____CVarList__vfunc_00	0	medium: RTTI: slot 0 of vtable 0xad81f0 (Kaim::::::Kaim::CObstaclesLayer::VCUInt32Pair::?$CVarList); class membership read from RTTI, method meaning not established
9ae9d0	Kaim______Kaim______Kaim__CObstaclesLayer__VCMeshRecord____CVarList__VCIterator____CVarList__vfunc_00	0	medium: RTTI: slot 0 of vtable 0xad81f8 (Kaim::::::Kaim::::::Kaim::CObstaclesLayer::VCMeshRecord::?$CVarList::VCIterator::?$CVarList); class membership read from RTTI, method meaning not established
9aeb00	Kaim______Kaim__CObstaclesLayer__VCObstacleRecord____CVarList__CCell__vfunc_00	0	medium: RTTI: slot 0 of vtable 0xad8160 (Kaim::::::Kaim::CObstaclesLayer::VCObstacleRecord::?$CVarList::CCell); class membership read from RTTI, method meaning not established
9aeb60	Kaim______Kaim__CObstaclesLayer__VCMeshRecord____CVarList__CCell__vfunc_00	0	medium: RTTI: slot 0 of vtable 0xad8200 (Kaim::::::Kaim::CObstaclesLayer::VCMeshRecord::?$CVarList::CCell); class membership read from RTTI, method meaning not established
9aebc0	Kaim______Kaim__CObstaclesLayer__VCUInt32Pair____CVarList__CCell__vfunc_00	0	medium: RTTI: slot 0 of vtable 0xad8178 (Kaim::::::Kaim::CObstaclesLayer::VCUInt32Pair::?$CVarList::CCell); class membership read from RTTI, method meaning not established
9aec20	Kaim______Kaim______Kaim__CObstaclesLayer__VCMeshRecord____CVarList__VCIterator____CVarList__CCell__vfunc_00	0	medium: RTTI: slot 0 of vtable 0xad8180 (Kaim::::::Kaim::::::Kaim::CObstaclesLayer::VCMeshRecord::?$CVarList::VCIterator::?$CVarList::CCell); class membership read from RTTI, method meaning not established
9aeed0	Kaim__CObstaclesLayer__vfunc_01	0	medium: RTTI: slot 1 of vtable 0xad8194 (Kaim::CObstaclesLayer); class membership read from RTTI, method meaning not established
9af370	Kaim__CObstaclesLayer__vfunc_05	0	medium: RTTI: slot 5 of vtable 0xad8194 (Kaim::CObstaclesLayer); class membership read from RTTI, method meaning not established
9af4a0	Kaim__CObstaclesLayer__vfunc_07	0	medium: RTTI: slot 7 of vtable 0xad8194 (Kaim::CObstaclesLayer); class membership read from RTTI, method meaning not established
9af620	Kaim__CObstaclesLayer__vfunc_09	0	medium: RTTI: slot 9 of vtable 0xad8194 (Kaim::CObstaclesLayer); class membership read from RTTI, method meaning not established
9af910	Kaim__CObstaclesLayer__vfunc_10	0	medium: RTTI: slot 10 of vtable 0xad8194 (Kaim::CObstaclesLayer); class membership read from RTTI, method meaning not established
9afa00	Kaim__CObstaclesLayer__vfunc_11	0	medium: RTTI: slot 11 of vtable 0xad8194 (Kaim::CObstaclesLayer); class membership read from RTTI, method meaning not established
9afc60	Kaim__CObstaclesLayer__vfunc_12	0	medium: RTTI: slot 12 of vtable 0xad8194 (Kaim::CObstaclesLayer); class membership read from RTTI, method meaning not established
9b04f0	Kaim__CObstaclesLayer__vfunc_13	0	medium: RTTI: slot 13 of vtable 0xad8194 (Kaim::CObstaclesLayer); class membership read from RTTI, method meaning not established
9b05b0	Kaim__CObstaclesLayer__vfunc_14	0	medium: RTTI: slot 14 of vtable 0xad8194 (Kaim::CObstaclesLayer); class membership read from RTTI, method meaning not established
9b08e0	Kaim______Kaim__CObstaclesLayer__VCMeshRecord____CVarList__vfunc_00	0	medium: RTTI: slot 0 of vtable 0xad822c (Kaim::::::Kaim::CObstaclesLayer::VCMeshRecord::?$CVarList); class membership read from RTTI, method meaning not established
9b0900	Kaim__CObstaclesLayer__vfunc_00	0	medium: RTTI: slot 0 of vtable 0xad8194 (Kaim::CObstaclesLayer); class membership read from RTTI, method meaning not established
9b0ac0	Kaim__CObstaclesLayer__vfunc_04	0	medium: RTTI: slot 4 of vtable 0xad8194 (Kaim::CObstaclesLayer); class membership read from RTTI, method meaning not established
9b1150	Kaim__CObstaclesLayer__vfunc_02	0	medium: RTTI: slot 2 of vtable 0xad8194 (Kaim::CObstaclesLayer); class membership read from RTTI, method meaning not established
9b1530	Kaim__CObstaclesLayer__vfunc_15	0	medium: RTTI: slot 15 of vtable 0xad8194 (Kaim::CObstaclesLayer); class membership read from RTTI, method meaning not established
9b16c0	Kaim__XZ__P6APAV12____Kaim__VCAiMeshAccessor____CMetaClass__vfunc_00	0	medium: RTTI: slot 0 of vtable 0xaaffec (Kaim::XZ::P6APAV12::::Kaim::VCAiMeshAccessor::?$CMetaClass), inherited by 1 other vtables; class membership read from RTTI, method meaning not established
9b16e0	Kaim__CGoto_GapDynamicAvoidance__vfunc_10	0	medium: RTTI: slot 10 of vtable 0xad7efc (Kaim::CGoto_GapDynamicAvoidance); class membership read from RTTI, method meaning not established
9b1b00	Kaim__CGoto_GapDynamicAvoidance__vfunc_11	0	medium: RTTI: slot 11 of vtable 0xad7efc (Kaim::CGoto_GapDynamicAvoidance); class membership read from RTTI, method meaning not established
9b24d0	Kaim__CGoto_GapDynamicAvoidance__vfunc_09	0	medium: RTTI: slot 9 of vtable 0xad7efc (Kaim::CGoto_GapDynamicAvoidance); class membership read from RTTI, method meaning not established
9b2b90	Kaim__CGoto_GapDynamicAvoidance__vfunc_08	0	medium: RTTI: slot 8 of vtable 0xad7efc (Kaim::CGoto_GapDynamicAvoidance); class membership read from RTTI, method meaning not established
9b2e40	Kaim__CGoto_GapDynamicAvoidance__vfunc_14	0	medium: RTTI: slot 14 of vtable 0xad7efc (Kaim::CGoto_GapDynamicAvoidance); class membership read from RTTI, method meaning not established
9b3130	Kaim__CGoto_GapDynamicAvoidance__vfunc_15	0	medium: RTTI: slot 15 of vtable 0xad7efc (Kaim::CGoto_GapDynamicAvoidance); class membership read from RTTI, method meaning not established
9b35a0	Kaim__CGoto_GapDynamicAvoidance__vfunc_13	0	medium: RTTI: slot 13 of vtable 0xad7efc (Kaim::CGoto_GapDynamicAvoidance); class membership read from RTTI, method meaning not established
9b4770	Kaim__CGoto_GapDynamicAvoidance__vfunc_12	0	medium: RTTI: slot 12 of vtable 0xad7efc (Kaim::CGoto_GapDynamicAvoidance); class membership read from RTTI, method meaning not established
9b4aa0	Kaim__CGapDynamicAvoidance_v2__vfunc_12	0	medium: RTTI: slot 12 of vtable 0xad7fdc (Kaim::CGapDynamicAvoidance_v2); class membership read from RTTI, method meaning not established
9b5010	Kaim__CGapDynamicAvoidance_v2__vfunc_13	0	medium: RTTI: slot 13 of vtable 0xad7fdc (Kaim::CGapDynamicAvoidance_v2); class membership read from RTTI, method meaning not established
9b59f0	Kaim__CGapDynamicAvoidance_v2__vfunc_11	0	medium: RTTI: slot 11 of vtable 0xad7fdc (Kaim::CGapDynamicAvoidance_v2); class membership read from RTTI, method meaning not established
9b6250	Kaim__CGapDynamicAvoidance_v2__vfunc_02	0	medium: RTTI: slot 2 of vtable 0xad7fdc (Kaim::CGapDynamicAvoidance_v2); class membership read from RTTI, method meaning not established
9b6710	Kaim__CGapDynamicAvoidance_v2__vfunc_10	0	medium: RTTI: slot 10 of vtable 0xad7fdc (Kaim::CGapDynamicAvoidance_v2); class membership read from RTTI, method meaning not established
9b69c0	Kaim__CGapDynamicAvoidance_v2__vfunc_16	0	medium: RTTI: slot 16 of vtable 0xad7fdc (Kaim::CGapDynamicAvoidance_v2); class membership read from RTTI, method meaning not established
9b6b40	Kaim__CGapDynamicAvoidance_v2__vfunc_17	0	medium: RTTI: slot 17 of vtable 0xad7fdc (Kaim::CGapDynamicAvoidance_v2); class membership read from RTTI, method meaning not established
9b6df0	Kaim__CGapDynamicAvoidance_v2__vfunc_18	0	medium: RTTI: slot 18 of vtable 0xad7fdc (Kaim::CGapDynamicAvoidance_v2); class membership read from RTTI, method meaning not established
9b6fb0	Kaim__CGapDynamicAvoidance_v2__vfunc_15	0	medium: RTTI: slot 15 of vtable 0xad7fdc (Kaim::CGapDynamicAvoidance_v2); class membership read from RTTI, method meaning not established
9b8bf0	Kaim__CGapDynamicAvoidance_v2__vfunc_14	0	medium: RTTI: slot 14 of vtable 0xad7fdc (Kaim::CGapDynamicAvoidance_v2); class membership read from RTTI, method meaning not established
9b8c80	Kaim__CGapDynamicAvoidance__vfunc_11	0	medium: RTTI: slot 11 of vtable 0xad806c (Kaim::CGapDynamicAvoidance); class membership read from RTTI, method meaning not established
9b90a0	Kaim__CGapDynamicAvoidance__vfunc_12	0	medium: RTTI: slot 12 of vtable 0xad806c (Kaim::CGapDynamicAvoidance); class membership read from RTTI, method meaning not established
9b9a70	Kaim__CGapDynamicAvoidance__vfunc_10	0	medium: RTTI: slot 10 of vtable 0xad806c (Kaim::CGapDynamicAvoidance); class membership read from RTTI, method meaning not established
9ba110	Kaim__CGapDynamicAvoidance__vfunc_09	0	medium: RTTI: slot 9 of vtable 0xad806c (Kaim::CGapDynamicAvoidance); class membership read from RTTI, method meaning not established
9ba3c0	Kaim__CGapDynamicAvoidance__vfunc_15	0	medium: RTTI: slot 15 of vtable 0xad806c (Kaim::CGapDynamicAvoidance); class membership read from RTTI, method meaning not established
9ba6b0	Kaim__CGapDynamicAvoidance__vfunc_16	0	medium: RTTI: slot 16 of vtable 0xad806c (Kaim::CGapDynamicAvoidance); class membership read from RTTI, method meaning not established
9baa00	Kaim__CGapDynamicAvoidance__vfunc_14	0	medium: RTTI: slot 14 of vtable 0xad806c (Kaim::CGapDynamicAvoidance); class membership read from RTTI, method meaning not established
9bbbd0	Kaim__CGapDynamicAvoidance__vfunc_13	0	medium: RTTI: slot 13 of vtable 0xad806c (Kaim::CGapDynamicAvoidance); class membership read from RTTI, method meaning not established
